{"v":"5.3.4","fr":60,"ip":0,"op":223,"w":762,"h":590,"nm":"money 2","ddd":1,"assets":[],"layers":[{"ddd":0,"ind":1,"ty":4,"nm":"Слой 23","sr":1,"ks":{"o":{"a":0,"k":100,"ix":11},"r":{"a":0,"k":0,"ix":10},"p":{"a":1,"k":[{"i":{"x":0.492,"y":1},"o":{"x":0.333,"y":0},"n":"0p492_1_0p333_0","t":33,"s":[248,293,0],"e":[414,257,0],"to":[27.6666660308838,-6,0],"ti":[0,0,0]},{"i":{"x":0.44,"y":1},"o":{"x":0.333,"y":0},"n":"0p44_1_0p333_0","t":59,"s":[414,257,0],"e":[332,284,0],"to":[0,0,0],"ti":[0,0,0]},{"i":{"x":0.518,"y":0.518},"o":{"x":0.333,"y":0.333},"n":"0p518_0p518_0p333_0p333","t":79,"s":[332,284,0],"e":[332,284,0],"to":[0,0,0],"ti":[0,0,0]},{"i":{"x":0.321,"y":1},"o":{"x":0.333,"y":0},"n":"0p321_1_0p333_0","t":134,"s":[332,284,0],"e":[332,347,0],"to":[0,0,0],"ti":[0,0,0]},{"i":{"x":0.465,"y":1},"o":{"x":0.333,"y":0},"n":"0p465_1_0p333_0","t":154,"s":[332,347,0],"e":[255,280,0],"to":[0,0,0],"ti":[0,0,0]},{"t":185}],"ix":2},"a":{"a":0,"k":[0,0,0],"ix":1},"s":{"a":0,"k":[100,100,100],"ix":6}},"ao":0,"shapes":[{"ty":"gr","it":[{"ind":0,"ty":"sh","ix":1,"ks":{"a":0,"k":{"i":[[0,0],[0,0],[0,-5.5],[0,0]],"o":[[0,0],[5.5,0],[0,0],[0,0]],"v":[[-152.777,-229.848],[312.081,-229.848],[322.081,-219.848],[322.081,23.08]],"c":false},"ix":2},"nm":"Path 1","mn":"ADBE Vector Shape - Group","hd":false},{"ty":"st","c":{"a":0,"k":[0,0,0,1],"ix":3},"o":{"a":0,"k":100,"ix":4},"w":{"a":0,"k":40,"ix":5},"lc":2,"lj":2,"nm":"Stroke 1","mn":"ADBE Vector Graphic - Stroke","hd":false},{"ty":"tr","p":{"a":0,"k":[0,0],"ix":2},"a":{"a":0,"k":[0,0],"ix":1},"s":{"a":0,"k":[100,100],"ix":3},"r":{"a":0,"k":0,"ix":6},"o":{"a":0,"k":100,"ix":7},"sk":{"a":0,"k":0,"ix":4},"sa":{"a":0,"k":0,"ix":5},"nm":"Transform"}],"nm":"Group 1","np":2,"cix":2,"ix":1,"mn":"ADBE Vector Group","hd":false}],"ip":24,"op":185,"st":4,"bm":0},{"ddd":0,"ind":2,"ty":4,"nm":"Слой 22","sr":1,"ks":{"o":{"a":0,"k":100,"ix":11},"r":{"a":0,"k":0,"ix":10},"p":{"a":1,"k":[{"i":{"x":0.342,"y":1},"o":{"x":0.333,"y":0},"n":"0p342_1_0p333_0","t":40,"s":[297.641,280.066,0],"e":[380,284,0],"to":[21.6951522827148,-16.0823707580566,0],"ti":[2.37739062309265,1.69813621044159,0]},{"i":{"x":0.44,"y":1},"o":{"x":0.333,"y":0},"n":"0p44_1_0p333_0","t":59,"s":[380,284,0],"e":[332,284,0],"to":[-3.5,-2.5,0],"ti":[8,0,0]},{"i":{"x":0.518,"y":0.518},"o":{"x":0.333,"y":0.333},"n":"0p518_0p518_0p333_0p333","t":79,"s":[332,284,0],"e":[332,284,0],"to":[0,0,0],"ti":[0,0,0]},{"i":{"x":0.321,"y":1},"o":{"x":0.333,"y":0},"n":"0p321_1_0p333_0","t":130,"s":[332,284,0],"e":[332,347,0],"to":[0,0,0],"ti":[0,0,0]},{"i":{"x":0.465,"y":1},"o":{"x":0.333,"y":0},"n":"0p465_1_0p333_0","t":151,"s":[332,347,0],"e":[255,280,0],"to":[0,0,0],"ti":[0,0,0]},{"t":185}],"ix":2},"a":{"a":0,"k":[0,0,0],"ix":1},"s":{"a":0,"k":[100,100,100],"ix":6}},"ao":0,"shapes":[{"ty":"gr","it":[{"ind":0,"ty":"sh","ix":1,"ks":{"a":0,"k":{"i":[[0,0],[0,0],[0,-5.5],[0,0]],"o":[[0,0],[5.5,0],[0,0],[0,0]],"v":[[-225.777,-156.848],[239.081,-156.848],[249.081,-146.848],[249.081,96.08]],"c":false},"ix":2},"nm":"Path 1","mn":"ADBE Vector Shape - Group","hd":false},{"ty":"st","c":{"a":0,"k":[0,0,0,1],"ix":3},"o":{"a":0,"k":100,"ix":4},"w":{"a":0,"k":40,"ix":5},"lc":2,"lj":2,"nm":"Stroke 1","mn":"ADBE Vector Graphic - Stroke","hd":false},{"ty":"tr","p":{"a":0,"k":[0,0],"ix":2},"a":{"a":0,"k":[0,0],"ix":1},"s":{"a":0,"k":[100,100],"ix":3},"r":{"a":0,"k":0,"ix":6},"o":{"a":0,"k":100,"ix":7},"sk":{"a":0,"k":0,"ix":4},"sa":{"a":0,"k":0,"ix":5},"nm":"Transform"}],"nm":"Group 1","np":2,"cix":2,"ix":1,"mn":"ADBE Vector Group","hd":false}],"ip":40,"op":165,"st":-17,"bm":0},{"ddd":0,"ind":3,"ty":4,"nm":"Слой 19","parent":9,"sr":1,"ks":{"o":{"a":0,"k":100,"ix":11},"r":{"a":0,"k":0,"ix":10},"p":{"a":0,"k":[73.828,64.833,0],"ix":2},"a":{"a":0,"k":[73.828,64.833,0],"ix":1},"s":{"a":0,"k":[100,100,100],"ix":6}},"ao":0,"shapes":[{"ty":"gr","it":[{"ind":0,"ty":"sh","ix":1,"ks":{"a":0,"k":{"i":[[0,0],[0,0]],"o":[[0,0],[0,0]],"v":[[49.388,64.833],[98.268,64.833]],"c":false},"ix":2},"nm":"Path 1","mn":"ADBE Vector Shape - Group","hd":false},{"ty":"st","c":{"a":0,"k":[0,0,0,1],"ix":3},"o":{"a":0,"k":100,"ix":4},"w":{"a":0,"k":40,"ix":5},"lc":2,"lj":1,"ml":10,"ml2":{"a":0,"k":10,"ix":8},"nm":"Stroke 1","mn":"ADBE Vector Graphic - Stroke","hd":false},{"ty":"tr","p":{"a":0,"k":[0,0],"ix":2},"a":{"a":0,"k":[0,0],"ix":1},"s":{"a":0,"k":[100,100],"ix":3},"r":{"a":0,"k":0,"ix":6},"o":{"a":0,"k":100,"ix":7},"sk":{"a":0,"k":0,"ix":4},"sa":{"a":0,"k":0,"ix":5},"nm":"Transform"}],"nm":"Group 1","np":2,"cix":2,"ix":1,"mn":"ADBE Vector Group","hd":false}],"ip":0,"op":223,"st":0,"bm":0},{"ddd":0,"ind":4,"ty":4,"nm":"Слой 18","parent":9,"sr":1,"ks":{"o":{"a":0,"k":100,"ix":11},"r":{"a":0,"k":0,"ix":10},"p":{"a":0,"k":[-195.949,64.833,0],"ix":2},"a":{"a":0,"k":[-195.949,64.833,0],"ix":1},"s":{"a":0,"k":[100,100,100],"ix":6}},"ao":0,"shapes":[{"ty":"gr","it":[{"ind":0,"ty":"sh","ix":1,"ks":{"a":0,"k":{"i":[[0,0],[0,0]],"o":[[0,0],[0,0]],"v":[[-220.388,64.833],[-171.509,64.833]],"c":false},"ix":2},"nm":"Path 1","mn":"ADBE Vector Shape - Group","hd":false},{"ty":"st","c":{"a":0,"k":[0,0,0,1],"ix":3},"o":{"a":0,"k":100,"ix":4},"w":{"a":0,"k":40,"ix":5},"lc":2,"lj":1,"ml":10,"ml2":{"a":0,"k":10,"ix":8},"nm":"Stroke 1","mn":"ADBE Vector Graphic - Stroke","hd":false},{"ty":"tr","p":{"a":0,"k":[0,0],"ix":2},"a":{"a":0,"k":[0,0],"ix":1},"s":{"a":0,"k":[100,100],"ix":3},"r":{"a":0,"k":0,"ix":6},"o":{"a":0,"k":100,"ix":7},"sk":{"a":0,"k":0,"ix":4},"sa":{"a":0,"k":0,"ix":5},"nm":"Transform"}],"nm":"Group 1","np":2,"cix":2,"ix":1,"mn":"ADBE Vector Group","hd":false}],"ip":0,"op":223,"st":0,"bm":0},{"ddd":0,"ind":8,"ty":4,"nm":"Слой 25","parent":9,"sr":1,"ks":{"o":{"a":0,"k":100,"ix":11},"r":{"a":0,"k":0,"ix":10},"p":{"a":0,"k":[-62.423,64.833,0],"ix":2},"a":{"a":0,"k":[-62.423,64.833,0],"ix":1},"s":{"a":0,"k":[100,100,100],"ix":6}},"ao":0,"shapes":[{"ty":"gr","it":[{"ind":0,"ty":"sh","ix":1,"ks":{"a":1,"k":[{"i":{"x":0.833,"y":0.833},"o":{"x":0.397,"y":0.002},"n":"0p833_0p833_0p397_0p002","t":0,"s":[{"i":[[0,0],[0,0],[0,14.796],[0,0],[14.796,0],[0,0],[0,14.796],[0,0],[-14.796,0],[0,0]],"o":[[0,0],[14.796,0],[0,0],[0,-14.796],[0,0],[-14.796,0],[0,0],[0,-14.796],[0,0],[0,0]],"v":[[-97.611,121.667],[-52.08,121.667],[-25.178,94.766],[-25.178,92.901],[-52.08,66],[-72.766,63.667],[-99.667,36.766],[-99.667,34.901],[-72.766,8],[-27.234,8]],"c":false}],"e":[{"i":[[0,0],[0,0],[-2.338,-1.649],[0,0],[15.732,0.116],[0,0],[1.206,-0.15],[0,0],[-14.796,0],[0,0]],"o":[[0,0],[14.796,0],[0,0],[0.162,0.215],[0,0],[-14.796,0],[0,0],[1.706,1.715],[0,0],[0,0]],"v":[[-97.504,64.667],[-51.973,64.667],[-25.009,66.266],[-25.009,64.401],[-51.58,64.5],[-72.766,63.667],[-99.553,64.766],[-99.553,62.901],[-72.426,64.5],[-26.894,64.5]],"c":false}]},{"i":{"x":0.048,"y":1},"o":{"x":0.167,"y":0.167},"n":"0p048_1_0p167_0p167","t":23,"s":[{"i":[[0,0],[0,0],[-2.338,-1.649],[0,0],[15.732,0.116],[0,0],[1.206,-0.15],[0,0],[-14.796,0],[0,0]],"o":[[0,0],[14.796,0],[0,0],[0.162,0.215],[0,0],[-14.796,0],[0,0],[1.706,1.715],[0,0],[0,0]],"v":[[-97.504,64.667],[-51.973,64.667],[-25.009,66.266],[-25.009,64.401],[-51.58,64.5],[-72.766,63.667],[-99.553,64.766],[-99.553,62.901],[-72.426,64.5],[-26.894,64.5]],"c":false}],"e":[{"i":[[0,0],[0,0],[0,14.796],[0,0],[14.796,0],[0,0],[0,14.796],[0,0],[-14.796,0],[0,0]],"o":[[0,0],[14.796,0],[0,0],[0,-14.796],[0,0],[-14.796,0],[0,0],[0,-14.796],[0,0],[0,0]],"v":[[-97.611,121.667],[-52.08,121.667],[-25.178,94.766],[-25.178,92.901],[-52.08,66],[-72.766,63.667],[-99.667,36.766],[-99.667,34.901],[-72.766,8],[-27.234,8]],"c":false}]},{"t":69}],"ix":2},"nm":"Path 1","mn":"ADBE Vector Shape - Group","hd":false},{"ty":"st","c":{"a":0,"k":[0,0,0,1],"ix":3},"o":{"a":0,"k":100,"ix":4},"w":{"a":0,"k":40,"ix":5},"lc":2,"lj":2,"nm":"Stroke 1","mn":"ADBE Vector Graphic - Stroke","hd":false},{"ty":"tr","p":{"a":0,"k":[0,0],"ix":2},"a":{"a":0,"k":[0,0],"ix":1},"s":{"a":0,"k":[100,100],"ix":3},"r":{"a":0,"k":0,"ix":6},"o":{"a":0,"k":100,"ix":7},"sk":{"a":0,"k":0,"ix":4},"sa":{"a":0,"k":0,"ix":5},"nm":"Transform"}],"nm":"Group 1","np":2,"cix":2,"ix":1,"mn":"ADBE Vector Group","hd":false},{"ty":"gr","it":[{"ind":0,"ty":"sh","ix":1,"ks":{"a":1,"k":[{"i":{"x":0.833,"y":0.833},"o":{"x":0.397,"y":0.002},"n":"0p833_0p833_0p397_0p002","t":0,"s":[{"i":[[0,0],[0,0]],"o":[[0,0],[0,0]],"v":[[-62.423,-25],[-62.423,-5.667]],"c":false}],"e":[{"i":[[0,0],[0,0]],"o":[[0,0],[0,0]],"v":[[-62.647,64.5],[-62.497,64.833]],"c":false}]},{"i":{"x":0.048,"y":1},"o":{"x":0.167,"y":0.167},"n":"0p048_1_0p167_0p167","t":23,"s":[{"i":[[0,0],[0,0]],"o":[[0,0],[0,0]],"v":[[-62.647,64.5],[-62.497,64.833]],"c":false}],"e":[{"i":[[0,0],[0,0]],"o":[[0,0],[0,0]],"v":[[-62.423,-25],[-62.423,-5.667]],"c":false}]},{"t":69}],"ix":2},"nm":"Path 1","mn":"ADBE Vector Shape - Group","hd":false},{"ty":"st","c":{"a":0,"k":[0,0,0,1],"ix":3},"o":{"a":0,"k":100,"ix":4},"w":{"a":0,"k":40,"ix":5},"lc":2,"lj":1,"ml":10,"ml2":{"a":0,"k":10,"ix":8},"nm":"Stroke 1","mn":"ADBE Vector Graphic - Stroke","hd":false},{"ty":"tr","p":{"a":0,"k":[0,0],"ix":2},"a":{"a":0,"k":[0,0],"ix":1},"s":{"a":0,"k":[100,100],"ix":3},"r":{"a":0,"k":0,"ix":6},"o":{"a":0,"k":100,"ix":7},"sk":{"a":0,"k":0,"ix":4},"sa":{"a":0,"k":0,"ix":5},"nm":"Transform"}],"nm":"Group 2","np":2,"cix":2,"ix":2,"mn":"ADBE Vector Group","hd":false},{"ty":"gr","it":[{"ind":0,"ty":"sh","ix":1,"ks":{"a":1,"k":[{"i":{"x":0.833,"y":0.833},"o":{"x":0.397,"y":0.002},"n":"0p833_0p833_0p397_0p002","t":0,"s":[{"i":[[0,0],[0,0]],"o":[[0,0],[0,0]],"v":[[-62.423,133],[-62.423,151]],"c":false}],"e":[{"i":[[0,0],[0,0]],"o":[[0,0],[0,0]],"v":[[-62.497,64.5],[-62.647,64.5]],"c":false}]},{"i":{"x":0.048,"y":1},"o":{"x":0.167,"y":0.167},"n":"0p048_1_0p167_0p167","t":23,"s":[{"i":[[0,0],[0,0]],"o":[[0,0],[0,0]],"v":[[-62.497,64.5],[-62.647,64.5]],"c":false}],"e":[{"i":[[0,0],[0,0]],"o":[[0,0],[0,0]],"v":[[-62.423,133],[-62.423,151]],"c":false}]},{"t":69}],"ix":2},"nm":"Path 1","mn":"ADBE Vector Shape - Group","hd":false},{"ty":"st","c":{"a":0,"k":[0,0,0,1],"ix":3},"o":{"a":0,"k":100,"ix":4},"w":{"a":0,"k":40,"ix":5},"lc":2,"lj":1,"ml":10,"ml2":{"a":0,"k":10,"ix":8},"nm":"Stroke 1","mn":"ADBE Vector Graphic - Stroke","hd":false},{"ty":"tr","p":{"a":0,"k":[0,0],"ix":2},"a":{"a":0,"k":[0,0],"ix":1},"s":{"a":0,"k":[100,100],"ix":3},"r":{"a":0,"k":0,"ix":6},"o":{"a":0,"k":100,"ix":7},"sk":{"a":0,"k":0,"ix":4},"sa":{"a":0,"k":0,"ix":5},"nm":"Transform"}],"nm":"Group 3","np":2,"cix":2,"ix":3,"mn":"ADBE Vector Group","hd":false}],"ip":0,"op":223,"st":0,"bm":0},{"ddd":0,"ind":9,"ty":4,"nm":"Слой 16","sr":1,"ks":{"o":{"a":0,"k":100,"ix":11},"r":{"a":0,"k":0,"ix":10},"p":{"a":1,"k":[{"i":{"x":0.248,"y":1},"o":{"x":0.333,"y":0},"n":"0p248_1_0p333_0","t":0,"s":[332,284,0],"e":[332,340,0],"to":[0,0,0],"ti":[0,0,0]},{"i":{"x":0.38,"y":1},"o":{"x":0.333,"y":0},"n":"0p38_1_0p333_0","t":13,"s":[332,340,0],"e":[332,196,0],"to":[0,0,0],"ti":[0,0,0]},{"i":{"x":0.364,"y":1},"o":{"x":0.333,"y":0},"n":"0p364_1_0p333_0","t":32,"s":[332,196,0],"e":[272,374,0],"to":[0,0,0],"ti":[0,0,0]},{"i":{"x":0.364,"y":1},"o":{"x":0.333,"y":0},"n":"0p364_1_0p333_0","t":59,"s":[272,374,0],"e":[272,348,0],"to":[0,0,0],"ti":[0,0,0]},{"i":{"x":0.515,"y":0.515},"o":{"x":0.333,"y":0.333},"n":"0p515_0p515_0p333_0p333","t":80,"s":[272,348,0],"e":[272,348,0],"to":[0,0,0],"ti":[0,0,0]},{"i":{"x":0.321,"y":1},"o":{"x":0.333,"y":0},"n":"0p321_1_0p333_0","t":128,"s":[272,348,0],"e":[272,427,0],"to":[0,0,0],"ti":[0,0,0]},{"i":{"x":0.465,"y":1},"o":{"x":0.333,"y":0},"n":"0p465_1_0p333_0","t":149,"s":[272,427,0],"e":[332.487,187.147,0],"to":[0,0,0],"ti":[0,0,0]},{"i":{"x":0.432,"y":1},"o":{"x":0.333,"y":0},"n":"0p432_1_0p333_0","t":185,"s":[332.487,187.147,0],"e":[332,284,0],"to":[0,0,0],"ti":[0,0,0]},{"t":216}],"ix":2},"a":{"a":0,"k":[-59.348,64.116,0],"ix":1},"s":{"a":0,"k":[100,100,100],"ix":6}},"ao":0,"shapes":[{"ty":"gr","it":[{"ind":0,"ty":"sh","ix":1,"ks":{"a":0,"k":{"i":[[5.5,0],[0,0],[0,5.5],[0,0],[-5.5,0],[0,0],[0,-5.5],[0,0]],"o":[[0,0],[-5.5,0],[0,0],[0,-5.5],[0,0],[5.5,0],[0,0],[0,5.5]],"v":[[173.081,201.08],[-291.777,201.08],[-301.777,191.08],[-301.777,-62.848],[-291.777,-72.848],[173.081,-72.848],[183.081,-62.848],[183.081,191.08]],"c":true},"ix":2},"nm":"Path 1","mn":"ADBE Vector Shape - Group","hd":false},{"ty":"st","c":{"a":0,"k":[0,0,0,1],"ix":3},"o":{"a":0,"k":100,"ix":4},"w":{"a":0,"k":40,"ix":5},"lc":2,"lj":2,"nm":"Stroke 1","mn":"ADBE Vector Graphic - Stroke","hd":false},{"ty":"tr","p":{"a":0,"k":[0,0],"ix":2},"a":{"a":0,"k":[0,0],"ix":1},"s":{"a":0,"k":[100,100],"ix":3},"r":{"a":0,"k":0,"ix":6},"o":{"a":0,"k":100,"ix":7},"sk":{"a":0,"k":0,"ix":4},"sa":{"a":0,"k":0,"ix":5},"nm":"Transform"}],"nm":"Group 1","np":2,"cix":2,"ix":1,"mn":"ADBE Vector Group","hd":false},{"ty":"fl","c":{"a":0,"k":[0,0,0,1],"ix":4},"o":{"a":0,"k":100,"ix":5},"r":1,"nm":"Fill 1","mn":"ADBE Vector Graphic - Fill","hd":true}],"ip":0,"op":223,"st":0,"bm":0}],"markers":[]}