{"v":"5.3.4","fr":60,"ip":0,"op":75,"w":1000,"h":856,"nm":"Group chat","ddd":0,"assets":[],"layers":[{"ddd":0,"ind":1,"ty":4,"nm":"Слой 8","sr":1,"ks":{"o":{"a":0,"k":100,"ix":11},"r":{"a":0,"k":0,"ix":10},"p":{"a":1,"k":[{"i":{"x":0.458,"y":1},"o":{"x":0.333,"y":0},"n":"0p458_1_0p333_0","t":0,"s":[819.143,370.274,0],"e":[501.143,479.274,0],"to":[-42,234.16667175293,0],"ti":[109,306.833343505859,0]},{"t":60}],"ix":2},"a":{"a":0,"k":[319.143,-125.726,0],"ix":1},"s":{"a":0,"k":[100,100,100],"ix":6}},"ao":0,"shapes":[{"ty":"gr","it":[{"ind":0,"ty":"sh","ix":1,"ks":{"a":1,"k":[{"i":{"x":0.52,"y":1},"o":{"x":0.333,"y":0},"n":"0p52_1_0p333_0","t":30,"s":[{"i":[[0,-46.909],[46.909,0],[0,46.909],[-46.909,0]],"o":[[0,46.909],[-46.909,0],[0,-46.909],[46.909,0]],"v":[[398.535,-225.743],[313.598,-140.806],[228.661,-225.743],[313.598,-310.68]],"c":true}],"e":[{"i":[[0,-67.456],[67.456,0],[0,67.456],[-67.456,0]],"o":[[0,67.456],[-67.456,0],[0,-67.456],[67.456,0]],"v":[[440,-255.088],[317.86,-132.947],[195.719,-255.088],[317.86,-377.228]],"c":true}]},{"t":60}],"ix":2},"nm":"Path 1","mn":"ADBE Vector Shape - Group","hd":false},{"ty":"st","c":{"a":0,"k":[0,0,0,1],"ix":3},"o":{"a":0,"k":100,"ix":4},"w":{"a":0,"k":50,"ix":5},"lc":2,"lj":1,"ml":10,"ml2":{"a":0,"k":10,"ix":8},"nm":"Stroke 1","mn":"ADBE Vector Graphic - Stroke","hd":false},{"ty":"tr","p":{"a":0,"k":[0,0],"ix":2},"a":{"a":0,"k":[0,0],"ix":1},"s":{"a":0,"k":[100,100],"ix":3},"r":{"a":0,"k":0,"ix":6},"o":{"a":0,"k":100,"ix":7},"sk":{"a":0,"k":0,"ix":4},"sa":{"a":0,"k":0,"ix":5},"nm":"Transform"}],"nm":"Group 1","np":2,"cix":2,"ix":1,"mn":"ADBE Vector Group","hd":false},{"ty":"gr","it":[{"ind":0,"ty":"sh","ix":1,"ks":{"a":1,"k":[{"i":{"x":0.833,"y":1},"o":{"x":0.547,"y":0},"n":"0p833_1_0p547_0","t":0,"s":[{"i":[[0,0],[83.594,-2.07],[0,-83.62]],"o":[[0,-83.62],[-98.143,2.431],[0,0]],"v":[[472.551,53.229],[319.143,-104.179],[167.736,47.229]],"c":false}],"e":[{"i":[[0,0],[83.594,-2.07],[0,-83.62]],"o":[[0,-83.62],[-98.143,2.431],[0,0]],"v":[[472.551,53.229],[319.143,-104.179],[167.736,47.229]],"c":false}]},{"i":{"x":0.394,"y":1},"o":{"x":0.547,"y":0},"n":"0p394_1_0p547_0","t":30,"s":[{"i":[[0,0],[83.594,-2.07],[0,-83.62]],"o":[[0,-83.62],[-98.143,2.431],[0,0]],"v":[[472.551,53.229],[319.143,-104.179],[167.736,47.229]],"c":false}],"e":[{"i":[[0,0],[127.857,0.665],[0,-112.035]],"o":[[0,-112.035],[-122.149,-0.636],[0,0]],"v":[[533,124.191],[317.143,-89.665],[104.287,124.191]],"c":false}]},{"t":60}],"ix":2},"nm":"Path 1","mn":"ADBE Vector Shape - Group","hd":false},{"ty":"st","c":{"a":0,"k":[0,0,0,1],"ix":3},"o":{"a":0,"k":100,"ix":4},"w":{"a":0,"k":50,"ix":5},"lc":2,"lj":1,"ml":10,"ml2":{"a":0,"k":10,"ix":8},"nm":"Stroke 1","mn":"ADBE Vector Graphic - Stroke","hd":false},{"ty":"tm","s":{"a":0,"k":0,"ix":1},"e":{"a":1,"k":[{"i":{"x":[0.441],"y":[1.008]},"o":{"x":[0.333],"y":[0]},"n":["0p441_1p008_0p333_0"],"t":14,"s":[70],"e":[100]},{"t":44}],"ix":2},"o":{"a":0,"k":0,"ix":3},"m":1,"ix":3,"nm":"Trim Paths 1","mn":"ADBE Vector Filter - Trim","hd":false},{"ty":"tr","p":{"a":0,"k":[0,0],"ix":2},"a":{"a":0,"k":[0,0],"ix":1},"s":{"a":0,"k":[100,100],"ix":3},"r":{"a":0,"k":0,"ix":6},"o":{"a":0,"k":100,"ix":7},"sk":{"a":0,"k":0,"ix":4},"sa":{"a":0,"k":0,"ix":5},"nm":"Transform"}],"nm":"Group 2","np":3,"cix":2,"ix":2,"mn":"ADBE Vector Group","hd":false}],"ip":0,"op":75,"st":0,"bm":0},{"ddd":0,"ind":2,"ty":4,"nm":"Слой 10","sr":1,"ks":{"o":{"a":0,"k":100,"ix":11},"r":{"a":0,"k":0,"ix":10},"p":{"a":1,"k":[{"i":{"x":0.458,"y":1},"o":{"x":0.333,"y":0},"n":"0p458_1_0p333_0","t":0,"s":[184.43,370.274,0],"e":[814.43,370.274,0],"to":[-7,-214,0],"ti":[-3,-198,0]},{"t":60}],"ix":2},"a":{"a":0,"k":[-315.57,-125.726,0],"ix":1},"s":{"a":0,"k":[100,100,100],"ix":6}},"ao":0,"shapes":[{"ty":"gr","it":[{"ind":0,"ty":"sh","ix":1,"ks":{"a":0,"k":{"i":[[0,-46.909],[-46.909,0],[0,46.909],[46.909,0]],"o":[[0,46.909],[46.909,0],[0,-46.909],[-46.909,0]],"v":[[-399.349,-225.743],[-314.412,-140.806],[-229.475,-225.743],[-314.412,-310.68]],"c":true},"ix":2},"nm":"Path 1","mn":"ADBE Vector Shape - Group","hd":false},{"ty":"st","c":{"a":0,"k":[0,0,0,1],"ix":3},"o":{"a":0,"k":100,"ix":4},"w":{"a":0,"k":50,"ix":5},"lc":2,"lj":1,"ml":10,"ml2":{"a":0,"k":10,"ix":8},"nm":"Stroke 1","mn":"ADBE Vector Graphic - Stroke","hd":false},{"ty":"tr","p":{"a":0,"k":[0,0],"ix":2},"a":{"a":0,"k":[0,0],"ix":1},"s":{"a":0,"k":[100,100],"ix":3},"r":{"a":0,"k":0,"ix":6},"o":{"a":0,"k":100,"ix":7},"sk":{"a":0,"k":0,"ix":4},"sa":{"a":0,"k":0,"ix":5},"nm":"Transform"}],"nm":"Group 1","np":2,"cix":2,"ix":1,"mn":"ADBE Vector Group","hd":false},{"ty":"gr","it":[{"ind":0,"ty":"sh","ix":1,"ks":{"a":0,"k":{"i":[[0,0],[-77.294,-0.821],[0,-83.62]],"o":[[0,-83.62],[105.827,1.124],[0,0]],"v":[[-470.113,52.229],[-320.706,-105.179],[-158.299,52.229]],"c":false},"ix":2},"nm":"Path 1","mn":"ADBE Vector Shape - Group","hd":false},{"ty":"st","c":{"a":0,"k":[0,0,0,1],"ix":3},"o":{"a":0,"k":100,"ix":4},"w":{"a":0,"k":50,"ix":5},"lc":2,"lj":1,"ml":10,"ml2":{"a":0,"k":10,"ix":8},"nm":"Stroke 1","mn":"ADBE Vector Graphic - Stroke","hd":false},{"ty":"tm","s":{"a":1,"k":[{"i":{"x":[0.441],"y":[1.008]},"o":{"x":[0.333],"y":[0]},"n":["0p441_1p008_0p333_0"],"t":14,"s":[0],"e":[30]},{"t":44}],"ix":1},"e":{"a":1,"k":[{"i":{"x":[0.441],"y":[1.008]},"o":{"x":[0.333],"y":[0]},"n":["0p441_1p008_0p333_0"],"t":14,"s":[70],"e":[100]},{"t":44}],"ix":2},"o":{"a":0,"k":0,"ix":3},"m":1,"ix":3,"nm":"Trim Paths 1","mn":"ADBE Vector Filter - Trim","hd":false},{"ty":"tr","p":{"a":0,"k":[0,1],"ix":2},"a":{"a":0,"k":[0,0],"ix":1},"s":{"a":0,"k":[100,100],"ix":3},"r":{"a":0,"k":0,"ix":6},"o":{"a":0,"k":100,"ix":7},"sk":{"a":0,"k":0,"ix":4},"sa":{"a":0,"k":0,"ix":5},"nm":"Transform"}],"nm":"Group 2","np":3,"cix":2,"ix":2,"mn":"ADBE Vector Group","hd":false}],"ip":0,"op":75,"st":0,"bm":0},{"ddd":0,"ind":3,"ty":4,"nm":"Слой 6","sr":1,"ks":{"o":{"a":0,"k":100,"ix":11},"r":{"a":0,"k":0,"ix":10},"p":{"a":1,"k":[{"i":{"x":0.458,"y":1},"o":{"x":0.333,"y":0},"n":"0p458_1_0p333_0","t":0,"s":[500,496,0],"e":[189,383,0],"to":[-144.83332824707,318.166656494141,0],"ti":[-7.16666650772095,128.83332824707,0]},{"t":60}],"ix":2},"a":{"a":0,"k":[0,0,0],"ix":1},"s":{"a":0,"k":[100,100,100],"ix":6}},"ao":0,"shapes":[{"ty":"gr","it":[{"ind":0,"ty":"sh","ix":1,"ks":{"a":1,"k":[{"i":{"x":0.52,"y":1},"o":{"x":0.333,"y":0},"n":"0p52_1_0p333_0","t":0,"s":[{"i":[[0,66.818],[66.818,0],[0,-66.818],[-66.818,0]],"o":[[0,-66.818],[-66.818,0],[0,66.818],[66.818,0]],"v":[[120.992,-145.766],[0.007,-266.751],[-120.978,-145.766],[0.007,-24.78]],"c":true}],"e":[{"i":[[-2.186,46.395],[46.395,2.186],[2.186,-46.395],[-46.395,-2.186]],"o":[[2.186,-46.395],[-46.395,-2.186],[-2.186,46.395],[46.395,2.186]],"v":[[81.012,-108.85],[0.965,-196.814],[-86.998,-116.767],[-6.951,-28.803]],"c":true}]},{"t":30}],"ix":2},"nm":"Path 1","mn":"ADBE Vector Shape - Group","hd":false},{"ty":"st","c":{"a":0,"k":[0,0,0,1],"ix":3},"o":{"a":0,"k":100,"ix":4},"w":{"a":0,"k":50,"ix":5},"lc":2,"lj":1,"ml":10,"ml2":{"a":0,"k":10,"ix":8},"nm":"Stroke 1","mn":"ADBE Vector Graphic - Stroke","hd":false},{"ty":"tr","p":{"a":0,"k":[0,0],"ix":2},"a":{"a":0,"k":[0,0],"ix":1},"s":{"a":0,"k":[100,100],"ix":3},"r":{"a":0,"k":0,"ix":6},"o":{"a":0,"k":100,"ix":7},"sk":{"a":0,"k":0,"ix":4},"sa":{"a":0,"k":0,"ix":5},"nm":"Transform"}],"nm":"Group 1","np":2,"cix":2,"ix":1,"mn":"ADBE Vector Group","hd":false},{"ty":"gr","it":[{"ind":0,"ty":"sh","ix":1,"ks":{"a":1,"k":[{"i":{"x":0.394,"y":1},"o":{"x":0.547,"y":0},"n":"0p394_1_0p547_0","t":0,"s":[{"i":[[0,0],[-118.522,0],[0,-118.522]],"o":[[0,-118.522],[118.523,0],[0,0]],"v":[[-214.597,233.652],[0.007,19.048],[214.611,233.652]],"c":false}],"e":[{"i":[[0,0],[-87.257,0],[0,-87.257]],"o":[[0,-87.257],[87.257,0],[0,0]],"v":[[-157.986,167.794],[0.007,9.801],[158,167.794]],"c":false}]},{"t":30}],"ix":2},"nm":"Path 1","mn":"ADBE Vector Shape - Group","hd":false},{"ty":"tm","s":{"a":1,"k":[{"i":{"x":[0.441],"y":[1.231]},"o":{"x":[0.333],"y":[0]},"n":["0p441_1p231_0p333_0"],"t":14,"s":[0],"e":[0]},{"t":44}],"ix":1},"e":{"a":1,"k":[{"i":{"x":[0.441],"y":[0.992]},"o":{"x":[0.333],"y":[0]},"n":["0p441_0p992_0p333_0"],"t":14,"s":[100],"e":[70]},{"t":44}],"ix":2},"o":{"a":0,"k":0,"ix":3},"m":1,"ix":2,"nm":"Trim Paths 1","mn":"ADBE Vector Filter - Trim","hd":false},{"ty":"st","c":{"a":0,"k":[0,0,0,1],"ix":3},"o":{"a":0,"k":100,"ix":4},"w":{"a":0,"k":50,"ix":5},"lc":2,"lj":1,"ml":10,"ml2":{"a":0,"k":10,"ix":8},"nm":"Stroke 1","mn":"ADBE Vector Graphic - Stroke","hd":false},{"ty":"tr","p":{"a":0,"k":[0,0],"ix":2},"a":{"a":0,"k":[0,0],"ix":1},"s":{"a":0,"k":[100,100],"ix":3},"r":{"a":0,"k":0,"ix":6},"o":{"a":0,"k":100,"ix":7},"sk":{"a":0,"k":0,"ix":4},"sa":{"a":0,"k":0,"ix":5},"nm":"Transform"}],"nm":"Group 2","np":3,"cix":2,"ix":2,"mn":"ADBE Vector Group","hd":false}],"ip":0,"op":75,"st":0,"bm":0}],"markers":[]}