{"v":"5.3.4","fr":25,"ip":0,"op":70,"w":1000,"h":1000,"nm":"SLIDER ARROWS ","ddd":0,"assets":[],"layers":[{"ddd":0,"ind":1,"ty":4,"nm":"main frame Outlines 4","sr":1,"ks":{"o":{"a":0,"k":100,"ix":11},"r":{"a":0,"k":0,"ix":10},"p":{"a":0,"k":[494,494,0],"ix":2},"a":{"a":0,"k":[500,500,0],"ix":1},"s":{"a":0,"k":[100,100,100],"ix":6}},"ao":0,"shapes":[{"ty":"gr","it":[{"ty":"rc","d":1,"s":{"a":0,"k":[920,920],"ix":2},"p":{"a":0,"k":[0,0],"ix":3},"r":{"a":0,"k":0,"ix":4},"nm":"Rectangle Path 1","mn":"ADBE Vector Shape - Rect","hd":false},{"ty":"st","c":{"a":0,"k":[0.023999999551,0.023999999551,0.035000000748,1],"ix":3},"o":{"a":0,"k":100,"ix":4},"w":{"a":0,"k":80,"ix":5},"lc":1,"lj":1,"ml":10,"ml2":{"a":0,"k":10,"ix":8},"nm":"Stroke 1","mn":"ADBE Vector Graphic - Stroke","hd":false},{"ty":"rd","nm":"Round Corners 1","r":{"a":0,"k":210,"ix":1},"ix":3,"mn":"ADBE Vector Filter - RC","hd":false},{"ty":"tm","s":{"a":1,"k":[{"i":{"x":[0.467],"y":[1]},"o":{"x":[1],"y":[0]},"n":["0p467_1_1_0"],"t":51,"s":[0],"e":[50]},{"t":69}],"ix":1},"e":{"a":1,"k":[{"i":{"x":[0.467],"y":[1]},"o":{"x":[1],"y":[0]},"n":["0p467_1_1_0"],"t":51,"s":[100],"e":[50]},{"t":69}],"ix":2},"o":{"a":0,"k":-117,"ix":3},"m":1,"ix":4,"nm":"Trim Paths 1","mn":"ADBE Vector Filter - Trim","hd":false},{"ty":"tr","p":{"a":0,"k":[500,500],"ix":2},"a":{"a":0,"k":[0,0],"ix":1},"s":{"a":0,"k":[100,100],"ix":3},"r":{"a":0,"k":0,"ix":6},"o":{"a":0,"k":100,"ix":7},"sk":{"a":0,"k":0,"ix":4},"sa":{"a":0,"k":0,"ix":5},"nm":"Transform"}],"nm":"Group 1","np":4,"cix":2,"ix":1,"mn":"ADBE Vector Group","hd":false}],"ip":51,"op":70,"st":0,"bm":0},{"ddd":0,"ind":2,"ty":4,"nm":"main frame Outlines 3","sr":1,"ks":{"o":{"a":0,"k":100,"ix":11},"r":{"a":0,"k":0,"ix":10},"p":{"a":0,"k":[494,494,0],"ix":2},"a":{"a":0,"k":[500,500,0],"ix":1},"s":{"a":0,"k":[100,100,100],"ix":6}},"ao":0,"shapes":[{"ty":"gr","it":[{"ty":"rc","d":1,"s":{"a":0,"k":[920,920],"ix":2},"p":{"a":0,"k":[0,0],"ix":3},"r":{"a":0,"k":0,"ix":4},"nm":"Rectangle Path 1","mn":"ADBE Vector Shape - Rect","hd":false},{"ty":"st","c":{"a":0,"k":[0.023999999551,0.023999999551,0.035000000748,1],"ix":3},"o":{"a":0,"k":100,"ix":4},"w":{"a":0,"k":80,"ix":5},"lc":1,"lj":1,"ml":10,"ml2":{"a":0,"k":10,"ix":8},"nm":"Stroke 1","mn":"ADBE Vector Graphic - Stroke","hd":false},{"ty":"rd","nm":"Round Corners 1","r":{"a":0,"k":210,"ix":1},"ix":3,"mn":"ADBE Vector Filter - RC","hd":false},{"ty":"tm","s":{"a":1,"k":[{"i":{"x":[0],"y":[1]},"o":{"x":[0.333],"y":[0]},"n":["0_1_0p333_0"],"t":0,"s":[50],"e":[0]},{"t":27}],"ix":1},"e":{"a":1,"k":[{"i":{"x":[0],"y":[1]},"o":{"x":[0.333],"y":[0]},"n":["0_1_0p333_0"],"t":0,"s":[50],"e":[100]},{"t":27}],"ix":2},"o":{"a":0,"k":62,"ix":3},"m":1,"ix":4,"nm":"Trim Paths 1","mn":"ADBE Vector Filter - Trim","hd":false},{"ty":"tr","p":{"a":0,"k":[500,500],"ix":2},"a":{"a":0,"k":[0,0],"ix":1},"s":{"a":0,"k":[100,100],"ix":3},"r":{"a":0,"k":0,"ix":6},"o":{"a":0,"k":100,"ix":7},"sk":{"a":0,"k":0,"ix":4},"sa":{"a":0,"k":0,"ix":5},"nm":"Transform"}],"nm":"Group 1","np":4,"cix":2,"ix":1,"mn":"ADBE Vector Group","hd":false}],"ip":0,"op":51,"st":0,"bm":0},{"ddd":0,"ind":3,"ty":4,"nm":"SLIDER Outlines","sr":1,"ks":{"o":{"a":0,"k":100,"ix":11},"r":{"a":0,"k":0,"ix":10},"p":{"a":1,"k":[{"i":{"x":0.229,"y":1},"o":{"x":0.353,"y":0.072},"n":"0p229_1_0p353_0p072","t":1,"s":[-79.205,502,0],"e":[664.75,502,0],"to":[0,0,0],"ti":[0,0,0]},{"i":{"x":0.667,"y":1},"o":{"x":1,"y":0},"n":"0p667_1_1_0","t":25,"s":[664.75,502,0],"e":[778.75,502,0],"to":[0,0,0],"ti":[0,0,0]},{"i":{"x":0.221,"y":1},"o":{"x":0.333,"y":0},"n":"0p221_1_0p333_0","t":33,"s":[778.75,502,0],"e":[664.75,502,0],"to":[0,0,0],"ti":[0,0,0]},{"i":{"x":0.667,"y":1},"o":{"x":1,"y":0},"n":"0p667_1_1_0","t":37,"s":[664.75,502,0],"e":[778.75,502,0],"to":[0,0,0],"ti":[0,0,0]},{"i":{"x":0.156,"y":1},"o":{"x":0.333,"y":0},"n":"0p156_1_0p333_0","t":45,"s":[778.75,502,0],"e":[634.525,502,0],"to":[0,0,0],"ti":[0,0,0]},{"i":{"x":0.899,"y":0.597},"o":{"x":0.865,"y":0},"n":"0p899_0p597_0p865_0","t":51,"s":[634.525,502,0],"e":[940.938,502,0],"to":[0,0,0],"ti":[0,0,0]},{"t":70}],"ix":2},"a":{"a":0,"k":[500,500,0],"ix":1},"s":{"a":0,"k":[100,100,100],"ix":6}},"ao":0,"shapes":[{"ty":"gr","it":[{"ind":0,"ty":"sh","ix":1,"ks":{"a":0,"k":{"i":[[0,0],[0,0],[0,0]],"o":[[0,0],[0,0],[0,0]],"v":[[-111.25,222.5],[111.25,-2],[-111.25,-222.5]],"c":false},"ix":2},"nm":"Path 1","mn":"ADBE Vector Shape - Group","hd":false},{"ty":"st","c":{"a":0,"k":[0.019999999626,0.019999999626,0.019999999626,1],"ix":3},"o":{"a":0,"k":100,"ix":4},"w":{"a":0,"k":80,"ix":5},"lc":1,"lj":1,"ml":10,"ml2":{"a":0,"k":10,"ix":8},"nm":"Stroke 1","mn":"ADBE Vector Graphic - Stroke","hd":false},{"ty":"tr","p":{"a":0,"k":[513.75,502],"ix":2},"a":{"a":0,"k":[0,0],"ix":1},"s":{"a":0,"k":[100,100],"ix":3},"r":{"a":0,"k":0,"ix":6},"o":{"a":0,"k":100,"ix":7},"sk":{"a":0,"k":0,"ix":4},"sa":{"a":0,"k":0,"ix":5},"nm":"Transform"}],"nm":"Group 1","np":2,"cix":2,"ix":1,"mn":"ADBE Vector Group","hd":false},{"ty":"tm","s":{"a":1,"k":[{"i":{"x":[0.003],"y":[1]},"o":{"x":[0.333],"y":[0]},"n":["0p003_1_0p333_0"],"t":0,"s":[50],"e":[0]},{"i":{"x":[0.833],"y":[1]},"o":{"x":[0.333],"y":[0]},"n":["0p833_1_0p333_0"],"t":25,"s":[0],"e":[0]},{"i":{"x":[0.81],"y":[1]},"o":{"x":[1],"y":[0]},"n":["0p81_1_1_0"],"t":51,"s":[0],"e":[50]},{"t":70}],"ix":1},"e":{"a":1,"k":[{"i":{"x":[0.003],"y":[1]},"o":{"x":[0.333],"y":[0]},"n":["0p003_1_0p333_0"],"t":0,"s":[50],"e":[100]},{"i":{"x":[0.833],"y":[1]},"o":{"x":[0.333],"y":[0]},"n":["0p833_1_0p333_0"],"t":25,"s":[100],"e":[100]},{"i":{"x":[0.81],"y":[1]},"o":{"x":[1],"y":[0]},"n":["0p81_1_1_0"],"t":51,"s":[100],"e":[50]},{"t":70}],"ix":2},"o":{"a":0,"k":0,"ix":3},"m":1,"ix":2,"nm":"Trim Paths 1","mn":"ADBE Vector Filter - Trim","hd":false}],"ip":2,"op":67,"st":0,"bm":0}],"markers":[]}