{"v":"5.9.4","fr":30,"ip":0,"op":90,"w":576,"h":576,"nm":"Fastfood","ddd":0,"assets":[],"layers":[{"ddd":0,"ind":1,"ty":4,"nm":"Layer 14","sr":1,"ks":{"o":{"a":0,"k":100},"r":{"a":0,"k":0},"p":{"a":0,"k":[250.216,413.789,0]},"a":{"a":0,"k":[0,0,0]},"s":{"a":0,"k":[100,100,100]}},"ao":0,"shapes":[{"ty":"gr","it":[{"ind":0,"ty":"sh","ks":{"a":0,"k":{"i":[[0,0],[16.425,0],[10.377,-4.427],[0,0],[9.513,-15.794],[0,0],[0,-14.489],[0,0],[0,0]],"o":[[-13.075,-8.025],[-11.994,0],[0,0],[-16.837,7.515],[0,0],[-6.313,11.989],[0,0],[0,0],[0,0]],"v":[[46.818,-43.45],[1.918,-56.075],[-31.876,-49.198],[-31.876,-49.198],[-72.354,-13.393],[-74.422,-9.959],[-84.307,30.175],[-84.307,56.075],[84.307,56.075]],"c":false}},"nm":"Path 1","hd":false},{"ty":"st","c":{"a":0,"k":[0,0,0,1]},"o":{"a":0,"k":100},"w":{"a":0,"k":17.5},"lc":2,"lj":2,"bm":0,"nm":"Stroke 1","hd":false},{"ty":"tr","p":{"a":0,"k":[0,0]},"a":{"a":0,"k":[0,0]},"s":{"a":0,"k":[100,100]},"r":{"a":0,"k":0},"o":{"a":0,"k":100},"sk":{"a":0,"k":0},"sa":{"a":0,"k":0},"nm":"Transform"}],"nm":"Group 1","bm":0,"hd":false}],"ip":0,"op":90,"st":0,"ct":1,"bm":0},{"ddd":0,"ind":2,"ty":4,"nm":"mask 4","td":1,"sr":1,"ks":{"o":{"a":0,"k":100},"r":{"a":0,"k":0},"p":{"a":0,"k":[364.485,368.064,0]},"a":{"a":0,"k":[0,0,0]},"s":{"a":0,"k":[100,100,100]}},"ao":0,"shapes":[{"ty":"gr","it":[{"ind":0,"ty":"sh","ks":{"a":0,"k":{"i":[[0,0],[-1.408,12.66],[0,0],[0,0],[0,0],[0,0],[0,0],[0,0],[0,0],[-12.737,0]],"o":[[12.738,0],[0,0],[0,0],[0,0],[0,0],[0,0],[0,0],[0,0],[1.409,12.659],[0,0]],"v":[[34.101,101.663],[58.948,79.425],[71.1,-29.863],[79.075,-101.663],[31.75,-101.663],[-79.075,-101.663],[-71.55,-34.012],[-67.55,2.137],[-58.949,79.427],[-34.103,101.663]],"c":true}},"nm":"Path 1","hd":false},{"ty":"st","c":{"a":0,"k":[0,0,0,1]},"o":{"a":0,"k":100},"w":{"a":0,"k":17.5},"lc":2,"lj":2,"bm":0,"nm":"Stroke 1","hd":false},{"ty":"tr","p":{"a":0,"k":[0,0]},"a":{"a":0,"k":[0,0]},"s":{"a":0,"k":[100,100]},"r":{"a":0,"k":0},"o":{"a":0,"k":100},"sk":{"a":0,"k":0},"sa":{"a":0,"k":0},"nm":"Transform"}],"nm":"Group 1","bm":0,"hd":false},{"ty":"fl","c":{"a":0,"k":[0,0,0,1]},"o":{"a":0,"k":100},"r":1,"bm":0,"nm":"Fill 1","hd":false}],"ip":0,"op":90,"st":0,"ct":1,"bm":0},{"ddd":0,"ind":3,"ty":4,"nm":"Layer 13","parent":9,"tt":1,"sr":1,"ks":{"o":{"a":0,"k":100},"r":{"a":0,"k":0},"p":{"a":0,"k":[27.445,-136.301,0]},"a":{"a":0,"k":[0,0,0]},"s":{"a":0,"k":[100,100,100]}},"ao":0,"shapes":[{"ty":"gr","it":[{"ind":0,"ty":"sh","ks":{"a":0,"k":{"i":[[0,0],[0,0]],"o":[[0,0],[0,0]],"v":[[141.655,-141.874],[-170.874,170.655]],"c":false}},"nm":"Path 1","hd":false},{"ty":"st","c":{"a":0,"k":[0,0,0,1]},"o":{"a":0,"k":100},"w":{"a":0,"k":17.5},"lc":2,"lj":2,"bm":0,"nm":"Stroke 1","hd":false},{"ty":"tr","p":{"a":0,"k":[0,0]},"a":{"a":0,"k":[0,0]},"s":{"a":0,"k":[100,100]},"r":{"a":0,"k":0},"o":{"a":0,"k":100},"sk":{"a":0,"k":0},"sa":{"a":0,"k":0},"nm":"Transform"}],"nm":"Group 1","bm":0,"hd":false}],"ip":0,"op":90,"st":0,"ct":1,"bm":0},{"ddd":0,"ind":4,"ty":4,"nm":"mask 3","td":1,"sr":1,"ks":{"o":{"a":0,"k":100},"r":{"a":0,"k":0},"p":{"a":0,"k":[364.485,368.064,0]},"a":{"a":0,"k":[0,0,0]},"s":{"a":0,"k":[100,100,100]}},"ao":0,"shapes":[{"ty":"gr","it":[{"ind":0,"ty":"sh","ks":{"a":0,"k":{"i":[[0,0],[-1.408,12.66],[0,0],[0,0],[0,0],[0,0],[0,0],[0,0],[0,0],[-12.737,0]],"o":[[12.738,0],[0,0],[0,0],[0,0],[0,0],[0,0],[0,0],[0,0],[1.409,12.659],[0,0]],"v":[[34.101,101.663],[58.948,79.425],[71.1,-29.863],[79.075,-101.663],[31.75,-101.663],[-79.075,-101.663],[-71.55,-34.012],[-67.55,2.137],[-58.949,79.427],[-34.103,101.663]],"c":true}},"nm":"Path 1","hd":false},{"ty":"st","c":{"a":0,"k":[0,0,0,1]},"o":{"a":0,"k":100},"w":{"a":0,"k":17.5},"lc":2,"lj":2,"bm":0,"nm":"Stroke 1","hd":false},{"ty":"tr","p":{"a":0,"k":[0,0]},"a":{"a":0,"k":[0,0]},"s":{"a":0,"k":[100,100]},"r":{"a":0,"k":0},"o":{"a":0,"k":100},"sk":{"a":0,"k":0},"sa":{"a":0,"k":0},"nm":"Transform"}],"nm":"Group 1","bm":0,"hd":false},{"ty":"fl","c":{"a":0,"k":[0,0,0,1]},"o":{"a":0,"k":100},"r":1,"bm":0,"nm":"Fill 1","hd":false}],"ip":0,"op":90,"st":0,"ct":1,"bm":0},{"ddd":0,"ind":5,"ty":4,"nm":"Layer 12","parent":9,"tt":1,"sr":1,"ks":{"o":{"a":0,"k":100},"r":{"a":0,"k":0},"p":{"a":0,"k":[0,-220,0]},"a":{"a":0,"k":[0,0,0]},"s":{"a":0,"k":[100,100,100]}},"ao":0,"shapes":[{"ty":"gr","it":[{"ind":0,"ty":"sh","ks":{"a":0,"k":{"i":[[0,0],[0,0]],"o":[[0,0],[0,0]],"v":[[146.179,-145.542],[-218.542,219.179]],"c":false}},"nm":"Path 1","hd":false},{"ty":"st","c":{"a":0,"k":[0,0,0,1]},"o":{"a":0,"k":100},"w":{"a":0,"k":17.5},"lc":2,"lj":2,"bm":0,"nm":"Stroke 1","hd":false},{"ty":"tr","p":{"a":0,"k":[0,0]},"a":{"a":0,"k":[0,0]},"s":{"a":0,"k":[100,100]},"r":{"a":0,"k":0},"o":{"a":0,"k":100},"sk":{"a":0,"k":0},"sa":{"a":0,"k":0},"nm":"Transform"}],"nm":"Group 1","bm":0,"hd":false}],"ip":0,"op":90,"st":0,"ct":1,"bm":0},{"ddd":0,"ind":6,"ty":4,"nm":"mask 2","td":1,"sr":1,"ks":{"o":{"a":0,"k":100},"r":{"a":0,"k":0},"p":{"a":0,"k":[364.485,368.064,0]},"a":{"a":0,"k":[0,0,0]},"s":{"a":0,"k":[100,100,100]}},"ao":0,"shapes":[{"ty":"gr","it":[{"ind":0,"ty":"sh","ks":{"a":0,"k":{"i":[[0,0],[-1.408,12.66],[0,0],[0,0],[0,0],[0,0],[0,0],[0,0],[0,0],[-12.737,0]],"o":[[12.738,0],[0,0],[0,0],[0,0],[0,0],[0,0],[0,0],[0,0],[1.409,12.659],[0,0]],"v":[[34.101,101.663],[58.948,79.425],[71.1,-29.863],[79.075,-101.663],[31.75,-101.663],[-79.075,-101.663],[-71.55,-34.012],[-67.55,2.137],[-58.949,79.427],[-34.103,101.663]],"c":true}},"nm":"Path 1","hd":false},{"ty":"st","c":{"a":0,"k":[0,0,0,1]},"o":{"a":0,"k":100},"w":{"a":0,"k":17.5},"lc":2,"lj":2,"bm":0,"nm":"Stroke 1","hd":false},{"ty":"tr","p":{"a":0,"k":[0,0]},"a":{"a":0,"k":[0,0]},"s":{"a":0,"k":[100,100]},"r":{"a":0,"k":0},"o":{"a":0,"k":100},"sk":{"a":0,"k":0},"sa":{"a":0,"k":0},"nm":"Transform"}],"nm":"Group 1","bm":0,"hd":false},{"ty":"fl","c":{"a":0,"k":[0,0,0,1]},"o":{"a":0,"k":100},"r":1,"bm":0,"nm":"Fill 1","hd":false}],"ip":0,"op":90,"st":0,"ct":1,"bm":0},{"ddd":0,"ind":7,"ty":4,"nm":"Layer 8","parent":9,"tt":1,"sr":1,"ks":{"o":{"a":0,"k":100},"r":{"a":0,"k":0},"p":{"a":0,"k":[27.445,83.699,0]},"a":{"a":0,"k":[0,0,0]},"s":{"a":0,"k":[100,100,100]}},"ao":0,"shapes":[{"ty":"gr","it":[{"ind":0,"ty":"sh","ks":{"a":0,"k":{"i":[[0,0],[0,0]],"o":[[0,0],[0,0]],"v":[[134.655,-134.874],[-149.874,149.655]],"c":false}},"nm":"Path 1","hd":false},{"ty":"st","c":{"a":0,"k":[0,0,0,1]},"o":{"a":0,"k":100},"w":{"a":0,"k":17.5},"lc":2,"lj":2,"bm":0,"nm":"Stroke 1","hd":false},{"ty":"tr","p":{"a":0,"k":[0,0]},"a":{"a":0,"k":[0,0]},"s":{"a":0,"k":[100,100]},"r":{"a":0,"k":0},"o":{"a":0,"k":100},"sk":{"a":0,"k":0},"sa":{"a":0,"k":0},"nm":"Transform"}],"nm":"Group 1","bm":0,"hd":false}],"ip":0,"op":90,"st":0,"ct":1,"bm":0},{"ddd":0,"ind":8,"ty":4,"nm":"mask","td":1,"sr":1,"ks":{"o":{"a":0,"k":100},"r":{"a":0,"k":0},"p":{"a":0,"k":[364.485,368.064,0]},"a":{"a":0,"k":[0,0,0]},"s":{"a":0,"k":[100,100,100]}},"ao":0,"shapes":[{"ty":"gr","it":[{"ind":0,"ty":"sh","ks":{"a":0,"k":{"i":[[0,0],[-1.408,12.66],[0,0],[0,0],[0,0],[0,0],[0,0],[0,0],[0,0],[-12.737,0]],"o":[[12.738,0],[0,0],[0,0],[0,0],[0,0],[0,0],[0,0],[0,0],[1.409,12.659],[0,0]],"v":[[34.101,101.663],[58.948,79.425],[71.1,-29.863],[79.075,-101.663],[31.75,-101.663],[-79.075,-101.663],[-71.55,-34.012],[-67.55,2.137],[-58.949,79.427],[-34.103,101.663]],"c":true}},"nm":"Path 1","hd":false},{"ty":"st","c":{"a":0,"k":[0,0,0,1]},"o":{"a":0,"k":100},"w":{"a":0,"k":17.5},"lc":2,"lj":2,"bm":0,"nm":"Stroke 1","hd":false},{"ty":"tr","p":{"a":0,"k":[0,0]},"a":{"a":0,"k":[0,0]},"s":{"a":0,"k":[100,100]},"r":{"a":0,"k":0},"o":{"a":0,"k":100},"sk":{"a":0,"k":0},"sa":{"a":0,"k":0},"nm":"Transform"}],"nm":"Group 1","bm":0,"hd":false},{"ty":"fl","c":{"a":0,"k":[0,0,0,1]},"o":{"a":0,"k":100},"r":1,"bm":0,"nm":"Fill 1","hd":false}],"ip":0,"op":90,"st":0,"ct":1,"bm":0},{"ddd":0,"ind":9,"ty":4,"nm":"Layer 7","tt":1,"sr":1,"ks":{"o":{"a":0,"k":100},"r":{"a":0,"k":0},"p":{"a":1,"k":[{"i":{"x":0.833,"y":0.833},"o":{"x":0.167,"y":0.167},"t":0,"s":[346.373,316.264,0],"to":[0,36.667,0],"ti":[0,-36.667,0]},{"t":89,"s":[346.373,536.264,0]}]},"a":{"a":0,"k":[0,0,0]},"s":{"a":0,"k":[100,100,100]}},"ao":0,"shapes":[{"ty":"gr","it":[{"ind":0,"ty":"sh","ks":{"a":0,"k":{"i":[[0,0],[0,0]],"o":[[0,0],[0,0]],"v":[[170.179,-169.542],[-187.542,187.179]],"c":false}},"nm":"Path 1","hd":false},{"ty":"st","c":{"a":0,"k":[0,0,0,1]},"o":{"a":0,"k":100},"w":{"a":0,"k":17.5},"lc":2,"lj":2,"bm":0,"nm":"Stroke 1","hd":false},{"ty":"tr","p":{"a":0,"k":[0,0]},"a":{"a":0,"k":[0,0]},"s":{"a":0,"k":[100,100]},"r":{"a":0,"k":0},"o":{"a":0,"k":100},"sk":{"a":0,"k":0},"sa":{"a":0,"k":0},"nm":"Transform"}],"nm":"Group 1","bm":0,"hd":false}],"ip":0,"op":90,"st":0,"ct":1,"bm":0},{"ddd":0,"ind":10,"ty":4,"nm":"Layer 11","sr":1,"ks":{"o":{"a":0,"k":100},"r":{"a":0,"k":0},"p":{"k":[{"s":[267.536,422.167,0],"t":6,"i":{"x":1,"y":1},"o":{"x":0,"y":0}},{"s":[267.435,422.585,0],"t":16,"i":{"x":1,"y":1},"o":{"x":0,"y":0}},{"s":[267.69,422.621,0],"t":49,"i":{"x":1,"y":1},"o":{"x":0,"y":0}},{"s":[267.887,422.209,0],"t":83,"i":{"x":1,"y":1},"o":{"x":0,"y":0}}]},"a":{"a":0,"k":[0,0,0]},"s":{"a":0,"k":[100,100,100]}},"ao":0,"shapes":[{"ty":"gr","it":[{"ind":0,"ty":"sh","ks":{"a":0,"k":{"i":[[0,0],[0,0]],"o":[[0,0],[0,0]],"v":[[0,0],[0,0]],"c":false}},"nm":"Path 1","hd":false},{"ty":"st","c":{"a":0,"k":[0,0,0,1]},"o":{"a":0,"k":100},"w":{"a":0,"k":17.5},"lc":2,"lj":2,"bm":0,"nm":"Stroke 1","hd":false},{"ty":"tr","p":{"a":0,"k":[0,0]},"a":{"a":0,"k":[0,0]},"s":{"a":0,"k":[100,100]},"r":{"a":0,"k":0},"o":{"a":0,"k":100},"sk":{"a":0,"k":0},"sa":{"a":0,"k":0},"nm":"Transform"}],"nm":"Group 1","bm":0,"hd":false}],"ip":0,"op":90,"st":0,"ct":1,"bm":0},{"ddd":0,"ind":11,"ty":4,"nm":"Layer 10","sr":1,"ks":{"o":{"a":0,"k":100},"r":{"a":0,"k":0},"p":{"k":[{"s":[209.169,421.848,0],"t":7,"i":{"x":1,"y":1},"o":{"x":0,"y":0}},{"s":[209.345,422.226,0],"t":13,"i":{"x":1,"y":1},"o":{"x":0,"y":0}},{"s":[209.54,422.574,0],"t":18,"i":{"x":1,"y":1},"o":{"x":0,"y":0}},{"s":[209.713,422.864,0],"t":22,"i":{"x":1,"y":1},"o":{"x":0,"y":0}},{"s":[209.893,423.156,0],"t":26,"i":{"x":1,"y":1},"o":{"x":0,"y":0}},{"s":[210.069,423.442,0],"t":30,"i":{"x":1,"y":1},"o":{"x":0,"y":0}},{"s":[210.271,423.774,0],"t":35,"i":{"x":1,"y":1},"o":{"x":0,"y":0}},{"s":[210.468,424.105,0],"t":41,"i":{"x":1,"y":1},"o":{"x":0,"y":0}},{"s":[210.394,423.694,0],"t":67,"i":{"x":1,"y":1},"o":{"x":0,"y":0}},{"s":[210.239,423.438,0],"t":70,"i":{"x":1,"y":1},"o":{"x":0,"y":0}},{"s":[210.059,423.159,0],"t":73,"i":{"x":1,"y":1},"o":{"x":0,"y":0}},{"s":[209.866,422.863,0],"t":76,"i":{"x":1,"y":1},"o":{"x":0,"y":0}},{"s":[209.671,422.555,0],"t":79,"i":{"x":1,"y":1},"o":{"x":0,"y":0}},{"s":[209.483,422.244,0],"t":82,"i":{"x":1,"y":1},"o":{"x":0,"y":0}},{"s":[209.311,421.939,0],"t":85,"i":{"x":1,"y":1},"o":{"x":0,"y":0}}]},"a":{"a":0,"k":[0,0,0]},"s":{"a":0,"k":[100,100,100]}},"ao":0,"shapes":[{"ty":"gr","it":[{"ind":0,"ty":"sh","ks":{"a":0,"k":{"i":[[0,0],[0,0]],"o":[[0,0],[0,0]],"v":[[0,0],[0,0]],"c":false}},"nm":"Path 1","hd":false},{"ty":"st","c":{"a":0,"k":[0,0,0,1]},"o":{"a":0,"k":100},"w":{"a":0,"k":17.5},"lc":2,"lj":2,"bm":0,"nm":"Stroke 1","hd":false},{"ty":"tr","p":{"a":0,"k":[0,0]},"a":{"a":0,"k":[0,0]},"s":{"a":0,"k":[100,100]},"r":{"a":0,"k":0},"o":{"a":0,"k":100},"sk":{"a":0,"k":0},"sa":{"a":0,"k":0},"nm":"Transform"}],"nm":"Group 1","bm":0,"hd":false}],"ip":0,"op":90,"st":0,"ct":1,"bm":0},{"ddd":0,"ind":12,"ty":4,"nm":"Layer 9","sr":1,"ks":{"o":{"a":0,"k":100},"r":{"a":0,"k":0},"p":{"k":[{"s":[246.358,408.921,0],"t":12,"i":{"x":1,"y":1},"o":{"x":0,"y":0}},{"s":[246.126,408.962,0],"t":15,"i":{"x":1,"y":1},"o":{"x":0,"y":0}},{"s":[245.92,408.979,0],"t":17,"i":{"x":1,"y":1},"o":{"x":0,"y":0}},{"s":[245.678,408.987,0],"t":19,"i":{"x":1,"y":1},"o":{"x":0,"y":0}},{"s":[245.546,408.986,0],"t":20,"i":{"x":1,"y":1},"o":{"x":0,"y":0}},{"s":[245.407,408.983,0],"t":21,"i":{"x":1,"y":1},"o":{"x":0,"y":0}},{"s":[245.263,408.977,0],"t":22,"i":{"x":1,"y":1},"o":{"x":0,"y":0}},{"s":[245.114,408.967,0],"t":23,"i":{"x":1,"y":1},"o":{"x":0,"y":0}},{"s":[244.961,408.954,0],"t":24,"i":{"x":1,"y":1},"o":{"x":0,"y":0}},{"s":[244.805,408.938,0],"t":25,"i":{"x":1,"y":1},"o":{"x":0,"y":0}},{"s":[244.646,408.918,0],"t":26,"i":{"x":1,"y":1},"o":{"x":0,"y":0}},{"s":[244.486,408.895,0],"t":27,"i":{"x":1,"y":1},"o":{"x":0,"y":0}},{"s":[244.325,408.869,0],"t":28,"i":{"x":1,"y":1},"o":{"x":0,"y":0}},{"s":[244.163,408.839,0],"t":29,"i":{"x":1,"y":1},"o":{"x":0,"y":0}},{"s":[244.002,408.805,0],"t":30,"i":{"x":1,"y":1},"o":{"x":0,"y":0}},{"s":[243.841,408.769,0],"t":31,"i":{"x":1,"y":1},"o":{"x":0,"y":0}},{"s":[243.682,408.729,0],"t":32,"i":{"x":1,"y":1},"o":{"x":0,"y":0}},{"s":[243.526,408.686,0],"t":33,"i":{"x":1,"y":1},"o":{"x":0,"y":0}},{"s":[243.372,408.639,0],"t":34,"i":{"x":1,"y":1},"o":{"x":0,"y":0}},{"s":[243.221,408.59,0],"t":35,"i":{"x":1,"y":1},"o":{"x":0,"y":0}},{"s":[243.074,408.539,0],"t":36,"i":{"x":1,"y":1},"o":{"x":0,"y":0}},{"s":[242.931,408.484,0],"t":37,"i":{"x":1,"y":1},"o":{"x":0,"y":0}},{"s":[242.793,408.427,0],"t":38,"i":{"x":1,"y":1},"o":{"x":0,"y":0}},{"s":[242.66,408.368,0],"t":39,"i":{"x":1,"y":1},"o":{"x":0,"y":0}},{"s":[242.533,408.307,0],"t":40,"i":{"x":1,"y":1},"o":{"x":0,"y":0}},{"s":[242.297,408.18,0],"t":42,"i":{"x":1,"y":1},"o":{"x":0,"y":0}},{"s":[242.088,408.047,0],"t":44,"i":{"x":1,"y":1},"o":{"x":0,"y":0}},{"s":[241.909,407.91,0],"t":46,"i":{"x":1,"y":1},"o":{"x":0,"y":0}},{"s":[241.701,407.704,0],"t":49,"i":{"x":1,"y":1},"o":{"x":0,"y":0}},{"s":[241.524,407.312,0],"t":55,"i":{"x":1,"y":1},"o":{"x":0,"y":0}},{"s":[241.751,406.966,0],"t":62,"i":{"x":1,"y":1},"o":{"x":0,"y":0}},{"s":[241.992,406.878,0],"t":65,"i":{"x":1,"y":1},"o":{"x":0,"y":0}},{"s":[242.199,406.846,0],"t":67,"i":{"x":1,"y":1},"o":{"x":0,"y":0}},{"s":[242.315,406.838,0],"t":68,"i":{"x":1,"y":1},"o":{"x":0,"y":0}},{"s":[242.441,406.836,0],"t":69,"i":{"x":1,"y":1},"o":{"x":0,"y":0}},{"s":[242.575,406.841,0],"t":70,"i":{"x":1,"y":1},"o":{"x":0,"y":0}},{"s":[242.718,406.853,0],"t":71,"i":{"x":1,"y":1},"o":{"x":0,"y":0}},{"s":[242.868,406.871,0],"t":72,"i":{"x":1,"y":1},"o":{"x":0,"y":0}},{"s":[243.026,406.896,0],"t":73,"i":{"x":1,"y":1},"o":{"x":0,"y":0}},{"s":[243.192,406.928,0],"t":74,"i":{"x":1,"y":1},"o":{"x":0,"y":0}},{"s":[243.365,406.968,0],"t":75,"i":{"x":1,"y":1},"o":{"x":0,"y":0}},{"s":[243.544,407.016,0],"t":76,"i":{"x":1,"y":1},"o":{"x":0,"y":0}},{"s":[243.73,407.071,0],"t":77,"i":{"x":1,"y":1},"o":{"x":0,"y":0}},{"s":[243.922,407.135,0],"t":78,"i":{"x":1,"y":1},"o":{"x":0,"y":0}},{"s":[244.12,407.206,0],"t":79,"i":{"x":1,"y":1},"o":{"x":0,"y":0}},{"s":[244.323,407.285,0],"t":80,"i":{"x":1,"y":1},"o":{"x":0,"y":0}},{"s":[244.531,407.373,0],"t":81,"i":{"x":1,"y":1},"o":{"x":0,"y":0}},{"s":[244.744,407.47,0],"t":82,"i":{"x":1,"y":1},"o":{"x":0,"y":0}},{"s":[244.96,407.574,0],"t":83,"i":{"x":1,"y":1},"o":{"x":0,"y":0}},{"s":[245.179,407.688,0],"t":84,"i":{"x":1,"y":1},"o":{"x":0,"y":0}},{"s":[245.402,407.809,0],"t":85,"i":{"x":1,"y":1},"o":{"x":0,"y":0}},{"s":[245.626,407.94,0],"t":86,"i":{"x":1,"y":1},"o":{"x":0,"y":0}},{"s":[245.853,408.079,0],"t":87,"i":{"x":1,"y":1},"o":{"x":0,"y":0}},{"s":[246.081,408.226,0],"t":88,"i":{"x":1,"y":1},"o":{"x":0,"y":0}}]},"a":{"a":0,"k":[0,0,0]},"s":{"a":0,"k":[100,100,100]}},"ao":0,"shapes":[{"ty":"gr","it":[{"ind":0,"ty":"sh","ks":{"a":0,"k":{"i":[[0,0],[0,0]],"o":[[0,0],[0,0]],"v":[[0,0],[0,0]],"c":false}},"nm":"Path 1","hd":false},{"ty":"st","c":{"a":0,"k":[0,0,0,1]},"o":{"a":0,"k":100},"w":{"a":0,"k":17.5},"lc":2,"lj":2,"bm":0,"nm":"Stroke 1","hd":false},{"ty":"tr","p":{"a":0,"k":[0,0]},"a":{"a":0,"k":[0,0]},"s":{"a":0,"k":[100,100]},"r":{"a":0,"k":0},"o":{"a":0,"k":100},"sk":{"a":0,"k":0},"sa":{"a":0,"k":0},"nm":"Transform"}],"nm":"Group 1","bm":0,"hd":false}],"ip":0,"op":90,"st":0,"ct":1,"bm":0},{"ddd":0,"ind":13,"ty":4,"nm":"Layer 6","sr":1,"ks":{"o":{"a":0,"k":100},"r":{"a":0,"k":0},"p":{"a":0,"k":[364.487,227.721,0]},"a":{"a":0,"k":[0,0,0]},"s":{"a":0,"k":[100,100,100]}},"ao":0,"shapes":[{"ty":"gr","it":[{"ind":0,"ty":"sh","ks":{"a":0,"k":{"i":[[0,0],[0,0],[42.713,0],[0,0],[0,-42.713],[0,0]],"o":[[0,0],[0,-42.713],[0,0],[-42.713,0],[0,0],[0,0]],"v":[[79.072,38.67],[79.072,38.669],[1.733,-38.67],[-1.733,-38.67],[-79.072,38.669],[-79.072,38.67]],"c":false}},"nm":"Path 1","hd":false},{"ty":"st","c":{"a":0,"k":[0,0,0,1]},"o":{"a":0,"k":100},"w":{"a":0,"k":17.5},"lc":2,"lj":2,"bm":0,"nm":"Stroke 1","hd":false},{"ty":"tr","p":{"a":0,"k":[0,0]},"a":{"a":0,"k":[0,0]},"s":{"a":0,"k":[100,100]},"r":{"a":0,"k":0},"o":{"a":0,"k":100},"sk":{"a":0,"k":0},"sa":{"a":0,"k":0},"nm":"Transform"}],"nm":"Group 1","bm":0,"hd":false}],"ip":0,"op":90,"st":0,"ct":1,"bm":0},{"ddd":0,"ind":14,"ty":4,"nm":"Layer 5","sr":1,"ks":{"o":{"a":0,"k":100},"r":{"a":0,"k":0},"p":{"a":0,"k":[364.485,368.064,0]},"a":{"a":0,"k":[0,0,0]},"s":{"a":0,"k":[100,100,100]}},"ao":0,"shapes":[{"ty":"gr","it":[{"ind":0,"ty":"sh","ks":{"a":0,"k":{"i":[[0,0],[-1.408,12.66],[0,0],[0,0],[0,0],[0,0],[0,0],[0,0],[0,0],[-12.737,0]],"o":[[12.738,0],[0,0],[0,0],[0,0],[0,0],[0,0],[0,0],[0,0],[1.409,12.659],[0,0]],"v":[[34.101,101.663],[58.948,79.425],[71.1,-29.863],[79.075,-101.663],[31.75,-101.663],[-79.075,-101.663],[-71.55,-34.012],[-67.55,2.137],[-58.949,79.427],[-34.103,101.663]],"c":true}},"nm":"Path 1","hd":false},{"ty":"st","c":{"a":0,"k":[0,0,0,1]},"o":{"a":0,"k":100},"w":{"a":0,"k":17.5},"lc":2,"lj":2,"bm":0,"nm":"Stroke 1","hd":false},{"ty":"tr","p":{"a":0,"k":[0,0]},"a":{"a":0,"k":[0,0]},"s":{"a":0,"k":[100,100]},"r":{"a":0,"k":0},"o":{"a":0,"k":100},"sk":{"a":0,"k":0},"sa":{"a":0,"k":0},"nm":"Transform"}],"nm":"Group 1","bm":0,"hd":false}],"ip":0,"op":90,"st":0,"ct":1,"bm":0},{"ddd":0,"ind":15,"ty":4,"nm":"Layer 4","sr":1,"ks":{"o":{"a":0,"k":100},"r":{"a":0,"k":0},"p":{"a":0,"k":[200.323,389.389,0]},"a":{"a":0,"k":[0,0,0]},"s":{"a":0,"k":[100,100,100]}},"ao":0,"shapes":[{"ty":"gr","it":[{"ind":0,"ty":"sh","ks":{"a":0,"k":{"i":[[0,0],[0,0],[3.636,6.304],[0,2.08],[-2.975,11.125],[-5.825,10.05],[-8.275,8.275],[-10.2,5.9],[-11.475,3.05],[-12.025,0],[-11.1,-2.975],[-3.025,0.65]],"o":[[0,0],[-7.277,0],[-1.107,-1.92],[0,-12.025],[3.075,-11.45],[5.875,-10.2],[8.275,-8.275],[10.025,-5.8],[11.1,-2.975],[12.025,0],[2.5,0.675],[0,0]],"v":[[-34.512,80.337],[-72.942,80.337],[-90.845,70.422],[-92.613,64.438],[-67.488,32.363],[-73.238,-7.962],[-35.413,-23.113],[-20.238,-60.962],[20.087,-55.188],[52.163,-80.337],[84.238,-55.188],[92.613,-55.337]],"c":false}},"nm":"Path 1","hd":false},{"ty":"st","c":{"a":0,"k":[0,0,0,1]},"o":{"a":0,"k":100},"w":{"a":0,"k":17.5},"lc":2,"lj":2,"bm":0,"nm":"Stroke 1","hd":false},{"ty":"tr","p":{"a":0,"k":[0,0]},"a":{"a":0,"k":[0,0]},"s":{"a":0,"k":[100,100]},"r":{"a":0,"k":0},"o":{"a":0,"k":100},"sk":{"a":0,"k":0},"sa":{"a":0,"k":0},"nm":"Transform"}],"nm":"Group 1","bm":0,"hd":false}],"ip":0,"op":90,"st":0,"ct":1,"bm":0},{"ddd":0,"ind":16,"ty":4,"nm":"Layer 1","sr":1,"ks":{"o":{"a":0,"k":100},"r":{"k":[{"s":[-17.385],"t":0,"i":{"x":[1],"y":[1]},"o":{"x":[0],"y":[0]}},{"s":[-16.505],"t":1,"i":{"x":[1],"y":[1]},"o":{"x":[0],"y":[0]}},{"s":[-15.659],"t":2,"i":{"x":[1],"y":[1]},"o":{"x":[0],"y":[0]}},{"s":[-14.853],"t":3,"i":{"x":[1],"y":[1]},"o":{"x":[0],"y":[0]}},{"s":[-14.088],"t":4,"i":{"x":[1],"y":[1]},"o":{"x":[0],"y":[0]}},{"s":[-13.366],"t":5,"i":{"x":[1],"y":[1]},"o":{"x":[0],"y":[0]}},{"s":[-12.691],"t":6,"i":{"x":[1],"y":[1]},"o":{"x":[0],"y":[0]}},{"s":[-12.065],"t":7,"i":{"x":[1],"y":[1]},"o":{"x":[0],"y":[0]}},{"s":[-11.489],"t":8,"i":{"x":[1],"y":[1]},"o":{"x":[0],"y":[0]}},{"s":[-10.966],"t":9,"i":{"x":[1],"y":[1]},"o":{"x":[0],"y":[0]}},{"s":[-10.491],"t":10,"i":{"x":[1],"y":[1]},"o":{"x":[0],"y":[0]}},{"s":[-10.063],"t":11,"i":{"x":[1],"y":[1]},"o":{"x":[0],"y":[0]}},{"s":[-9.681],"t":12,"i":{"x":[1],"y":[1]},"o":{"x":[0],"y":[0]}},{"s":[-9.345],"t":13,"i":{"x":[1],"y":[1]},"o":{"x":[0],"y":[0]}},{"s":[-9.052],"t":14,"i":{"x":[1],"y":[1]},"o":{"x":[0],"y":[0]}},{"s":[-8.804],"t":15,"i":{"x":[1],"y":[1]},"o":{"x":[0],"y":[0]}},{"s":[-8.599],"t":16,"i":{"x":[1],"y":[1]},"o":{"x":[0],"y":[0]}},{"s":[-8.436],"t":17,"i":{"x":[1],"y":[1]},"o":{"x":[0],"y":[0]}},{"s":[-8.314],"t":18,"i":{"x":[1],"y":[1]},"o":{"x":[0],"y":[0]}},{"s":[-8.233],"t":19,"i":{"x":[1],"y":[1]},"o":{"x":[0],"y":[0]}},{"s":[-8.19],"t":20,"i":{"x":[1],"y":[1]},"o":{"x":[0],"y":[0]}},{"s":[-8.184],"t":21,"i":{"x":[1],"y":[1]},"o":{"x":[0],"y":[0]}},{"s":[-8.216],"t":22,"i":{"x":[1],"y":[1]},"o":{"x":[0],"y":[0]}},{"s":[-8.282],"t":23,"i":{"x":[1],"y":[1]},"o":{"x":[0],"y":[0]}},{"s":[-8.382],"t":24,"i":{"x":[1],"y":[1]},"o":{"x":[0],"y":[0]}},{"s":[-8.515],"t":25,"i":{"x":[1],"y":[1]},"o":{"x":[0],"y":[0]}},{"s":[-8.679],"t":26,"i":{"x":[1],"y":[1]},"o":{"x":[0],"y":[0]}},{"s":[-8.872],"t":27,"i":{"x":[1],"y":[1]},"o":{"x":[0],"y":[0]}},{"s":[-9.093],"t":28,"i":{"x":[1],"y":[1]},"o":{"x":[0],"y":[0]}},{"s":[-9.341],"t":29,"i":{"x":[1],"y":[1]},"o":{"x":[0],"y":[0]}},{"s":[-9.614],"t":30,"i":{"x":[1],"y":[1]},"o":{"x":[0],"y":[0]}},{"s":[-9.91],"t":31,"i":{"x":[1],"y":[1]},"o":{"x":[0],"y":[0]}},{"s":[-10.228],"t":32,"i":{"x":[1],"y":[1]},"o":{"x":[0],"y":[0]}},{"s":[-10.566],"t":33,"i":{"x":[1],"y":[1]},"o":{"x":[0],"y":[0]}},{"s":[-10.922],"t":34,"i":{"x":[1],"y":[1]},"o":{"x":[0],"y":[0]}},{"s":[-11.295],"t":35,"i":{"x":[1],"y":[1]},"o":{"x":[0],"y":[0]}},{"s":[-11.683],"t":36,"i":{"x":[1],"y":[1]},"o":{"x":[0],"y":[0]}},{"s":[-12.084],"t":37,"i":{"x":[1],"y":[1]},"o":{"x":[0],"y":[0]}},{"s":[-12.496],"t":38,"i":{"x":[1],"y":[1]},"o":{"x":[0],"y":[0]}},{"s":[-12.919],"t":39,"i":{"x":[1],"y":[1]},"o":{"x":[0],"y":[0]}},{"s":[-13.35],"t":40,"i":{"x":[1],"y":[1]},"o":{"x":[0],"y":[0]}},{"s":[-13.787],"t":41,"i":{"x":[1],"y":[1]},"o":{"x":[0],"y":[0]}},{"s":[-14.229],"t":42,"i":{"x":[1],"y":[1]},"o":{"x":[0],"y":[0]}},{"s":[-14.674],"t":43,"i":{"x":[1],"y":[1]},"o":{"x":[0],"y":[0]}},{"s":[-15.567],"t":45,"i":{"x":[1],"y":[1]},"o":{"x":[0],"y":[0]}},{"s":[-16.011],"t":46,"i":{"x":[1],"y":[1]},"o":{"x":[0],"y":[0]}},{"s":[-16.452],"t":47,"i":{"x":[1],"y":[1]},"o":{"x":[0],"y":[0]}},{"s":[-16.888],"t":48,"i":{"x":[1],"y":[1]},"o":{"x":[0],"y":[0]}},{"s":[-17.316],"t":49,"i":{"x":[1],"y":[1]},"o":{"x":[0],"y":[0]}},{"s":[-17.737],"t":50,"i":{"x":[1],"y":[1]},"o":{"x":[0],"y":[0]}},{"s":[-18.148],"t":51,"i":{"x":[1],"y":[1]},"o":{"x":[0],"y":[0]}},{"s":[-18.548],"t":52,"i":{"x":[1],"y":[1]},"o":{"x":[0],"y":[0]}},{"s":[-18.935],"t":53,"i":{"x":[1],"y":[1]},"o":{"x":[0],"y":[0]}},{"s":[-19.308],"t":54,"i":{"x":[1],"y":[1]},"o":{"x":[0],"y":[0]}},{"s":[-19.665],"t":55,"i":{"x":[1],"y":[1]},"o":{"x":[0],"y":[0]}},{"s":[-20.006],"t":56,"i":{"x":[1],"y":[1]},"o":{"x":[0],"y":[0]}},{"s":[-20.33],"t":57,"i":{"x":[1],"y":[1]},"o":{"x":[0],"y":[0]}},{"s":[-20.634],"t":58,"i":{"x":[1],"y":[1]},"o":{"x":[0],"y":[0]}},{"s":[-20.918],"t":59,"i":{"x":[1],"y":[1]},"o":{"x":[0],"y":[0]}},{"s":[-21.18],"t":60,"i":{"x":[1],"y":[1]},"o":{"x":[0],"y":[0]}},{"s":[-21.421],"t":61,"i":{"x":[1],"y":[1]},"o":{"x":[0],"y":[0]}},{"s":[-21.638],"t":62,"i":{"x":[1],"y":[1]},"o":{"x":[0],"y":[0]}},{"s":[-21.832],"t":63,"i":{"x":[1],"y":[1]},"o":{"x":[0],"y":[0]}},{"s":[-22.001],"t":64,"i":{"x":[1],"y":[1]},"o":{"x":[0],"y":[0]}},{"s":[-22.144],"t":65,"i":{"x":[1],"y":[1]},"o":{"x":[0],"y":[0]}},{"s":[-22.261],"t":66,"i":{"x":[1],"y":[1]},"o":{"x":[0],"y":[0]}},{"s":[-22.352],"t":67,"i":{"x":[1],"y":[1]},"o":{"x":[0],"y":[0]}},{"s":[-22.415],"t":68,"i":{"x":[1],"y":[1]},"o":{"x":[0],"y":[0]}},{"s":[-22.451],"t":69,"i":{"x":[1],"y":[1]},"o":{"x":[0],"y":[0]}},{"s":[-22.441],"t":71,"i":{"x":[1],"y":[1]},"o":{"x":[0],"y":[0]}},{"s":[-22.394],"t":72,"i":{"x":[1],"y":[1]},"o":{"x":[0],"y":[0]}},{"s":[-22.319],"t":73,"i":{"x":[1],"y":[1]},"o":{"x":[0],"y":[0]}},{"s":[-22.216],"t":74,"i":{"x":[1],"y":[1]},"o":{"x":[0],"y":[0]}},{"s":[-22.086],"t":75,"i":{"x":[1],"y":[1]},"o":{"x":[0],"y":[0]}},{"s":[-21.929],"t":76,"i":{"x":[1],"y":[1]},"o":{"x":[0],"y":[0]}},{"s":[-21.745],"t":77,"i":{"x":[1],"y":[1]},"o":{"x":[0],"y":[0]}},{"s":[-21.535],"t":78,"i":{"x":[1],"y":[1]},"o":{"x":[0],"y":[0]}},{"s":[-21.3],"t":79,"i":{"x":[1],"y":[1]},"o":{"x":[0],"y":[0]}},{"s":[-21.041],"t":80,"i":{"x":[1],"y":[1]},"o":{"x":[0],"y":[0]}},{"s":[-20.758],"t":81,"i":{"x":[1],"y":[1]},"o":{"x":[0],"y":[0]}},{"s":[-20.453],"t":82,"i":{"x":[1],"y":[1]},"o":{"x":[0],"y":[0]}},{"s":[-20.127],"t":83,"i":{"x":[1],"y":[1]},"o":{"x":[0],"y":[0]}},{"s":[-19.781],"t":84,"i":{"x":[1],"y":[1]},"o":{"x":[0],"y":[0]}},{"s":[-19.417],"t":85,"i":{"x":[1],"y":[1]},"o":{"x":[0],"y":[0]}},{"s":[-19.036],"t":86,"i":{"x":[1],"y":[1]},"o":{"x":[0],"y":[0]}},{"s":[-18.64],"t":87,"i":{"x":[1],"y":[1]},"o":{"x":[0],"y":[0]}},{"s":[-18.232],"t":88,"i":{"x":[1],"y":[1]},"o":{"x":[0],"y":[0]}},{"s":[-17.813],"t":89,"i":{"x":[1],"y":[1]},"o":{"x":[0],"y":[0]}}]},"p":{"a":0,"k":[381.849,190.632,0]},"a":{"a":0,"k":[-43.197,42.219,0]},"s":{"a":0,"k":[100,100,100]}},"ao":0,"shapes":[{"ty":"gr","it":[{"ind":0,"ty":"sh","ks":{"a":0,"k":{"i":[[0,0],[0,0],[0,0]],"o":[[0,0],[0,0],[0,0]],"v":[[-43.197,42.219],[-17.126,-42.219],[43.197,-42.219]],"c":false}},"nm":"Path 1","hd":false},{"ty":"st","c":{"a":0,"k":[0,0,0,1]},"o":{"a":0,"k":100},"w":{"a":0,"k":17.5},"lc":2,"lj":2,"bm":0,"nm":"Stroke 1","hd":false},{"ty":"tr","p":{"a":0,"k":[0,0]},"a":{"a":0,"k":[0,0]},"s":{"a":0,"k":[100,100]},"r":{"a":0,"k":0},"o":{"a":0,"k":100},"sk":{"a":0,"k":0},"sa":{"a":0,"k":0},"nm":"Transform"}],"nm":"Group 1","bm":0,"hd":false}],"ip":0,"op":90,"st":0,"ct":1,"bm":0}],"markers":[]}