{"v":"5.7.14","fr":30,"ip":0,"op":46,"w":576,"h":576,"nm":"Bank","ddd":0,"assets":[],"layers":[{"ddd":0,"ind":1,"ty":4,"nm":"Layer 6","sr":1,"ks":{"o":{"a":0,"k":100},"r":{"a":1,"k":[{"i":{"x":[0.313],"y":[1]},"o":{"x":[0.333],"y":[0]},"t":0,"s":[0]},{"i":{"x":[0.667],"y":[1]},"o":{"x":[0.641],"y":[0]},"t":12,"s":[6]},{"i":{"x":[0.667],"y":[1]},"o":{"x":[0.333],"y":[0]},"t":24,"s":[-4]},{"i":{"x":[0.667],"y":[1]},"o":{"x":[0.333],"y":[0]},"t":30,"s":[2]},{"t":36,"s":[0]}]},"p":{"a":1,"k":[{"i":{"x":0.233,"y":1},"o":{"x":0.333,"y":0},"t":0,"s":[288,140.714,0],"to":[0,16.667,0],"ti":[0,0,0]},{"i":{"x":0.667,"y":1},"o":{"x":0.873,"y":0},"t":10,"s":[288,240.714,0],"to":[0,0,0],"ti":[0,16.667,0]},{"t":20,"s":[288,140.714,0]}]},"a":{"a":0,"k":[0,0,0]},"s":{"a":0,"k":[100,100,100]}},"ao":0,"shapes":[{"ty":"gr","it":[{"ind":0,"ty":"sh","ks":{"a":0,"k":{"i":[[0,0],[0,0],[-2.604,-1.363],[0,0]],"o":[[0,0],[2.609,-1.354],[0,0],[0,0]],"v":[[-215.455,55.309],[-3.532,-54.647],[4.787,-54.632],[215.455,55.659]],"c":false}},"nm":"Path 1","hd":false},{"ty":"st","c":{"a":0,"k":[0,0,0]},"o":{"a":0,"k":100},"w":{"a":0,"k":15},"lc":2,"lj":1,"ml":10,"bm":0,"nm":"Stroke 1","hd":false},{"ty":"tr","p":{"a":0,"k":[0,0]},"a":{"a":0,"k":[0,0]},"s":{"a":0,"k":[100,100]},"r":{"a":0,"k":0},"o":{"a":0,"k":100},"sk":{"a":0,"k":0},"sa":{"a":0,"k":0},"nm":"Transform"}],"nm":"Group 1","bm":0,"hd":false}],"ip":0,"op":47,"st":0,"bm":0},{"ddd":0,"ind":2,"ty":4,"nm":"Layer 5","sr":1,"ks":{"o":{"a":0,"k":100},"r":{"a":0,"k":0},"p":{"a":1,"k":[{"i":{"x":0.233,"y":1},"o":{"x":0.333,"y":0},"t":2,"s":[288,234.944,0],"to":[0,16.667,0],"ti":[0,0,0]},{"i":{"x":0.667,"y":1},"o":{"x":0.873,"y":0},"t":12,"s":[288,334.944,0],"to":[0,0,0],"ti":[0,16.667,0]},{"t":22,"s":[288,234.944,0]}]},"a":{"a":0,"k":[0,0,0]},"s":{"a":0,"k":[100,100,100]}},"ao":0,"shapes":[{"ty":"gr","it":[{"ind":0,"ty":"sh","ks":{"a":0,"k":{"i":[[0,0],[0,0]],"o":[[0,0],[0,0]],"v":[[-177.598,0],[177.598,0]],"c":false}},"nm":"Path 1","hd":false},{"ty":"st","c":{"a":0,"k":[0,0,0]},"o":{"a":0,"k":100},"w":{"a":0,"k":15},"lc":2,"lj":1,"ml":10,"bm":0,"nm":"Stroke 1","hd":false},{"ty":"tr","p":{"a":0,"k":[0,0]},"a":{"a":0,"k":[0,0]},"s":{"a":0,"k":[100,100]},"r":{"a":0,"k":0},"o":{"a":0,"k":100},"sk":{"a":0,"k":0},"sa":{"a":0,"k":0},"nm":"Transform"}],"nm":"Group 1","bm":0,"hd":false}],"ip":0,"op":47,"st":0,"bm":0},{"ddd":0,"ind":3,"ty":4,"nm":"Layer 4","sr":1,"ks":{"o":{"a":0,"k":100},"r":{"a":0,"k":0},"p":{"a":0,"k":[393.233,362.722,0]},"a":{"a":0,"k":[0,0,0]},"s":{"a":0,"k":[100,100,100]}},"ao":0,"shapes":[{"ty":"gr","it":[{"ind":0,"ty":"sh","ks":{"a":1,"k":[{"i":{"x":0.233,"y":1},"o":{"x":0.333,"y":0},"t":4,"s":[{"i":[[4.971,0],[0,0],[0,4.971],[0,0],[-4.971,0],[0,0],[0,-4.971],[0,0]],"o":[[0,0],[-4.971,0],[0,0],[0,-4.971],[0,0],[4.971,0],[0,0],[0,4.971]],"v":[[24.414,89.333],[-24.414,89.333],[-33.414,80.333],[-33.414,-80.333],[-24.414,-89.333],[24.414,-89.333],[33.414,-80.333],[33.414,80.333]],"c":true}]},{"i":{"x":0.667,"y":1},"o":{"x":0.873,"y":0},"t":10,"s":[{"i":[[4.971,0],[0,0],[0,4.971],[0,0],[-4.971,0],[0,0],[0,-4.971],[0,0]],"o":[[0,0],[-4.971,0],[0,0],[0,-4.971],[0,0],[4.971,0],[0,0],[0,4.971]],"v":[[24.414,89.333],[-24.414,89.333],[-33.414,80.333],[-33.414,36.502],[-24.414,27.502],[24.414,27.502],[33.414,36.502],[33.414,80.333]],"c":true}]},{"t":29,"s":[{"i":[[4.971,0],[0,0],[0,4.971],[0,0],[-4.971,0],[0,0],[0,-4.971],[0,0]],"o":[[0,0],[-4.971,0],[0,0],[0,-4.971],[0,0],[4.971,0],[0,0],[0,4.971]],"v":[[24.414,89.333],[-24.414,89.333],[-33.414,80.333],[-33.414,-80.333],[-24.414,-89.333],[24.414,-89.333],[33.414,-80.333],[33.414,80.333]],"c":true}]}]},"nm":"Path 1","hd":false},{"ty":"st","c":{"a":0,"k":[0,0,0]},"o":{"a":0,"k":100},"w":{"a":0,"k":15},"lc":2,"lj":2,"bm":0,"nm":"Stroke 1","hd":false},{"ty":"tr","p":{"a":0,"k":[0,0]},"a":{"a":0,"k":[0,0]},"s":{"a":0,"k":[100,100]},"r":{"a":0,"k":0},"o":{"a":0,"k":100},"sk":{"a":0,"k":0},"sa":{"a":0,"k":0},"nm":"Transform"}],"nm":"Group 1","bm":0,"hd":false}],"ip":0,"op":47,"st":0,"bm":0},{"ddd":0,"ind":4,"ty":4,"nm":"Layer 3","sr":1,"ks":{"o":{"a":0,"k":100},"r":{"a":0,"k":0},"p":{"a":0,"k":[288,362.722,0]},"a":{"a":0,"k":[0,0,0]},"s":{"a":0,"k":[100,100,100]}},"ao":0,"shapes":[{"ty":"gr","it":[{"ind":0,"ty":"sh","ks":{"a":1,"k":[{"i":{"x":0.233,"y":1},"o":{"x":0.333,"y":0},"t":2,"s":[{"i":[[4.971,0],[0,0],[0,4.971],[0,0],[-4.971,0],[0,0],[0,-4.971],[0,0]],"o":[[0,0],[-4.971,0],[0,0],[0,-4.971],[0,0],[4.971,0],[0,0],[0,4.971]],"v":[[24.414,89.333],[-24.414,89.333],[-33.414,80.333],[-33.414,-80.333],[-24.414,-89.333],[24.414,-89.333],[33.414,-80.333],[33.414,80.333]],"c":true}]},{"i":{"x":0.667,"y":1},"o":{"x":0.873,"y":0},"t":8,"s":[{"i":[[4.971,0],[0,0],[0,4.971],[0,0],[-4.971,0],[0,0],[0,-4.971],[0,0]],"o":[[0,0],[-4.971,0],[0,0],[0,-4.971],[0,0],[4.971,0],[0,0],[0,4.971]],"v":[[24.414,89.333],[-24.414,89.333],[-33.414,80.333],[-33.414,36.502],[-24.414,27.502],[24.414,27.502],[33.414,36.502],[33.414,80.333]],"c":true}]},{"t":27,"s":[{"i":[[4.971,0],[0,0],[0,4.971],[0,0],[-4.971,0],[0,0],[0,-4.971],[0,0]],"o":[[0,0],[-4.971,0],[0,0],[0,-4.971],[0,0],[4.971,0],[0,0],[0,4.971]],"v":[[24.414,89.333],[-24.414,89.333],[-33.414,80.333],[-33.414,-80.333],[-24.414,-89.333],[24.414,-89.333],[33.414,-80.333],[33.414,80.333]],"c":true}]}]},"nm":"Path 1","hd":false},{"ty":"st","c":{"a":0,"k":[0,0,0]},"o":{"a":0,"k":100},"w":{"a":0,"k":15},"lc":2,"lj":2,"bm":0,"nm":"Stroke 1","hd":false},{"ty":"tr","p":{"a":0,"k":[0,0]},"a":{"a":0,"k":[0,0]},"s":{"a":0,"k":[100,100]},"r":{"a":0,"k":0},"o":{"a":0,"k":100},"sk":{"a":0,"k":0},"sa":{"a":0,"k":0},"nm":"Transform"}],"nm":"Group 1","bm":0,"hd":false}],"ip":0,"op":47,"st":0,"bm":0},{"ddd":0,"ind":5,"ty":4,"nm":"Layer 2","sr":1,"ks":{"o":{"a":0,"k":100},"r":{"a":0,"k":0},"p":{"a":0,"k":[182.767,362.722,0]},"a":{"a":0,"k":[0,0,0]},"s":{"a":0,"k":[100,100,100]}},"ao":0,"shapes":[{"ty":"gr","it":[{"ind":0,"ty":"sh","ks":{"a":1,"k":[{"i":{"x":0.233,"y":1},"o":{"x":0.333,"y":0},"t":0,"s":[{"i":[[4.971,0],[0,0],[0,4.971],[0,0],[-4.971,0],[0,0],[0,-4.971],[0,0]],"o":[[0,0],[-4.971,0],[0,0],[0,-4.971],[0,0],[4.971,0],[0,0],[0,4.971]],"v":[[24.414,89.333],[-24.414,89.333],[-33.414,80.333],[-33.414,-80.333],[-24.414,-89.333],[24.414,-89.333],[33.414,-80.333],[33.414,80.333]],"c":true}]},{"i":{"x":0.667,"y":1},"o":{"x":0.873,"y":0},"t":6,"s":[{"i":[[4.971,0],[0,0],[0,4.971],[0,0],[-4.971,0],[0,0],[0,-4.971],[0,0]],"o":[[0,0],[-4.971,0],[0,0],[0,-4.971],[0,0],[4.971,0],[0,0],[0,4.971]],"v":[[24.414,89.333],[-24.414,89.333],[-33.414,80.333],[-33.414,36.502],[-24.414,27.502],[24.414,27.502],[33.414,36.502],[33.414,80.333]],"c":true}]},{"t":25,"s":[{"i":[[4.971,0],[0,0],[0,4.971],[0,0],[-4.971,0],[0,0],[0,-4.971],[0,0]],"o":[[0,0],[-4.971,0],[0,0],[0,-4.971],[0,0],[4.971,0],[0,0],[0,4.971]],"v":[[24.414,89.333],[-24.414,89.333],[-33.414,80.333],[-33.414,-80.333],[-24.414,-89.333],[24.414,-89.333],[33.414,-80.333],[33.414,80.333]],"c":true}]}]},"nm":"Path 1","hd":false},{"ty":"st","c":{"a":0,"k":[0,0,0]},"o":{"a":0,"k":100},"w":{"a":0,"k":15},"lc":2,"lj":2,"bm":0,"nm":"Stroke 1","hd":false},{"ty":"tr","p":{"a":0,"k":[0,0]},"a":{"a":0,"k":[0,0]},"s":{"a":0,"k":[100,100]},"r":{"a":0,"k":0},"o":{"a":0,"k":100},"sk":{"a":0,"k":0},"sa":{"a":0,"k":0},"nm":"Transform"}],"nm":"Group 1","bm":0,"hd":false}],"ip":0,"op":47,"st":0,"bm":0},{"ddd":0,"ind":6,"ty":4,"nm":"Layer 1","sr":1,"ks":{"o":{"a":0,"k":100},"r":{"a":0,"k":0},"p":{"a":0,"k":[288,490.944,0]},"a":{"a":0,"k":[0,0,0]},"s":{"a":0,"k":[100,100,100]}},"ao":0,"shapes":[{"ty":"gr","it":[{"ind":0,"ty":"sh","ks":{"a":0,"k":{"i":[[0,0],[0,0]],"o":[[0,0],[0,0]],"v":[[-178.032,0],[178.032,0]],"c":false}},"nm":"Path 1","hd":false},{"ty":"st","c":{"a":0,"k":[0,0,0]},"o":{"a":0,"k":100},"w":{"a":0,"k":15},"lc":2,"lj":2,"bm":0,"nm":"Stroke 1","hd":false},{"ty":"tr","p":{"a":0,"k":[0,0]},"a":{"a":0,"k":[0,0]},"s":{"a":0,"k":[100,100]},"r":{"a":0,"k":0},"o":{"a":0,"k":100},"sk":{"a":0,"k":0},"sa":{"a":0,"k":0},"nm":"Transform"}],"nm":"Group 1","bm":0,"hd":false}],"ip":0,"op":47,"st":0,"bm":0}],"markers":[]}