{"v":"5.3.4","fr":60,"ip":0,"op":114,"w":928,"h":736,"nm":"video/play","ddd":0,"assets":[],"layers":[{"ddd":0,"ind":1,"ty":4,"nm":"Слой 15","sr":1,"ks":{"o":{"a":0,"k":100,"ix":11},"r":{"a":0,"k":0,"ix":10},"p":{"a":1,"k":[{"i":{"x":0.667,"y":1},"o":{"x":0.167,"y":0},"n":"0p667_1_0p167_0","t":92,"s":[450.896,362,0],"e":[459,362,0],"to":[0,0,0],"ti":[0,0,0]},{"t":112}],"ix":2},"a":{"a":0,"k":[0,0,0],"ix":1},"s":{"a":0,"k":[100,100,100],"ix":6}},"ao":0,"shapes":[{"ty":"gr","it":[{"ind":0,"ty":"sh","ix":1,"ks":{"a":1,"k":[{"i":{"x":0.833,"y":0.833},"o":{"x":0.489,"y":0},"n":"0p833_0p833_0p489_0","t":99,"s":[{"i":[[16.667,9.622],[0,0],[0,-19.245],[0,0],[-16.667,9.622],[0,0]],"o":[[0,0],[-16.667,-9.622],[0,0],[0,19.245],[0,0],[16.667,-9.622]],"v":[[139.179,-21.651],[-69.589,-142.183],[-107.089,-120.532],[-107.089,120.532],[-69.589,142.183],[139.179,21.651]],"c":true}],"e":[{"i":[[-0.179,12.651],[0,0],[0,-19.245],[0,0],[-0.411,-0.5],[0,0]],"o":[[0,0],[-0.411,0.866],[0,0],[0,19.245],[0,0],[-0.358,-28.651]],"v":[[151.179,-73.651],[151.411,-142.366],[150.911,-120.431],[150.911,120.634],[151.411,142],[151.358,48.651]],"c":true}]},{"t":112}],"ix":2},"nm":"Path 1","mn":"ADBE Vector Shape - Group","hd":false},{"ty":"st","c":{"a":0,"k":[0,0,0,1],"ix":3},"o":{"a":0,"k":100,"ix":4},"w":{"a":0,"k":50,"ix":5},"lc":2,"lj":2,"nm":"Stroke 1","mn":"ADBE Vector Graphic - Stroke","hd":false},{"ty":"tr","p":{"a":0,"k":[0,0],"ix":2},"a":{"a":0,"k":[0,0],"ix":1},"s":{"a":0,"k":[100,100],"ix":3},"r":{"a":0,"k":0,"ix":6},"o":{"a":0,"k":100,"ix":7},"sk":{"a":0,"k":0,"ix":4},"sa":{"a":0,"k":0,"ix":5},"nm":"Transform"}],"nm":"Group 1","np":2,"cix":2,"ix":1,"mn":"ADBE Vector Group","hd":false}],"ip":88,"op":109,"st":0,"bm":0},{"ddd":0,"ind":2,"ty":4,"nm":"Слой 13","sr":1,"ks":{"o":{"a":0,"k":100,"ix":11},"r":{"a":1,"k":[{"i":{"x":[0.377],"y":[1]},"o":{"x":[0.333],"y":[0]},"n":["0p377_1_0p333_0"],"t":13,"s":[-10],"e":[8]},{"i":{"x":[0.397],"y":[1]},"o":{"x":[0.333],"y":[0]},"n":["0p397_1_0p333_0"],"t":25,"s":[8],"e":[-7]},{"i":{"x":[0.397],"y":[1]},"o":{"x":[0.333],"y":[0]},"n":["0p397_1_0p333_0"],"t":36,"s":[-7],"e":[4]},{"i":{"x":[0.355],"y":[1]},"o":{"x":[0.333],"y":[0]},"n":["0p355_1_0p333_0"],"t":44,"s":[4],"e":[-2]},{"i":{"x":[0.161],"y":[1]},"o":{"x":[0.333],"y":[0]},"n":["0p161_1_0p333_0"],"t":51,"s":[-2],"e":[0]},{"t":57}],"ix":10},"p":{"a":1,"k":[{"i":{"x":0.451,"y":1},"o":{"x":0.167,"y":0.167},"n":"0p451_1_0p167_0p167","t":21,"s":[508,362,0],"e":[450.896,362,0],"to":[0,0,0],"ti":[0,0,0]},{"t":39}],"ix":2},"a":{"a":0,"k":[0,0,0],"ix":1},"s":{"a":0,"k":[100,100,100],"ix":6}},"ao":0,"shapes":[{"ty":"gr","it":[{"ind":0,"ty":"sh","ix":1,"ks":{"a":1,"k":[{"i":{"x":0.333,"y":1},"o":{"x":0.167,"y":0.167},"n":"0p333_1_0p167_0p167","t":16,"s":[{"i":[[-0.179,12.651],[0,0],[0,-19.245],[0,0],[-0.411,-0.5],[0,0]],"o":[[0,0],[-0.411,0.866],[0,0],[0,19.245],[0,0],[-0.358,-28.651]],"v":[[151.179,-73.651],[151.411,-142.366],[150.911,-120.431],[150.911,120.634],[151.411,142],[151.358,48.651]],"c":true}],"e":[{"i":[[16.667,9.622],[0,0],[0,-19.245],[0,0],[-16.667,9.622],[0,0]],"o":[[0,0],[-16.667,-9.622],[0,0],[0,19.245],[0,0],[16.667,-9.622]],"v":[[139.179,-21.651],[-69.589,-142.183],[-107.089,-120.532],[-107.089,120.532],[-69.589,142.183],[139.179,21.651]],"c":true}]},{"i":{"x":0.519,"y":1},"o":{"x":0.333,"y":0},"n":"0p519_1_0p333_0","t":28,"s":[{"i":[[16.667,9.622],[0,0],[0,-19.245],[0,0],[-16.667,9.622],[0,0]],"o":[[0,0],[-16.667,-9.622],[0,0],[0,19.245],[0,0],[16.667,-9.622]],"v":[[139.179,-21.651],[-69.589,-142.183],[-107.089,-120.532],[-107.089,120.532],[-69.589,142.183],[139.179,21.651]],"c":true}],"e":[{"i":[[16.667,9.622],[0,0],[0,-19.245],[0,0],[-16.667,9.622],[0,0]],"o":[[0,0],[-16.667,-9.622],[0,0],[0,19.245],[0,0],[16.667,-9.622]],"v":[[139.179,-21.651],[-69.589,-142.183],[-107.089,-120.532],[-107.089,120.532],[-69.589,142.183],[139.179,21.651]],"c":true}]},{"t":55}],"ix":2},"nm":"Path 1","mn":"ADBE Vector Shape - Group","hd":false},{"ty":"st","c":{"a":0,"k":[0,0,0,1],"ix":3},"o":{"a":0,"k":100,"ix":4},"w":{"a":0,"k":50,"ix":5},"lc":2,"lj":2,"nm":"Stroke 1","mn":"ADBE Vector Graphic - Stroke","hd":false},{"ty":"tr","p":{"a":0,"k":[0,0],"ix":2},"a":{"a":0,"k":[0,0],"ix":1},"s":{"a":0,"k":[100,100],"ix":3},"r":{"a":0,"k":0,"ix":6},"o":{"a":0,"k":100,"ix":7},"sk":{"a":0,"k":0,"ix":4},"sa":{"a":0,"k":0,"ix":5},"nm":"Transform"}],"nm":"Group 1","np":2,"cix":2,"ix":1,"mn":"ADBE Vector Group","hd":false}],"ip":15,"op":88,"st":0,"bm":0},{"ddd":0,"ind":3,"ty":4,"nm":"Слой 14","parent":5,"sr":1,"ks":{"o":{"a":0,"k":100,"ix":11},"r":{"a":0,"k":0,"ix":10},"p":{"a":0,"k":[180.415,-13.288,0],"ix":2},"a":{"a":0,"k":[180.415,-13.288,0],"ix":1},"s":{"a":0,"k":[100,100,100],"ix":6}},"ao":0,"shapes":[{"ty":"gr","it":[{"ind":0,"ty":"sh","ix":1,"ks":{"a":1,"k":[{"i":{"x":0.464,"y":1},"o":{"x":0.167,"y":0.167},"n":"0p464_1_0p167_0p167","t":97,"s":[{"i":[[0,0],[0,0],[-0.052,-3.985],[0,0],[0.074,-0.143],[0,0]],"o":[[0,0],[0.074,-0.199],[0,0],[-0.052,-0.604],[0,0],[0,0]],"v":[[180.914,-13.677],[180.788,-81.823],[180.914,-77.733],[180.914,51.257],[180.788,55.051],[181,-13.508]],"c":true}],"e":[{"i":[[0,0],[0,0],[0,16.159],[0,0],[11.795,-11.045],[0,0]],"o":[[0,0],[11.795,11.045],[0,0],[0,-16.159],[0,0],[0,0]],"v":[[180.415,42.145],[362.242,212.408],[393.327,198.931],[393.327,-225.508],[362.242,-238.985],[180.773,-72.409]],"c":true}]},{"t":113}],"ix":2},"nm":"Path 1","mn":"ADBE Vector Shape - Group","hd":false},{"ty":"st","c":{"a":0,"k":[0,0,0,1],"ix":3},"o":{"a":0,"k":100,"ix":4},"w":{"a":0,"k":50,"ix":5},"lc":2,"lj":2,"nm":"Stroke 1","mn":"ADBE Vector Graphic - Stroke","hd":false},{"ty":"tr","p":{"a":0,"k":[0,0],"ix":2},"a":{"a":0,"k":[0,0],"ix":1},"s":{"a":0,"k":[100,100],"ix":3},"r":{"a":0,"k":0,"ix":6},"o":{"a":0,"k":100,"ix":7},"sk":{"a":0,"k":0,"ix":4},"sa":{"a":0,"k":0,"ix":5},"nm":"Transform"}],"nm":"Group 1","np":2,"cix":2,"ix":1,"mn":"ADBE Vector Group","hd":false}],"ip":103,"op":114,"st":86,"bm":0},{"ddd":0,"ind":4,"ty":4,"nm":"Слой 12","parent":5,"sr":1,"ks":{"o":{"a":0,"k":100,"ix":11},"r":{"a":0,"k":0,"ix":10},"p":{"a":0,"k":[180.415,-13.288,0],"ix":2},"a":{"a":0,"k":[180.415,-13.288,0],"ix":1},"s":{"a":0,"k":[100,100,100],"ix":6}},"ao":0,"shapes":[{"ty":"gr","it":[{"ind":0,"ty":"sh","ix":1,"ks":{"a":1,"k":[{"i":{"x":0.155,"y":1},"o":{"x":0.333,"y":0},"n":"0p155_1_0p333_0","t":0,"s":[{"i":[[0,0],[0,0],[0,16.159],[0,0],[11.795,-11.045],[0,0]],"o":[[0,0],[11.795,11.045],[0,0],[0,-16.159],[0,0],[0,0]],"v":[[180.415,42.145],[362.242,212.408],[393.327,198.931],[393.327,-225.508],[362.242,-238.985],[180.773,-72.409]],"c":true}],"e":[{"i":[[0,0],[0,0],[0,16.159],[0,0],[11.795,-11.045],[0,0]],"o":[[0,0],[11.795,11.045],[0,0],[0,-16.159],[0,0],[0,0]],"v":[[180.415,42.145],[362.242,212.408],[393.327,198.931],[393.327,-225.508],[362.242,-238.985],[180.773,-72.409]],"c":true}]},{"i":{"x":0.833,"y":0.833},"o":{"x":0.68,"y":0},"n":"0p833_0p833_0p68_0","t":10,"s":[{"i":[[0,0],[0,0],[0,16.159],[0,0],[11.795,-11.045],[0,0]],"o":[[0,0],[11.795,11.045],[0,0],[0,-16.159],[0,0],[0,0]],"v":[[180.415,42.145],[362.242,212.408],[393.327,198.931],[393.327,-225.508],[362.242,-238.985],[180.773,-72.409]],"c":true}],"e":[{"i":[[0,0],[0,0],[-0.052,-3.985],[0,0],[0.074,-0.143],[0,0]],"o":[[0,0],[0.074,-0.199],[0,0],[-0.052,-0.604],[0,0],[0,0]],"v":[[180.914,-13.677],[180.788,-81.823],[180.914,-77.733],[180.914,51.257],[180.788,55.051],[181,-13.508]],"c":true}]},{"t":27}],"ix":2},"nm":"Path 1","mn":"ADBE Vector Shape - Group","hd":false},{"ty":"st","c":{"a":0,"k":[0,0,0,1],"ix":3},"o":{"a":0,"k":100,"ix":4},"w":{"a":0,"k":50,"ix":5},"lc":2,"lj":2,"nm":"Stroke 1","mn":"ADBE Vector Graphic - Stroke","hd":false},{"ty":"tr","p":{"a":0,"k":[0,0],"ix":2},"a":{"a":0,"k":[0,0],"ix":1},"s":{"a":0,"k":[100,100],"ix":3},"r":{"a":0,"k":0,"ix":6},"o":{"a":0,"k":100,"ix":7},"sk":{"a":0,"k":0,"ix":4},"sa":{"a":0,"k":0,"ix":5},"nm":"Transform"}],"nm":"Group 1","np":2,"cix":2,"ix":1,"mn":"ADBE Vector Group","hd":false}],"ip":0,"op":26,"st":0,"bm":0},{"ddd":0,"ind":5,"ty":4,"nm":"Слой 11","sr":1,"ks":{"o":{"a":0,"k":100,"ix":11},"r":{"a":1,"k":[{"i":{"x":[0.397],"y":[1]},"o":{"x":[0.333],"y":[0]},"n":["0p397_1_0p333_0"],"t":0,"s":[0],"e":[-10]},{"i":{"x":[0.377],"y":[1]},"o":{"x":[0.333],"y":[0]},"n":["0p377_1_0p333_0"],"t":15,"s":[-10],"e":[8.533]},{"i":{"x":[0.161],"y":[1]},"o":{"x":[0.333],"y":[0]},"n":["0p161_1_0p333_0"],"t":27,"s":[8.533],"e":[0]},{"t":54}],"ix":10},"p":{"a":1,"k":[{"i":{"x":0.429,"y":1},"o":{"x":0.333,"y":0},"n":"0p429_1_0p333_0","t":1,"s":[430,362,0],"e":[538.74,362,0],"to":[18.1233158111572,0,0],"ti":[-18.1233158111572,0,0]},{"i":{"x":0.557,"y":0.557},"o":{"x":0.333,"y":0.333},"n":"0p557_0p557_0p333_0p333","t":32,"s":[538.74,362,0],"e":[538.74,362,0],"to":[0,0,0],"ti":[0,0,0]},{"i":{"x":0.371,"y":1},"o":{"x":0.333,"y":0},"n":"0p371_1_0p333_0","t":93,"s":[538.74,362,0],"e":[430,362,0],"to":[-18.1233158111572,0,0],"ti":[18.1233158111572,0,0]},{"t":111}],"ix":2},"a":{"a":0,"k":[0,0,0],"ix":1},"s":{"a":0,"k":[100,100,100],"ix":6}},"ao":0,"shapes":[{"ty":"gr","it":[{"ind":0,"ty":"sh","ix":1,"ks":{"a":0,"k":{"i":[[99,0],[0,0],[0,99],[0,0],[-99,0],[0,0],[0,-99],[0,0]],"o":[[0,0],[-99,0],[0,0],[0,-99],[0,0],[99,0],[0,0],[0,99]],"v":[[0.415,295.745],[-220.329,295.745],[-400.329,115.745],[-400.329,-115.745],[-220.329,-295.745],[0.415,-295.745],[180.415,-115.745],[180.415,115.745]],"c":true},"ix":2},"nm":"Path 1","mn":"ADBE Vector Shape - Group","hd":false},{"ty":"st","c":{"a":0,"k":[0,0,0,1],"ix":3},"o":{"a":0,"k":100,"ix":4},"w":{"a":0,"k":50,"ix":5},"lc":2,"lj":2,"nm":"Stroke 1","mn":"ADBE Vector Graphic - Stroke","hd":false},{"ty":"tr","p":{"a":0,"k":[0,0],"ix":2},"a":{"a":0,"k":[0,0],"ix":1},"s":{"a":0,"k":[100,100],"ix":3},"r":{"a":0,"k":0,"ix":6},"o":{"a":0,"k":100,"ix":7},"sk":{"a":0,"k":0,"ix":4},"sa":{"a":0,"k":0,"ix":5},"nm":"Transform"}],"nm":"Group 1","np":2,"cix":2,"ix":1,"mn":"ADBE Vector Group","hd":false}],"ip":0,"op":114,"st":0,"bm":0}],"markers":[]}