{"v":"5.3.4","fr":60,"ip":0,"op":237,"w":1000,"h":396,"nm":"Truck 2","ddd":0,"assets":[{"id":"comp_0","layers":[{"ddd":0,"ind":1,"ty":4,"nm":"Слой 10","sr":1,"ks":{"o":{"a":0,"k":100,"ix":11},"r":{"a":0,"k":0,"ix":10},"p":{"a":0,"k":[253.955,540.546,0],"ix":2},"a":{"a":0,"k":[-233.667,40.546,0],"ix":1},"s":{"a":0,"k":[100,100,100],"ix":6}},"ao":0,"shapes":[{"ty":"gr","it":[{"ind":0,"ty":"sh","ix":1,"ks":{"a":0,"k":{"i":[[0,0],[0,0]],"o":[[0,0],[0,0]],"v":[[-183.667,40.546],[-283.667,40.546]],"c":false},"ix":2},"nm":"Path 1","mn":"ADBE Vector Shape - Group","hd":false},{"ty":"st","c":{"a":0,"k":[0,0,0,1],"ix":3},"o":{"a":0,"k":100,"ix":4},"w":{"a":0,"k":40,"ix":5},"lc":2,"lj":2,"nm":"Stroke 1","mn":"ADBE Vector Graphic - Stroke","hd":false},{"ty":"tr","p":{"a":0,"k":[0,0],"ix":2},"a":{"a":0,"k":[0,0],"ix":1},"s":{"a":0,"k":[100,100],"ix":3},"r":{"a":0,"k":0,"ix":6},"o":{"a":0,"k":100,"ix":7},"sk":{"a":0,"k":0,"ix":4},"sa":{"a":0,"k":0,"ix":5},"nm":"Transform"}],"nm":"Group 1","np":2,"cix":2,"ix":1,"mn":"ADBE Vector Group","hd":false},{"ty":"tm","s":{"a":1,"k":[{"i":{"x":[0.485],"y":[1.001]},"o":{"x":[0.333],"y":[0]},"n":["0p485_1p001_0p333_0"],"t":46,"s":[0],"e":[100]},{"t":61}],"ix":1},"e":{"a":1,"k":[{"i":{"x":[0.523],"y":[1.001]},"o":{"x":[0.333],"y":[0]},"n":["0p523_1p001_0p333_0"],"t":36,"s":[0],"e":[100]},{"t":55}],"ix":2},"o":{"a":0,"k":0,"ix":3},"m":1,"ix":2,"nm":"Trim Paths 1","mn":"ADBE Vector Filter - Trim","hd":false}],"ip":36,"op":61,"st":34,"bm":0},{"ddd":0,"ind":2,"ty":4,"nm":"Слой 9","sr":1,"ks":{"o":{"a":0,"k":100,"ix":11},"r":{"a":0,"k":0,"ix":10},"p":{"a":0,"k":[228.955,473.546,0],"ix":2},"a":{"a":0,"k":[-258.667,-26.454,0],"ix":1},"s":{"a":0,"k":[100,100,100],"ix":6}},"ao":0,"shapes":[{"ty":"gr","it":[{"ind":0,"ty":"sh","ix":1,"ks":{"a":0,"k":{"i":[[0,0],[0,0]],"o":[[0,0],[0,0]],"v":[[-183.667,-26.454],[-333.667,-26.454]],"c":false},"ix":2},"nm":"Path 1","mn":"ADBE Vector Shape - Group","hd":false},{"ty":"st","c":{"a":0,"k":[0,0,0,1],"ix":3},"o":{"a":0,"k":100,"ix":4},"w":{"a":0,"k":40,"ix":5},"lc":2,"lj":2,"nm":"Stroke 1","mn":"ADBE Vector Graphic - Stroke","hd":false},{"ty":"tr","p":{"a":0,"k":[0,0],"ix":2},"a":{"a":0,"k":[0,0],"ix":1},"s":{"a":0,"k":[100,100],"ix":3},"r":{"a":0,"k":0,"ix":6},"o":{"a":0,"k":100,"ix":7},"sk":{"a":0,"k":0,"ix":4},"sa":{"a":0,"k":0,"ix":5},"nm":"Transform"}],"nm":"Group 1","np":2,"cix":2,"ix":1,"mn":"ADBE Vector Group","hd":false},{"ty":"tm","s":{"a":1,"k":[{"i":{"x":[0.485],"y":[1.001]},"o":{"x":[0.333],"y":[0]},"n":["0p485_1p001_0p333_0"],"t":53,"s":[0],"e":[100]},{"t":68}],"ix":1},"e":{"a":1,"k":[{"i":{"x":[0.523],"y":[1.001]},"o":{"x":[0.333],"y":[0]},"n":["0p523_1p001_0p333_0"],"t":43,"s":[0],"e":[100]},{"t":62}],"ix":2},"o":{"a":0,"k":0,"ix":3},"m":1,"ix":2,"nm":"Trim Paths 1","mn":"ADBE Vector Filter - Trim","hd":false}],"ip":43,"op":68,"st":34,"bm":0},{"ddd":0,"ind":3,"ty":4,"nm":"Слой 8","sr":1,"ks":{"o":{"a":0,"k":100,"ix":11},"r":{"a":0,"k":0,"ix":10},"p":{"a":0,"k":[253.955,405.546,0],"ix":2},"a":{"a":0,"k":[-233.667,-94.454,0],"ix":1},"s":{"a":0,"k":[100,100,100],"ix":6}},"ao":0,"shapes":[{"ty":"gr","it":[{"ind":0,"ty":"sh","ix":1,"ks":{"a":0,"k":{"i":[[0,0],[0,0]],"o":[[0,0],[0,0]],"v":[[-183.667,-94.454],[-283.667,-94.454]],"c":false},"ix":2},"nm":"Path 1","mn":"ADBE Vector Shape - Group","hd":false},{"ty":"st","c":{"a":0,"k":[0,0,0,1],"ix":3},"o":{"a":0,"k":100,"ix":4},"w":{"a":0,"k":40,"ix":5},"lc":2,"lj":2,"nm":"Stroke 1","mn":"ADBE Vector Graphic - Stroke","hd":false},{"ty":"tr","p":{"a":0,"k":[0,0],"ix":2},"a":{"a":0,"k":[0,0],"ix":1},"s":{"a":0,"k":[100,100],"ix":3},"r":{"a":0,"k":0,"ix":6},"o":{"a":0,"k":100,"ix":7},"sk":{"a":0,"k":0,"ix":4},"sa":{"a":0,"k":0,"ix":5},"nm":"Transform"}],"nm":"Group 1","np":2,"cix":2,"ix":1,"mn":"ADBE Vector Group","hd":false},{"ty":"tm","s":{"a":1,"k":[{"i":{"x":[0.485],"y":[1.001]},"o":{"x":[0.333],"y":[0]},"n":["0p485_1p001_0p333_0"],"t":62,"s":[0],"e":[100]},{"t":77}],"ix":1},"e":{"a":1,"k":[{"i":{"x":[0.523],"y":[1.001]},"o":{"x":[0.333],"y":[0]},"n":["0p523_1p001_0p333_0"],"t":52,"s":[0],"e":[100]},{"t":71}],"ix":2},"o":{"a":0,"k":0,"ix":3},"m":1,"ix":2,"nm":"Trim Paths 1","mn":"ADBE Vector Filter - Trim","hd":false}],"ip":52,"op":77,"st":34,"bm":0},{"ddd":0,"ind":4,"ty":4,"nm":"Слой 7","sr":1,"ks":{"o":{"a":0,"k":100,"ix":11},"r":{"a":0,"k":0,"ix":10},"p":{"a":1,"k":[{"i":{"x":0.598,"y":1},"o":{"x":0.333,"y":0},"n":"0p598_1_0p333_0","t":3,"s":[-108.112,612,0],"e":[766.888,612,0],"to":[38.4260330200195,0,0],"ti":[-17.0739669799805,0,0]},{"i":{"x":0.523,"y":1},"o":{"x":0.333,"y":0},"n":"0p523_1_0p333_0","t":31,"s":[766.888,612,0],"e":[733.888,612,0],"to":[55.5,0,0],"ti":[0,0,0]},{"i":{"x":0.566,"y":0.566},"o":{"x":0.167,"y":0.167},"n":"0p566_0p566_0p167_0p167","t":46,"s":[733.888,612,0],"e":[733.888,612,0],"to":[0,0,0],"ti":[0,0,0]},{"i":{"x":0.336,"y":1},"o":{"x":0.333,"y":0},"n":"0p336_1_0p333_0","t":87,"s":[733.888,612,0],"e":[652.888,612,0],"to":[0,0,0],"ti":[0,0,0]},{"i":{"x":0.527,"y":1},"o":{"x":0.333,"y":0},"n":"0p527_1_0p333_0","t":98,"s":[652.888,612,0],"e":[1397.888,612,0],"to":[0,0,0],"ti":[0,0,0]},{"t":129}],"ix":2},"a":{"a":0,"k":[246.266,112,0],"ix":1},"s":{"a":0,"k":[100,100,100],"ix":6}},"ao":0,"shapes":[{"ty":"gr","it":[{"ind":0,"ty":"sh","ix":1,"ks":{"a":1,"k":[{"i":{"x":0.407,"y":1},"o":{"x":0.333,"y":0},"n":"0p407_1_0p333_0","t":0,"s":[{"i":[[0,-20.987],[4.387,0],[0,20.987],[-4.387,0]],"o":[[0,20.987],[-4.387,0],[0,-20.987],[4.387,0]],"v":[[330.266,112],[322.322,150],[314.378,112],[322.322,74]],"c":true}],"e":[{"i":[[0,-17.673],[20.987,0],[0,17.673],[-20.987,0]],"o":[[0,17.673],[-20.987,0],[0,-17.673],[20.987,0]],"v":[[284.266,110],[246.266,142],[208.266,110],[246.266,78]],"c":true}]},{"i":{"x":0.465,"y":1},"o":{"x":0.333,"y":0},"n":"0p465_1_0p333_0","t":10,"s":[{"i":[[0,-17.673],[20.987,0],[0,17.673],[-20.987,0]],"o":[[0,17.673],[-20.987,0],[0,-17.673],[20.987,0]],"v":[[284.266,110],[246.266,142],[208.266,110],[246.266,78]],"c":true}],"e":[{"i":[[0,-20.987],[20.987,0],[0,20.987],[-20.987,0]],"o":[[0,20.987],[-20.987,0],[0,-20.987],[20.987,0]],"v":[[284.266,128],[246.266,166],[208.266,128],[246.266,90]],"c":true}]},{"i":{"x":0.501,"y":1},"o":{"x":0.333,"y":0},"n":"0p501_1_0p333_0","t":20,"s":[{"i":[[0,-20.987],[20.987,0],[0,20.987],[-20.987,0]],"o":[[0,20.987],[-20.987,0],[0,-20.987],[20.987,0]],"v":[[284.266,128],[246.266,166],[208.266,128],[246.266,90]],"c":true}],"e":[{"i":[[0,-17.673],[20.987,0],[0,17.673],[-20.987,0]],"o":[[0,17.673],[-20.987,0],[0,-17.673],[20.987,0]],"v":[[284.266,124],[246.266,156],[208.266,124],[246.266,92]],"c":true}]},{"i":{"x":0.527,"y":1},"o":{"x":0.333,"y":0},"n":"0p527_1_0p333_0","t":32,"s":[{"i":[[0,-17.673],[20.987,0],[0,17.673],[-20.987,0]],"o":[[0,17.673],[-20.987,0],[0,-17.673],[20.987,0]],"v":[[284.266,124],[246.266,156],[208.266,124],[246.266,92]],"c":true}],"e":[{"i":[[0,-20.987],[20.987,0],[0,20.987],[-20.987,0]],"o":[[0,20.987],[-20.987,0],[0,-20.987],[20.987,0]],"v":[[284.266,112],[246.266,150],[208.266,112],[246.266,74]],"c":true}]},{"i":{"x":0.628,"y":1},"o":{"x":0.167,"y":0},"n":"0p628_1_0p167_0","t":47,"s":[{"i":[[0,-20.987],[20.987,0],[0,20.987],[-20.987,0]],"o":[[0,20.987],[-20.987,0],[0,-20.987],[20.987,0]],"v":[[284.266,112],[246.266,150],[208.266,112],[246.266,74]],"c":true}],"e":[{"i":[[0,-20.987],[20.987,0],[0,20.987],[-20.987,0]],"o":[[0,20.987],[-20.987,0],[0,-20.987],[20.987,0]],"v":[[284.266,112],[246.266,150],[208.266,112],[246.266,74]],"c":true}]},{"i":{"x":0.543,"y":1},"o":{"x":0.333,"y":0},"n":"0p543_1_0p333_0","t":87,"s":[{"i":[[0,-20.987],[20.987,0],[0,20.987],[-20.987,0]],"o":[[0,20.987],[-20.987,0],[0,-20.987],[20.987,0]],"v":[[284.266,112],[246.266,150],[208.266,112],[246.266,74]],"c":true}],"e":[{"i":[[0,-22.368],[20.987,0],[0,22.368],[-20.987,0]],"o":[[0,22.368],[-20.987,0],[0,-22.368],[20.987,0]],"v":[[284.266,107.5],[246.266,148],[208.266,107.5],[246.266,67]],"c":true}]},{"i":{"x":0.515,"y":1},"o":{"x":0.333,"y":0},"n":"0p515_1_0p333_0","t":98,"s":[{"i":[[0,-22.368],[20.987,0],[0,22.368],[-20.987,0]],"o":[[0,22.368],[-20.987,0],[0,-22.368],[20.987,0]],"v":[[284.266,107.5],[246.266,148],[208.266,107.5],[246.266,67]],"c":true}],"e":[{"i":[[0,-20.987],[20.987,0],[0,20.987],[-20.987,0]],"o":[[0,20.987],[-20.987,0],[0,-20.987],[20.987,0]],"v":[[284.266,128],[246.266,166],[208.266,128],[246.266,90]],"c":true}]},{"i":{"x":0.496,"y":1},"o":{"x":0.333,"y":0},"n":"0p496_1_0p333_0","t":107,"s":[{"i":[[0,-20.987],[20.987,0],[0,20.987],[-20.987,0]],"o":[[0,20.987],[-20.987,0],[0,-20.987],[20.987,0]],"v":[[284.266,128],[246.266,166],[208.266,128],[246.266,90]],"c":true}],"e":[{"i":[[0,-20.987],[20.987,0],[0,20.987],[-20.987,0]],"o":[[0,20.987],[-20.987,0],[0,-20.987],[20.987,0]],"v":[[284.266,115.037],[246.266,153.037],[208.266,115.037],[246.266,77.037]],"c":true}]},{"i":{"x":0.515,"y":1},"o":{"x":0.333,"y":0},"n":"0p515_1_0p333_0","t":117,"s":[{"i":[[0,-20.987],[20.987,0],[0,20.987],[-20.987,0]],"o":[[0,20.987],[-20.987,0],[0,-20.987],[20.987,0]],"v":[[284.266,115.037],[246.266,153.037],[208.266,115.037],[246.266,77.037]],"c":true}],"e":[{"i":[[0,-20.987],[3.283,0],[0,20.987],[-3.283,0]],"o":[[0,20.987],[-3.283,0],[0,-20.987],[3.283,0]],"v":[[-113.734,120],[-119.678,158],[-125.622,120],[-119.678,82]],"c":true}]},{"t":127}],"ix":2},"nm":"Path 1","mn":"ADBE Vector Shape - Group","hd":false},{"ty":"st","c":{"a":0,"k":[0,0,0,1],"ix":3},"o":{"a":0,"k":100,"ix":4},"w":{"a":0,"k":40,"ix":5},"lc":2,"lj":2,"nm":"Stroke 1","mn":"ADBE Vector Graphic - Stroke","hd":false},{"ty":"tr","p":{"a":0,"k":[0,-3],"ix":2},"a":{"a":0,"k":[0,0],"ix":1},"s":{"a":0,"k":[100,100],"ix":3},"r":{"a":0,"k":0,"ix":6},"o":{"a":0,"k":100,"ix":7},"sk":{"a":0,"k":0,"ix":4},"sa":{"a":0,"k":0,"ix":5},"nm":"Transform"}],"nm":"Group 1","np":2,"cix":2,"ix":1,"mn":"ADBE Vector Group","hd":false}],"ip":2,"op":127,"st":0,"bm":0},{"ddd":0,"ind":5,"ty":4,"nm":"Слой 6","sr":1,"ks":{"o":{"a":0,"k":100,"ix":11},"r":{"a":0,"k":0,"ix":10},"p":{"a":1,"k":[{"i":{"x":0.598,"y":1},"o":{"x":0.333,"y":0},"n":"0p598_1_0p333_0","t":3,"s":[-394.712,612,0],"e":[480.288,612,0],"to":[38.4258155822754,0,0],"ti":[-17.0741863250732,0,0]},{"i":{"x":0.523,"y":1},"o":{"x":0.333,"y":0},"n":"0p523_1_0p333_0","t":31,"s":[480.288,612,0],"e":[447.288,612,0],"to":[55.5,0,0],"ti":[0,0,0]},{"i":{"x":0.566,"y":0.566},"o":{"x":0.167,"y":0.167},"n":"0p566_0p566_0p167_0p167","t":46,"s":[447.288,612,0],"e":[447.288,612,0],"to":[0,0,0],"ti":[0,0,0]},{"i":{"x":0.336,"y":1},"o":{"x":0.333,"y":0},"n":"0p336_1_0p333_0","t":87,"s":[447.288,612,0],"e":[366.288,612,0],"to":[0,0,0],"ti":[0,0,0]},{"i":{"x":0.527,"y":1},"o":{"x":0.333,"y":0},"n":"0p527_1_0p333_0","t":98,"s":[366.288,612,0],"e":[1111.288,612,0],"to":[0,0,0],"ti":[0,0,0]},{"t":129}],"ix":2},"a":{"a":0,"k":[-40.333,112,0],"ix":1},"s":{"a":0,"k":[100,100,100],"ix":6}},"ao":0,"shapes":[{"ty":"gr","it":[{"ind":0,"ty":"sh","ix":1,"ks":{"a":1,"k":[{"i":{"x":0.407,"y":1},"o":{"x":0.333,"y":0},"n":"0p407_1_0p333_0","t":0,"s":[{"i":[[0,-20.987],[3.117,0],[0,20.987],[-3.117,0]],"o":[[0,20.987],[-3.117,0],[0,-20.987],[3.117,0]],"v":[[331.667,112],[326.022,150],[320.378,112],[326.022,74]],"c":true}],"e":[{"i":[[0,-18.502],[20.987,0],[0,18.502],[-20.987,0]],"o":[[0,18.502],[-20.987,0],[0,-18.502],[20.987,0]],"v":[[-2.333,109.5],[-40.333,143],[-78.333,109.5],[-40.333,76]],"c":true}]},{"i":{"x":0.465,"y":1},"o":{"x":0.333,"y":0},"n":"0p465_1_0p333_0","t":10,"s":[{"i":[[0,-18.502],[20.987,0],[0,18.502],[-20.987,0]],"o":[[0,18.502],[-20.987,0],[0,-18.502],[20.987,0]],"v":[[-2.333,109.5],[-40.333,143],[-78.333,109.5],[-40.333,76]],"c":true}],"e":[{"i":[[0,-20.987],[20.987,0],[0,20.987],[-20.987,0]],"o":[[0,20.987],[-20.987,0],[0,-20.987],[20.987,0]],"v":[[-2.333,128],[-40.333,166],[-78.333,128],[-40.333,90]],"c":true}]},{"i":{"x":0.501,"y":1},"o":{"x":0.333,"y":0},"n":"0p501_1_0p333_0","t":20,"s":[{"i":[[0,-20.987],[20.987,0],[0,20.987],[-20.987,0]],"o":[[0,20.987],[-20.987,0],[0,-20.987],[20.987,0]],"v":[[-2.333,128],[-40.333,166],[-78.333,128],[-40.333,90]],"c":true}],"e":[{"i":[[0,-23.748],[20.987,0],[0,23.748],[-20.987,0]],"o":[[0,23.748],[-20.987,0],[0,-23.748],[20.987,0]],"v":[[-2.333,103],[-40.333,146],[-78.333,103],[-40.333,60]],"c":true}]},{"i":{"x":0.527,"y":1},"o":{"x":0.333,"y":0},"n":"0p527_1_0p333_0","t":32,"s":[{"i":[[0,-23.748],[20.987,0],[0,23.748],[-20.987,0]],"o":[[0,23.748],[-20.987,0],[0,-23.748],[20.987,0]],"v":[[-2.333,103],[-40.333,146],[-78.333,103],[-40.333,60]],"c":true}],"e":[{"i":[[0,-20.987],[20.987,0],[0,20.987],[-20.987,0]],"o":[[0,20.987],[-20.987,0],[0,-20.987],[20.987,0]],"v":[[-2.333,112],[-40.333,150],[-78.333,112],[-40.333,74]],"c":true}]},{"i":{"x":0.628,"y":1},"o":{"x":0.167,"y":0},"n":"0p628_1_0p167_0","t":47,"s":[{"i":[[0,-20.987],[20.987,0],[0,20.987],[-20.987,0]],"o":[[0,20.987],[-20.987,0],[0,-20.987],[20.987,0]],"v":[[-2.333,112],[-40.333,150],[-78.333,112],[-40.333,74]],"c":true}],"e":[{"i":[[0,-20.987],[20.987,0],[0,20.987],[-20.987,0]],"o":[[0,20.987],[-20.987,0],[0,-20.987],[20.987,0]],"v":[[-2.333,112],[-40.333,150],[-78.333,112],[-40.333,74]],"c":true}]},{"i":{"x":0.543,"y":1},"o":{"x":0.333,"y":0},"n":"0p543_1_0p333_0","t":87,"s":[{"i":[[0,-20.987],[20.987,0],[0,20.987],[-20.987,0]],"o":[[0,20.987],[-20.987,0],[0,-20.987],[20.987,0]],"v":[[-2.333,112],[-40.333,150],[-78.333,112],[-40.333,74]],"c":true}],"e":[{"i":[[0,-18.502],[20.987,0],[0,18.502],[-20.987,0]],"o":[[0,18.502],[-20.987,0],[0,-18.502],[20.987,0]],"v":[[-2.333,124.5],[-40.333,158],[-78.333,124.5],[-40.333,91]],"c":true}]},{"i":{"x":0.515,"y":1},"o":{"x":0.333,"y":0},"n":"0p515_1_0p333_0","t":98,"s":[{"i":[[0,-18.502],[20.987,0],[0,18.502],[-20.987,0]],"o":[[0,18.502],[-20.987,0],[0,-18.502],[20.987,0]],"v":[[-2.333,124.5],[-40.333,158],[-78.333,124.5],[-40.333,91]],"c":true}],"e":[{"i":[[0,-20.987],[20.987,0],[0,20.987],[-20.987,0]],"o":[[0,20.987],[-20.987,0],[0,-20.987],[20.987,0]],"v":[[-2.333,128],[-40.333,166],[-78.333,128],[-40.333,90]],"c":true}]},{"i":{"x":0.496,"y":1},"o":{"x":0.333,"y":0},"n":"0p496_1_0p333_0","t":107,"s":[{"i":[[0,-20.987],[20.987,0],[0,20.987],[-20.987,0]],"o":[[0,20.987],[-20.987,0],[0,-20.987],[20.987,0]],"v":[[-2.333,128],[-40.333,166],[-78.333,128],[-40.333,90]],"c":true}],"e":[{"i":[[0,-20.987],[20.987,0],[0,20.987],[-20.987,0]],"o":[[0,20.987],[-20.987,0],[0,-20.987],[20.987,0]],"v":[[-2.333,115.037],[-40.333,153.037],[-78.333,115.037],[-40.333,77.037]],"c":true}]},{"i":{"x":0.515,"y":1},"o":{"x":0.333,"y":0},"n":"0p515_1_0p333_0","t":117,"s":[{"i":[[0,-20.987],[20.987,0],[0,20.987],[-20.987,0]],"o":[[0,20.987],[-20.987,0],[0,-20.987],[20.987,0]],"v":[[-2.333,115.037],[-40.333,153.037],[-78.333,115.037],[-40.333,77.037]],"c":true}],"e":[{"i":[[0,-20.987],[5.167,0],[0,20.987],[-5.167,0]],"o":[[0,20.987],[-5.167,0],[0,-20.987],[5.167,0]],"v":[[-113.622,120],[-122.978,158],[-132.333,120],[-122.978,82]],"c":true}]},{"t":127}],"ix":2},"nm":"Path 1","mn":"ADBE Vector Shape - Group","hd":false},{"ty":"st","c":{"a":0,"k":[0,0,0,1],"ix":3},"o":{"a":0,"k":100,"ix":4},"w":{"a":0,"k":40,"ix":5},"lc":2,"lj":2,"nm":"Stroke 1","mn":"ADBE Vector Graphic - Stroke","hd":false},{"ty":"tr","p":{"a":0,"k":[0,-3],"ix":2},"a":{"a":0,"k":[0,0],"ix":1},"s":{"a":0,"k":[100,100],"ix":3},"r":{"a":0,"k":0,"ix":6},"o":{"a":0,"k":100,"ix":7},"sk":{"a":0,"k":0,"ix":4},"sa":{"a":0,"k":0,"ix":5},"nm":"Transform"}],"nm":"Group 1","np":2,"cix":2,"ix":1,"mn":"ADBE Vector Group","hd":false}],"ip":2,"op":127,"st":0,"bm":0},{"ddd":0,"ind":6,"ty":4,"nm":"Слой 11","td":1,"sr":1,"ks":{"o":{"a":0,"k":100,"ix":11},"r":{"a":0,"k":0,"ix":10},"p":{"a":1,"k":[{"i":{"x":0.598,"y":1},"o":{"x":0.333,"y":0},"n":"0p598_1_0p333_0","t":3,"s":[-108.112,612,0],"e":[766.888,612,0],"to":[38.4260330200195,0,0],"ti":[-17.0739669799805,0,0]},{"i":{"x":0.523,"y":1},"o":{"x":0.333,"y":0},"n":"0p523_1_0p333_0","t":31,"s":[766.888,612,0],"e":[733.888,612,0],"to":[55.5,0,0],"ti":[0,0,0]},{"i":{"x":0.566,"y":0.566},"o":{"x":0.167,"y":0.167},"n":"0p566_0p566_0p167_0p167","t":46,"s":[733.888,612,0],"e":[733.888,612,0],"to":[0,0,0],"ti":[0,0,0]},{"i":{"x":0.336,"y":1},"o":{"x":0.333,"y":0},"n":"0p336_1_0p333_0","t":87,"s":[733.888,612,0],"e":[652.888,612,0],"to":[0,0,0],"ti":[0,0,0]},{"i":{"x":0.527,"y":1},"o":{"x":0.333,"y":0},"n":"0p527_1_0p333_0","t":98,"s":[652.888,612,0],"e":[1397.888,612,0],"to":[0,0,0],"ti":[0,0,0]},{"t":129}],"ix":2},"a":{"a":0,"k":[246.266,112,0],"ix":1},"s":{"a":0,"k":[100,100,100],"ix":6}},"ao":0,"shapes":[{"ty":"gr","it":[{"ind":0,"ty":"sh","ix":1,"ks":{"a":1,"k":[{"i":{"x":0.407,"y":1},"o":{"x":0.333,"y":0},"n":"0p407_1_0p333_0","t":0,"s":[{"i":[[0,-20.987],[4.387,0],[0,20.987],[-4.387,0]],"o":[[0,20.987],[-4.387,0],[0,-20.987],[4.387,0]],"v":[[330.266,112],[322.322,150],[314.378,112],[322.322,74]],"c":true}],"e":[{"i":[[0,-17.673],[20.987,0],[0,17.673],[-20.987,0]],"o":[[0,17.673],[-20.987,0],[0,-17.673],[20.987,0]],"v":[[284.266,110],[246.266,142],[208.266,110],[246.266,78]],"c":true}]},{"i":{"x":0.465,"y":1},"o":{"x":0.333,"y":0},"n":"0p465_1_0p333_0","t":10,"s":[{"i":[[0,-17.673],[20.987,0],[0,17.673],[-20.987,0]],"o":[[0,17.673],[-20.987,0],[0,-17.673],[20.987,0]],"v":[[284.266,110],[246.266,142],[208.266,110],[246.266,78]],"c":true}],"e":[{"i":[[0,-20.987],[20.987,0],[0,20.987],[-20.987,0]],"o":[[0,20.987],[-20.987,0],[0,-20.987],[20.987,0]],"v":[[284.266,128],[246.266,166],[208.266,128],[246.266,90]],"c":true}]},{"i":{"x":0.501,"y":1},"o":{"x":0.333,"y":0},"n":"0p501_1_0p333_0","t":20,"s":[{"i":[[0,-20.987],[20.987,0],[0,20.987],[-20.987,0]],"o":[[0,20.987],[-20.987,0],[0,-20.987],[20.987,0]],"v":[[284.266,128],[246.266,166],[208.266,128],[246.266,90]],"c":true}],"e":[{"i":[[0,-17.673],[20.987,0],[0,17.673],[-20.987,0]],"o":[[0,17.673],[-20.987,0],[0,-17.673],[20.987,0]],"v":[[284.266,124],[246.266,156],[208.266,124],[246.266,92]],"c":true}]},{"i":{"x":0.527,"y":1},"o":{"x":0.333,"y":0},"n":"0p527_1_0p333_0","t":32,"s":[{"i":[[0,-17.673],[20.987,0],[0,17.673],[-20.987,0]],"o":[[0,17.673],[-20.987,0],[0,-17.673],[20.987,0]],"v":[[284.266,124],[246.266,156],[208.266,124],[246.266,92]],"c":true}],"e":[{"i":[[0,-20.987],[20.987,0],[0,20.987],[-20.987,0]],"o":[[0,20.987],[-20.987,0],[0,-20.987],[20.987,0]],"v":[[284.266,112],[246.266,150],[208.266,112],[246.266,74]],"c":true}]},{"i":{"x":0.628,"y":1},"o":{"x":0.167,"y":0},"n":"0p628_1_0p167_0","t":47,"s":[{"i":[[0,-20.987],[20.987,0],[0,20.987],[-20.987,0]],"o":[[0,20.987],[-20.987,0],[0,-20.987],[20.987,0]],"v":[[284.266,112],[246.266,150],[208.266,112],[246.266,74]],"c":true}],"e":[{"i":[[0,-20.987],[20.987,0],[0,20.987],[-20.987,0]],"o":[[0,20.987],[-20.987,0],[0,-20.987],[20.987,0]],"v":[[284.266,112],[246.266,150],[208.266,112],[246.266,74]],"c":true}]},{"i":{"x":0.543,"y":1},"o":{"x":0.333,"y":0},"n":"0p543_1_0p333_0","t":87,"s":[{"i":[[0,-20.987],[20.987,0],[0,20.987],[-20.987,0]],"o":[[0,20.987],[-20.987,0],[0,-20.987],[20.987,0]],"v":[[284.266,112],[246.266,150],[208.266,112],[246.266,74]],"c":true}],"e":[{"i":[[0,-22.368],[20.987,0],[0,22.368],[-20.987,0]],"o":[[0,22.368],[-20.987,0],[0,-22.368],[20.987,0]],"v":[[284.266,107.5],[246.266,148],[208.266,107.5],[246.266,67]],"c":true}]},{"i":{"x":0.515,"y":1},"o":{"x":0.333,"y":0},"n":"0p515_1_0p333_0","t":98,"s":[{"i":[[0,-22.368],[20.987,0],[0,22.368],[-20.987,0]],"o":[[0,22.368],[-20.987,0],[0,-22.368],[20.987,0]],"v":[[284.266,107.5],[246.266,148],[208.266,107.5],[246.266,67]],"c":true}],"e":[{"i":[[0,-20.987],[20.987,0],[0,20.987],[-20.987,0]],"o":[[0,20.987],[-20.987,0],[0,-20.987],[20.987,0]],"v":[[284.266,128],[246.266,166],[208.266,128],[246.266,90]],"c":true}]},{"i":{"x":0.496,"y":1},"o":{"x":0.333,"y":0},"n":"0p496_1_0p333_0","t":107,"s":[{"i":[[0,-20.987],[20.987,0],[0,20.987],[-20.987,0]],"o":[[0,20.987],[-20.987,0],[0,-20.987],[20.987,0]],"v":[[284.266,128],[246.266,166],[208.266,128],[246.266,90]],"c":true}],"e":[{"i":[[0,-20.987],[20.987,0],[0,20.987],[-20.987,0]],"o":[[0,20.987],[-20.987,0],[0,-20.987],[20.987,0]],"v":[[284.266,115.037],[246.266,153.037],[208.266,115.037],[246.266,77.037]],"c":true}]},{"i":{"x":0.515,"y":1},"o":{"x":0.333,"y":0},"n":"0p515_1_0p333_0","t":117,"s":[{"i":[[0,-20.987],[20.987,0],[0,20.987],[-20.987,0]],"o":[[0,20.987],[-20.987,0],[0,-20.987],[20.987,0]],"v":[[284.266,115.037],[246.266,153.037],[208.266,115.037],[246.266,77.037]],"c":true}],"e":[{"i":[[0,-20.987],[3.283,0],[0,20.987],[-3.283,0]],"o":[[0,20.987],[-3.283,0],[0,-20.987],[3.283,0]],"v":[[-113.734,120],[-119.678,158],[-125.622,120],[-119.678,82]],"c":true}]},{"t":127}],"ix":2},"nm":"Path 1","mn":"ADBE Vector Shape - Group","hd":false},{"ty":"st","c":{"a":0,"k":[0,0,0,1],"ix":3},"o":{"a":0,"k":100,"ix":4},"w":{"a":0,"k":40,"ix":5},"lc":2,"lj":2,"nm":"Stroke 1","mn":"ADBE Vector Graphic - Stroke","hd":false},{"ty":"fl","c":{"a":0,"k":[1,1,1,1],"ix":4},"o":{"a":0,"k":100,"ix":5},"r":1,"nm":"Fill 1","mn":"ADBE Vector Graphic - Fill","hd":false},{"ty":"tr","p":{"a":0,"k":[0,-3],"ix":2},"a":{"a":0,"k":[0,0],"ix":1},"s":{"a":0,"k":[100,100],"ix":3},"r":{"a":0,"k":0,"ix":6},"o":{"a":0,"k":100,"ix":7},"sk":{"a":0,"k":0,"ix":4},"sa":{"a":0,"k":0,"ix":5},"nm":"Transform"}],"nm":"Group 1","np":3,"cix":2,"ix":1,"mn":"ADBE Vector Group","hd":false}],"ip":2,"op":127,"st":0,"bm":0},{"ddd":0,"ind":7,"ty":4,"nm":"truck 2","tt":2,"sr":1,"ks":{"o":{"a":0,"k":100,"ix":11},"r":{"a":0,"k":0,"ix":10},"p":{"a":1,"k":[{"i":{"x":0.598,"y":1},"o":{"x":0.333,"y":0},"n":"0p598_1_0p333_0","t":3,"s":[-103.091,498.792,0],"e":[771.909,498.792,0],"to":[38.4260330200195,0,0],"ti":[-17.0739669799805,0,0]},{"i":{"x":0.523,"y":1},"o":{"x":0.333,"y":0},"n":"0p523_1_0p333_0","t":31,"s":[771.909,498.792,0],"e":[738.909,498.792,0],"to":[55.5,0,0],"ti":[0,0,0]},{"i":{"x":0.667,"y":0.667},"o":{"x":0.333,"y":0.333},"n":"0p667_0p667_0p333_0p333","t":46,"s":[738.909,498.792,0],"e":[738.909,498.792,0],"to":[0,0,0],"ti":[0,0,0]},{"i":{"x":0.336,"y":1},"o":{"x":0.333,"y":0},"n":"0p336_1_0p333_0","t":87,"s":[738.909,498.792,0],"e":[657.909,498.792,0],"to":[0,0,0],"ti":[0,0,0]},{"i":{"x":0.527,"y":1},"o":{"x":0.333,"y":0},"n":"0p527_1_0p333_0","t":98,"s":[657.909,498.792,0],"e":[1402.909,498.792,0],"to":[0,0,0],"ti":[0,0,0]},{"t":129}],"ix":2},"a":{"a":0,"k":[251.288,-1.208,0],"ix":1},"s":{"a":0,"k":[100,100,100],"ix":6}},"ao":0,"shapes":[{"ty":"gr","it":[{"ind":0,"ty":"sh","ix":1,"ks":{"a":1,"k":[{"i":{"x":0.212,"y":1},"o":{"x":0.333,"y":0},"n":"0p212_1_0p333_0","t":0,"s":[{"i":[[5.5,0],[0,0],[0,5.5],[0,0],[-5.5,0],[-49.949,-2.474],[0,0],[0,-0.004]],"o":[[0,0],[-5.5,0],[0,0],[0,-5.5],[0,0],[8.378,0.415],[0,0],[0,5.5]],"v":[[321.777,109.585],[326.777,109.17],[316.777,99.17],[316.777,-102.415],[326.777,-112.415],[330,-112.415],[331.777,0],[331.777,99.585]],"c":true}],"e":[{"i":[[5.5,0],[0,0],[0,5.5],[0,0],[-5.5,0],[-50.01,0.116],[0,0],[0,-0.004]],"o":[[0,0],[-5.5,0],[0,0],[0,-5.5],[0,0],[85.377,-0.199],[0,0],[0,5.5]],"v":[[321.777,113.585],[180.777,113.585],[170.777,103.585],[170.777,-98],[180.777,-108],[250,-108],[331.777,4],[331.777,103.585]],"c":true}]},{"i":{"x":0.313,"y":1},"o":{"x":0.333,"y":0},"n":"0p313_1_0p333_0","t":10,"s":[{"i":[[5.5,0],[0,0],[0,5.5],[0,0],[-5.5,0],[-50.01,0.116],[0,0],[0,-0.004]],"o":[[0,0],[-5.5,0],[0,0],[0,-5.5],[0,0],[85.377,-0.199],[0,0],[0,5.5]],"v":[[321.777,113.585],[180.777,113.585],[170.777,103.585],[170.777,-98],[180.777,-108],[250,-108],[331.777,4],[331.777,103.585]],"c":true}],"e":[{"i":[[5.5,0],[0,0],[0,5.5],[0,0],[-5.5,0],[-50.01,0.116],[0,0],[0,-0.004]],"o":[[0,0],[-5.5,0],[0,0],[0,-5.5],[0,0],[85.377,-0.199],[0,0],[0,5.5]],"v":[[321.777,101.585],[180.777,101.585],[170.777,91.585],[170.777,-110],[180.777,-120],[250,-120],[331.777,-8],[331.777,91.585]],"c":true}]},{"i":{"x":0.377,"y":1},"o":{"x":0.333,"y":0},"n":"0p377_1_0p333_0","t":20,"s":[{"i":[[5.5,0],[0,0],[0,5.5],[0,0],[-5.5,0],[-50.01,0.116],[0,0],[0,-0.004]],"o":[[0,0],[-5.5,0],[0,0],[0,-5.5],[0,0],[85.377,-0.199],[0,0],[0,5.5]],"v":[[321.777,101.585],[180.777,101.585],[170.777,91.585],[170.777,-110],[180.777,-120],[250,-120],[331.777,-8],[331.777,91.585]],"c":true}],"e":[{"i":[[5.374,1.17],[0,0],[-1.17,5.374],[0,0],[-5.374,-1.17],[-48.89,-10.525],[0,0],[0.001,-0.003]],"o":[[0,0],[-5.374,-1.17],[0,0],[1.17,-5.374],[0,0],[83.465,17.969],[0,0],[-1.17,5.374]],"v":[[296.606,115.636],[158.834,85.64],[151.19,73.741],[194.075,-123.229],[205.974,-130.873],[273.612,-116.146],[329.69,10.687],[308.505,107.992]],"c":true}]},{"i":{"x":0.422,"y":1},"o":{"x":0.333,"y":0},"n":"0p422_1_0p333_0","t":32,"s":[{"i":[[5.374,1.17],[0,0],[-1.17,5.374],[0,0],[-5.374,-1.17],[-48.89,-10.525],[0,0],[0.001,-0.003]],"o":[[0,0],[-5.374,-1.17],[0,0],[1.17,-5.374],[0,0],[83.465,17.969],[0,0],[-1.17,5.374]],"v":[[296.606,115.636],[158.834,85.64],[151.19,73.741],[194.075,-123.229],[205.974,-130.873],[273.612,-116.146],[329.69,10.687],[308.505,107.992]],"c":true}],"e":[{"i":[[5.5,0],[0,0],[0,5.5],[0,0],[-5.5,0],[-50.01,0.116],[0,0],[0,-0.004]],"o":[[0,0],[-5.5,0],[0,0],[0,-5.5],[0,0],[85.377,-0.199],[0,0],[0,5.5]],"v":[[321.777,109.585],[180.777,109.585],[170.777,99.585],[170.777,-102],[180.777,-112],[250,-112],[331.777,0],[331.777,99.585]],"c":true}]},{"i":{"x":0.628,"y":1},"o":{"x":0.333,"y":0},"n":"0p628_1_0p333_0","t":47,"s":[{"i":[[5.5,0],[0,0],[0,5.5],[0,0],[-5.5,0],[-50.01,0.116],[0,0],[0,-0.004]],"o":[[0,0],[-5.5,0],[0,0],[0,-5.5],[0,0],[85.377,-0.199],[0,0],[0,5.5]],"v":[[321.777,109.585],[180.777,109.585],[170.777,99.585],[170.777,-102],[180.777,-112],[250,-112],[331.777,0],[331.777,99.585]],"c":true}],"e":[{"i":[[5.5,0],[0,0],[0,5.5],[0,0],[-5.5,0],[-50.01,0.116],[0,0],[0,-0.004]],"o":[[0,0],[-5.5,0],[0,0],[0,-5.5],[0,0],[85.377,-0.199],[0,0],[0,5.5]],"v":[[321.777,109.585],[180.777,109.585],[170.777,99.585],[170.777,-102],[180.777,-112],[250,-112],[331.777,0],[331.777,99.585]],"c":true}]},{"i":{"x":0.543,"y":1},"o":{"x":0.333,"y":0},"n":"0p543_1_0p333_0","t":87,"s":[{"i":[[5.5,0],[0,0],[0,5.5],[0,0],[-5.5,0],[-50.01,0.116],[0,0],[0,-0.004]],"o":[[0,0],[-5.5,0],[0,0],[0,-5.5],[0,0],[85.377,-0.199],[0,0],[0,5.5]],"v":[[321.777,109.585],[180.777,109.585],[170.777,99.585],[170.777,-102],[180.777,-112],[250,-112],[331.777,0],[331.777,99.585]],"c":true}],"e":[{"i":[[5.483,-0.434],[0,0],[0.434,5.483],[0,0],[-5.483,0.434],[-49.845,4.062],[0,0],[0,-0.004]],"o":[[0,0],[-5.483,0.434],[0,0],[-0.434,-5.483],[0,0],[85.095,-6.935],[0,0],[0.434,5.483]],"v":[[330.313,91.818],[189.753,102.944],[178.995,93.765],[163.088,-107.192],[172.267,-117.95],[241.275,-123.412],[331.634,-18.214],[339.493,81.06]],"c":true}]},{"i":{"x":0.515,"y":1},"o":{"x":0.333,"y":0},"n":"0p515_1_0p333_0","t":98,"s":[{"i":[[5.483,-0.434],[0,0],[0.434,5.483],[0,0],[-5.483,0.434],[-49.845,4.062],[0,0],[0,-0.004]],"o":[[0,0],[-5.483,0.434],[0,0],[-0.434,-5.483],[0,0],[85.095,-6.935],[0,0],[0.434,5.483]],"v":[[330.313,91.818],[189.753,102.944],[178.995,93.765],[163.088,-107.192],[172.267,-117.95],[241.275,-123.412],[331.634,-18.214],[339.493,81.06]],"c":true}],"e":[{"i":[[5.477,0.499],[0,0],[-0.499,5.477],[0,0],[-5.477,-0.499],[-49.814,-4.418],[0,0],[0,-0.004]],"o":[[0,0],[-5.477,-0.499],[0,0],[0.499,-5.477],[0,0],[85.043,7.543],[0,0],[-0.499,5.477]],"v":[[311.439,115.357],[171.02,102.573],[161.968,91.707],[180.245,-109.047],[191.111,-118.099],[260.049,-111.823],[331.334,7.13],[322.305,106.305]],"c":true}]},{"i":{"x":0.496,"y":1},"o":{"x":0.333,"y":0},"n":"0p496_1_0p333_0","t":107,"s":[{"i":[[5.477,0.499],[0,0],[-0.499,5.477],[0,0],[-5.477,-0.499],[-49.814,-4.418],[0,0],[0,-0.004]],"o":[[0,0],[-5.477,-0.499],[0,0],[0.499,-5.477],[0,0],[85.043,7.543],[0,0],[-0.499,5.477]],"v":[[311.439,115.357],[171.02,102.573],[161.968,91.707],[180.245,-109.047],[191.111,-118.099],[260.049,-111.823],[331.334,7.13],[322.305,106.305]],"c":true}],"e":[{"i":[[5.5,0],[0,0],[0,5.5],[0,0],[-5.5,0],[-50.01,0.116],[0,0],[0,-0.004]],"o":[[0,0],[-5.5,0],[0,0],[0,-5.5],[0,0],[85.377,-0.199],[0,0],[0,5.5]],"v":[[321.777,109.585],[180.777,109.585],[170.777,99.585],[170.777,-102],[180.777,-112],[250,-112],[331.777,0],[331.777,99.585]],"c":true}]},{"i":{"x":0.515,"y":1},"o":{"x":0.333,"y":0},"n":"0p515_1_0p333_0","t":117,"s":[{"i":[[5.5,0],[0,0],[0,5.5],[0,0],[-5.5,0],[-50.01,0.116],[0,0],[0,-0.004]],"o":[[0,0],[-5.5,0],[0,0],[0,-5.5],[0,0],[85.377,-0.199],[0,0],[0,5.5]],"v":[[321.777,109.585],[180.777,109.585],[170.777,99.585],[170.777,-102],[180.777,-112],[250,-112],[331.777,0],[331.777,99.585]],"c":true}],"e":[{"i":[[5.5,0],[0,0],[9.602,6.66],[0,0],[-5.5,0],[0.806,-1.407],[0,0],[0,-0.004]],"o":[[0,0],[-5.5,0],[0,0],[0,-5.5],[0,0],[-1.622,2.83],[0,0],[0,5.5]],"v":[[-126.223,109.585],[-119.223,108.34],[-129.223,98.34],[-129.223,-103.245],[-130.223,-115.245],[-129,-113.83],[-129.223,2],[-130.223,99.585]],"c":true}]},{"t":127}],"ix":2},"nm":"Path 1","mn":"ADBE Vector Shape - Group","hd":false},{"ty":"st","c":{"a":0,"k":[0,0,0,1],"ix":3},"o":{"a":0,"k":100,"ix":4},"w":{"a":0,"k":40,"ix":5},"lc":2,"lj":2,"nm":"Stroke 1","mn":"ADBE Vector Graphic - Stroke","hd":false},{"ty":"tr","p":{"a":0,"k":[0,0],"ix":2},"a":{"a":0,"k":[0,0],"ix":1},"s":{"a":0,"k":[100,100],"ix":3},"r":{"a":0,"k":0,"ix":6},"o":{"a":0,"k":100,"ix":7},"sk":{"a":0,"k":0,"ix":4},"sa":{"a":0,"k":0,"ix":5},"nm":"Transform"}],"nm":"Group 1","np":2,"cix":2,"ix":1,"mn":"ADBE Vector Group","hd":false}],"ip":2,"op":127,"st":0,"bm":0},{"ddd":0,"ind":8,"ty":4,"nm":"Слой 12","td":1,"sr":1,"ks":{"o":{"a":0,"k":100,"ix":11},"r":{"a":0,"k":0,"ix":10},"p":{"a":1,"k":[{"i":{"x":0.598,"y":1},"o":{"x":0.333,"y":0},"n":"0p598_1_0p333_0","t":3,"s":[-394.712,612,0],"e":[480.288,612,0],"to":[38.4258155822754,0,0],"ti":[-17.0741863250732,0,0]},{"i":{"x":0.523,"y":1},"o":{"x":0.333,"y":0},"n":"0p523_1_0p333_0","t":31,"s":[480.288,612,0],"e":[447.288,612,0],"to":[55.5,0,0],"ti":[0,0,0]},{"i":{"x":0.566,"y":0.566},"o":{"x":0.167,"y":0.167},"n":"0p566_0p566_0p167_0p167","t":46,"s":[447.288,612,0],"e":[447.288,612,0],"to":[0,0,0],"ti":[0,0,0]},{"i":{"x":0.336,"y":1},"o":{"x":0.333,"y":0},"n":"0p336_1_0p333_0","t":87,"s":[447.288,612,0],"e":[366.288,612,0],"to":[0,0,0],"ti":[0,0,0]},{"i":{"x":0.527,"y":1},"o":{"x":0.333,"y":0},"n":"0p527_1_0p333_0","t":98,"s":[366.288,612,0],"e":[1111.288,612,0],"to":[0,0,0],"ti":[0,0,0]},{"t":129}],"ix":2},"a":{"a":0,"k":[-40.333,112,0],"ix":1},"s":{"a":0,"k":[100,100,100],"ix":6}},"ao":0,"shapes":[{"ty":"gr","it":[{"ind":0,"ty":"sh","ix":1,"ks":{"a":1,"k":[{"i":{"x":0.407,"y":1},"o":{"x":0.333,"y":0},"n":"0p407_1_0p333_0","t":0,"s":[{"i":[[0,-20.987],[3.117,0],[0,20.987],[-3.117,0]],"o":[[0,20.987],[-3.117,0],[0,-20.987],[3.117,0]],"v":[[331.667,112],[326.022,150],[320.378,112],[326.022,74]],"c":true}],"e":[{"i":[[0,-18.502],[20.987,0],[0,18.502],[-20.987,0]],"o":[[0,18.502],[-20.987,0],[0,-18.502],[20.987,0]],"v":[[-2.333,109.5],[-40.333,143],[-78.333,109.5],[-40.333,76]],"c":true}]},{"i":{"x":0.465,"y":1},"o":{"x":0.333,"y":0},"n":"0p465_1_0p333_0","t":10,"s":[{"i":[[0,-18.502],[20.987,0],[0,18.502],[-20.987,0]],"o":[[0,18.502],[-20.987,0],[0,-18.502],[20.987,0]],"v":[[-2.333,109.5],[-40.333,143],[-78.333,109.5],[-40.333,76]],"c":true}],"e":[{"i":[[0,-20.987],[20.987,0],[0,20.987],[-20.987,0]],"o":[[0,20.987],[-20.987,0],[0,-20.987],[20.987,0]],"v":[[-2.333,128],[-40.333,166],[-78.333,128],[-40.333,90]],"c":true}]},{"i":{"x":0.501,"y":1},"o":{"x":0.333,"y":0},"n":"0p501_1_0p333_0","t":20,"s":[{"i":[[0,-20.987],[20.987,0],[0,20.987],[-20.987,0]],"o":[[0,20.987],[-20.987,0],[0,-20.987],[20.987,0]],"v":[[-2.333,128],[-40.333,166],[-78.333,128],[-40.333,90]],"c":true}],"e":[{"i":[[0,-23.748],[20.987,0],[0,23.748],[-20.987,0]],"o":[[0,23.748],[-20.987,0],[0,-23.748],[20.987,0]],"v":[[-2.333,103],[-40.333,146],[-78.333,103],[-40.333,60]],"c":true}]},{"i":{"x":0.527,"y":1},"o":{"x":0.333,"y":0},"n":"0p527_1_0p333_0","t":32,"s":[{"i":[[0,-23.748],[20.987,0],[0,23.748],[-20.987,0]],"o":[[0,23.748],[-20.987,0],[0,-23.748],[20.987,0]],"v":[[-2.333,103],[-40.333,146],[-78.333,103],[-40.333,60]],"c":true}],"e":[{"i":[[0,-20.987],[20.987,0],[0,20.987],[-20.987,0]],"o":[[0,20.987],[-20.987,0],[0,-20.987],[20.987,0]],"v":[[-2.333,112],[-40.333,150],[-78.333,112],[-40.333,74]],"c":true}]},{"i":{"x":0.628,"y":1},"o":{"x":0.167,"y":0},"n":"0p628_1_0p167_0","t":47,"s":[{"i":[[0,-20.987],[20.987,0],[0,20.987],[-20.987,0]],"o":[[0,20.987],[-20.987,0],[0,-20.987],[20.987,0]],"v":[[-2.333,112],[-40.333,150],[-78.333,112],[-40.333,74]],"c":true}],"e":[{"i":[[0,-20.987],[20.987,0],[0,20.987],[-20.987,0]],"o":[[0,20.987],[-20.987,0],[0,-20.987],[20.987,0]],"v":[[-2.333,112],[-40.333,150],[-78.333,112],[-40.333,74]],"c":true}]},{"i":{"x":0.543,"y":1},"o":{"x":0.333,"y":0},"n":"0p543_1_0p333_0","t":87,"s":[{"i":[[0,-20.987],[20.987,0],[0,20.987],[-20.987,0]],"o":[[0,20.987],[-20.987,0],[0,-20.987],[20.987,0]],"v":[[-2.333,112],[-40.333,150],[-78.333,112],[-40.333,74]],"c":true}],"e":[{"i":[[0,-18.502],[20.987,0],[0,18.502],[-20.987,0]],"o":[[0,18.502],[-20.987,0],[0,-18.502],[20.987,0]],"v":[[-2.333,124.5],[-40.333,158],[-78.333,124.5],[-40.333,91]],"c":true}]},{"i":{"x":0.515,"y":1},"o":{"x":0.333,"y":0},"n":"0p515_1_0p333_0","t":98,"s":[{"i":[[0,-18.502],[20.987,0],[0,18.502],[-20.987,0]],"o":[[0,18.502],[-20.987,0],[0,-18.502],[20.987,0]],"v":[[-2.333,124.5],[-40.333,158],[-78.333,124.5],[-40.333,91]],"c":true}],"e":[{"i":[[0,-20.987],[20.987,0],[0,20.987],[-20.987,0]],"o":[[0,20.987],[-20.987,0],[0,-20.987],[20.987,0]],"v":[[-2.333,128],[-40.333,166],[-78.333,128],[-40.333,90]],"c":true}]},{"i":{"x":0.496,"y":1},"o":{"x":0.333,"y":0},"n":"0p496_1_0p333_0","t":107,"s":[{"i":[[0,-20.987],[20.987,0],[0,20.987],[-20.987,0]],"o":[[0,20.987],[-20.987,0],[0,-20.987],[20.987,0]],"v":[[-2.333,128],[-40.333,166],[-78.333,128],[-40.333,90]],"c":true}],"e":[{"i":[[0,-20.987],[20.987,0],[0,20.987],[-20.987,0]],"o":[[0,20.987],[-20.987,0],[0,-20.987],[20.987,0]],"v":[[-2.333,115.037],[-40.333,153.037],[-78.333,115.037],[-40.333,77.037]],"c":true}]},{"i":{"x":0.515,"y":1},"o":{"x":0.333,"y":0},"n":"0p515_1_0p333_0","t":117,"s":[{"i":[[0,-20.987],[20.987,0],[0,20.987],[-20.987,0]],"o":[[0,20.987],[-20.987,0],[0,-20.987],[20.987,0]],"v":[[-2.333,115.037],[-40.333,153.037],[-78.333,115.037],[-40.333,77.037]],"c":true}],"e":[{"i":[[0,-20.987],[5.167,0],[0,20.987],[-5.167,0]],"o":[[0,20.987],[-5.167,0],[0,-20.987],[5.167,0]],"v":[[-113.622,120],[-122.978,158],[-132.333,120],[-122.978,82]],"c":true}]},{"t":127}],"ix":2},"nm":"Path 1","mn":"ADBE Vector Shape - Group","hd":false},{"ty":"st","c":{"a":0,"k":[0,0,0,1],"ix":3},"o":{"a":0,"k":100,"ix":4},"w":{"a":0,"k":40,"ix":5},"lc":2,"lj":2,"nm":"Stroke 1","mn":"ADBE Vector Graphic - Stroke","hd":false},{"ty":"fl","c":{"a":0,"k":[1,1,1,1],"ix":4},"o":{"a":0,"k":100,"ix":5},"r":1,"nm":"Fill 1","mn":"ADBE Vector Graphic - Fill","hd":false},{"ty":"tr","p":{"a":0,"k":[0,-3],"ix":2},"a":{"a":0,"k":[0,0],"ix":1},"s":{"a":0,"k":[100,100],"ix":3},"r":{"a":0,"k":0,"ix":6},"o":{"a":0,"k":100,"ix":7},"sk":{"a":0,"k":0,"ix":4},"sa":{"a":0,"k":0,"ix":5},"nm":"Transform"}],"nm":"Group 1","np":3,"cix":2,"ix":1,"mn":"ADBE Vector Group","hd":false}],"ip":2,"op":127,"st":0,"bm":0},{"ddd":0,"ind":9,"ty":4,"nm":"truck","tt":2,"sr":1,"ks":{"o":{"a":0,"k":100,"ix":11},"r":{"a":0,"k":0,"ix":10},"p":{"a":1,"k":[{"i":{"x":0.598,"y":1},"o":{"x":0.333,"y":0},"n":"0p598_1_0p333_0","t":3,"s":[-334.49,473.546,0],"e":[540.51,473.546,0],"to":[38.4260330200195,0,0],"ti":[-17.0739669799805,0,0]},{"i":{"x":0.523,"y":1},"o":{"x":0.333,"y":0},"n":"0p523_1_0p333_0","t":31,"s":[540.51,473.546,0],"e":[507.51,473.546,0],"to":[55.5,0,0],"ti":[0,0,0]},{"i":{"x":0.667,"y":0.667},"o":{"x":0.333,"y":0.333},"n":"0p667_0p667_0p333_0p333","t":46,"s":[507.51,473.546,0],"e":[507.51,473.546,0],"to":[0,0,0],"ti":[0,0,0]},{"i":{"x":0.336,"y":1},"o":{"x":0.333,"y":0},"n":"0p336_1_0p333_0","t":87,"s":[507.51,473.546,0],"e":[426.51,473.546,0],"to":[0,0,0],"ti":[0,0,0]},{"i":{"x":0.527,"y":1},"o":{"x":0.333,"y":0},"n":"0p527_1_0p333_0","t":98,"s":[426.51,473.546,0],"e":[1171.51,473.546,0],"to":[0,0,0],"ti":[0,0,0]},{"t":129}],"ix":2},"a":{"a":0,"k":[19.888,-26.454,0],"ix":1},"s":{"a":0,"k":[100,100,100],"ix":6}},"ao":0,"shapes":[{"ty":"gr","it":[{"ind":0,"ty":"sh","ix":1,"ks":{"a":1,"k":[{"i":{"x":0.212,"y":1},"o":{"x":0.333,"y":0},"n":"0p212_1_0p333_0","t":0,"s":[{"i":[[2.75,0],[0,0],[0,2.75],[0,0],[-2.75,0],[0,0],[0,-2.75],[0,0]],"o":[[0,0],[-2.75,0],[0,0],[0,-2.75],[0,0],[2.75,0],[0,0],[0,2.75]],"v":[[317.777,109.17],[330,108.678],[325,103.678],[325,-158.399],[330,-163.399],[317.777,-162.907],[322.777,-157.907],[322.777,104.17]],"c":true}],"e":[{"i":[[2.75,0],[0,0],[0,2.694],[0,0],[-2.75,0],[0,0],[0,-2.694],[0,0]],"o":[[0,0],[-2.75,0],[0,0],[0,-2.694],[0,0],[2.75,0],[0,0],[0,2.694]],"v":[[165.777,96],[-126,96],[-131,91.103],[-131,-165.595],[-126,-170.492],[165.777,-170.492],[170.777,-165.595],[170.777,91.103]],"c":true}]},{"i":{"x":0.313,"y":1},"o":{"x":0.333,"y":0},"n":"0p313_1_0p333_0","t":10,"s":[{"i":[[2.75,0],[0,0],[0,2.694],[0,0],[-2.75,0],[0,0],[0,-2.694],[0,0]],"o":[[0,0],[-2.75,0],[0,0],[0,-2.694],[0,0],[2.75,0],[0,0],[0,2.694]],"v":[[165.777,96],[-126,96],[-131,91.103],[-131,-165.595],[-126,-170.492],[165.777,-170.492],[170.777,-165.595],[170.777,91.103]],"c":true}],"e":[{"i":[[2.75,0],[0,0],[0,2.482],[0,0],[-2.75,0],[0,0],[0,-2.482],[0,0]],"o":[[0,0],[-2.75,0],[0,0],[0,-2.482],[0,0],[2.75,0],[0,0],[0,2.482]],"v":[[165.777,93.585],[-126,93.585],[-131,89.072],[-131,-147.487],[-126,-152],[165.777,-152],[170.777,-147.487],[170.777,89.072]],"c":true}]},{"i":{"x":0.377,"y":1},"o":{"x":0.333,"y":0},"n":"0p377_1_0p333_0","t":20,"s":[{"i":[[2.75,0],[0,0],[0,2.482],[0,0],[-2.75,0],[0,0],[0,-2.482],[0,0]],"o":[[0,0],[-2.75,0],[0,0],[0,-2.482],[0,0],[2.75,0],[0,0],[0,2.482]],"v":[[165.777,93.585],[-126,93.585],[-131,89.072],[-131,-147.487],[-126,-152],[165.777,-152],[170.777,-147.487],[170.777,89.072]],"c":true}],"e":[{"i":[[2.39,0.384],[0,0],[-0.36,2.485],[0,0],[-2.39,-0.384],[0,0],[0.36,-2.485],[0,0]],"o":[[0,0],[-2.39,-0.384],[0,0],[0.36,-2.485],[0,0],[2.39,0.384],[0,0],[-0.36,2.485]],"v":[[137.891,108.392],[-115.741,67.678],[-119.433,62.463],[-85.129,-174.34],[-80.129,-178.16],[173.503,-137.446],[177.195,-132.23],[142.891,104.572]],"c":true}]},{"i":{"x":0.422,"y":1},"o":{"x":0.333,"y":0},"n":"0p422_1_0p333_0","t":32,"s":[{"i":[[2.39,0.384],[0,0],[-0.36,2.485],[0,0],[-2.39,-0.384],[0,0],[0.36,-2.485],[0,0]],"o":[[0,0],[-2.39,-0.384],[0,0],[0.36,-2.485],[0,0],[2.39,0.384],[0,0],[-0.36,2.485]],"v":[[137.891,108.392],[-115.741,67.678],[-119.433,62.463],[-85.129,-174.34],[-80.129,-178.16],[173.503,-137.446],[177.195,-132.23],[142.891,104.572]],"c":true}],"e":[{"i":[[2.75,0],[0,0],[0,2.75],[0,0],[-2.75,0],[0,0],[0,-2.75],[0,0]],"o":[[0,0],[-2.75,0],[0,0],[0,-2.75],[0,0],[2.75,0],[0,0],[0,2.75]],"v":[[165.777,109.585],[-126,109.585],[-131,104.585],[-131,-157.492],[-126,-162.492],[165.777,-162.492],[170.777,-157.492],[170.777,104.585]],"c":true}]},{"i":{"x":0.628,"y":1},"o":{"x":0.333,"y":0},"n":"0p628_1_0p333_0","t":47,"s":[{"i":[[2.75,0],[0,0],[0,2.75],[0,0],[-2.75,0],[0,0],[0,-2.75],[0,0]],"o":[[0,0],[-2.75,0],[0,0],[0,-2.75],[0,0],[2.75,0],[0,0],[0,2.75]],"v":[[165.777,109.585],[-126,109.585],[-131,104.585],[-131,-157.492],[-126,-162.492],[165.777,-162.492],[170.777,-157.492],[170.777,104.585]],"c":true}],"e":[{"i":[[2.75,0],[0,0],[0,2.75],[0,0],[-2.75,0],[0,0],[0,-2.75],[0,0]],"o":[[0,0],[-2.75,0],[0,0],[0,-2.75],[0,0],[2.75,0],[0,0],[0,2.75]],"v":[[165.777,109.585],[-126,109.585],[-131,104.585],[-131,-157.492],[-126,-162.492],[165.777,-162.492],[170.777,-157.492],[170.777,104.585]],"c":true}]},{"i":{"x":0.543,"y":1},"o":{"x":0.333,"y":0},"n":"0p543_1_0p333_0","t":87,"s":[{"i":[[2.75,0],[0,0],[0,2.75],[0,0],[-2.75,0],[0,0],[0,-2.75],[0,0]],"o":[[0,0],[-2.75,0],[0,0],[0,-2.75],[0,0],[2.75,0],[0,0],[0,2.75]],"v":[[165.777,109.585],[-126,109.585],[-131,104.585],[-131,-157.492],[-126,-162.492],[165.777,-162.492],[170.777,-157.492],[170.777,104.585]],"c":true}],"e":[{"i":[[2.729,-0.341],[0,0],[0.341,2.729],[0,0],[-2.729,0.341],[0,0],[-0.341,-2.729],[0,0]],"o":[[0,0],[-2.729,0.341],[0,0],[-0.341,-2.729],[0,0],[2.729,-0.341],[0,0],[0.341,2.729]],"v":[[181.509,94.46],[-108.02,130.613],[-113.601,126.271],[-146.074,-133.786],[-141.732,-139.367],[147.797,-175.52],[153.378,-171.178],[185.851,88.879]],"c":true}]},{"i":{"x":0.515,"y":1},"o":{"x":0.333,"y":0},"n":"0p515_1_0p333_0","t":98,"s":[{"i":[[2.729,-0.341],[0,0],[0.341,2.729],[0,0],[-2.729,0.341],[0,0],[-0.341,-2.729],[0,0]],"o":[[0,0],[-2.729,0.341],[0,0],[-0.341,-2.729],[0,0],[2.729,-0.341],[0,0],[0.341,2.729]],"v":[[181.509,94.46],[-108.02,130.613],[-113.601,126.271],[-146.074,-133.786],[-141.732,-139.367],[147.797,-175.52],[153.378,-171.178],[185.851,88.879]],"c":true}],"e":[{"i":[[2.745,0.164],[0,0],[-0.164,2.745],[0,0],[-2.745,-0.164],[0,0],[0.164,-2.745],[0,0]],"o":[[0,0],[-2.745,-0.164],[0,0],[0.164,-2.745],[0,0],[2.745,0.164],[0,0],[-0.164,2.745]],"v":[[157.384,112.062],[-133.871,94.621],[-138.563,89.331],[-122.897,-172.277],[-117.607,-176.969],[173.648,-159.528],[178.34,-154.238],[162.674,107.37]],"c":true}]},{"i":{"x":0.496,"y":1},"o":{"x":0.333,"y":0},"n":"0p496_1_0p333_0","t":107,"s":[{"i":[[2.745,0.164],[0,0],[-0.164,2.745],[0,0],[-2.745,-0.164],[0,0],[0.164,-2.745],[0,0]],"o":[[0,0],[-2.745,-0.164],[0,0],[0.164,-2.745],[0,0],[2.745,0.164],[0,0],[-0.164,2.745]],"v":[[157.384,112.062],[-133.871,94.621],[-138.563,89.331],[-122.897,-172.277],[-117.607,-176.969],[173.648,-159.528],[178.34,-154.238],[162.674,107.37]],"c":true}],"e":[{"i":[[2.75,0],[0,0],[0,2.75],[0,0],[-2.75,0],[0,0],[0,-2.75],[0,0]],"o":[[0,0],[-2.75,0],[0,0],[0,-2.75],[0,0],[2.75,0],[0,0],[0,2.75]],"v":[[165.777,108.024],[-126,108.024],[-131,103.024],[-131,-159.053],[-126,-164.053],[165.777,-164.053],[170.777,-159.053],[170.777,103.024]],"c":true}]},{"i":{"x":0.515,"y":1},"o":{"x":0.333,"y":0},"n":"0p515_1_0p333_0","t":117,"s":[{"i":[[2.75,0],[0,0],[0,2.75],[0,0],[-2.75,0],[0,0],[0,-2.75],[0,0]],"o":[[0,0],[-2.75,0],[0,0],[0,-2.75],[0,0],[2.75,0],[0,0],[0,2.75]],"v":[[165.777,108.024],[-126,108.024],[-131,103.024],[-131,-159.053],[-126,-164.053],[165.777,-164.053],[170.777,-159.053],[170.777,103.024]],"c":true}],"e":[{"i":[[2.75,0],[0,0],[0,2.75],[0,0],[-2.75,0],[0,0],[0,-2.75],[0,0]],"o":[[0,0],[-2.75,0],[0,0],[0,-2.75],[0,0],[2.75,0],[0,0],[0,2.75]],"v":[[-112.223,110.17],[-106,109.755],[-111,104.755],[-111,-157.322],[-106,-162.322],[-112.223,-161.907],[-111.223,-156.399],[-107.223,105.17]],"c":true}]},{"t":127}],"ix":2},"nm":"Path 1","mn":"ADBE Vector Shape - Group","hd":false},{"ty":"st","c":{"a":0,"k":[0,0,0,1],"ix":3},"o":{"a":0,"k":100,"ix":4},"w":{"a":0,"k":40,"ix":5},"lc":2,"lj":2,"nm":"Stroke 1","mn":"ADBE Vector Graphic - Stroke","hd":false},{"ty":"tr","p":{"a":0,"k":[0,0],"ix":2},"a":{"a":0,"k":[0,0],"ix":1},"s":{"a":0,"k":[100,100],"ix":3},"r":{"a":0,"k":0,"ix":6},"o":{"a":0,"k":100,"ix":7},"sk":{"a":0,"k":0,"ix":4},"sa":{"a":0,"k":0,"ix":5},"nm":"Transform"}],"nm":"Group 1","np":2,"cix":2,"ix":1,"mn":"ADBE Vector Group","hd":false}],"ip":2,"op":127,"st":0,"bm":0}]}],"layers":[{"ddd":0,"ind":1,"ty":0,"nm":"truck pre","refId":"comp_0","sr":1,"ks":{"o":{"a":0,"k":100,"ix":11},"r":{"a":0,"k":0,"ix":10},"p":{"a":0,"k":[500,216,0],"ix":2},"a":{"a":0,"k":[500,500,0],"ix":1},"s":{"a":0,"k":[100,100,100],"ix":6}},"ao":0,"w":1000,"h":1000,"ip":108,"op":238,"st":108,"bm":0},{"ddd":0,"ind":2,"ty":0,"nm":"truck pre","refId":"comp_0","sr":1,"ks":{"o":{"a":0,"k":100,"ix":11},"r":{"a":0,"k":0,"ix":10},"p":{"a":0,"k":[500,216,0],"ix":2},"a":{"a":0,"k":[500,500,0],"ix":1},"s":{"a":0,"k":[100,100,100],"ix":6}},"ao":0,"w":1000,"h":1000,"ip":0,"op":130,"st":0,"bm":0}],"markers":[]}