{"v":"5.7.14","fr":30,"ip":0,"op":46,"w":576,"h":576,"nm":"Job Search","ddd":0,"assets":[],"layers":[{"ddd":0,"ind":1,"ty":4,"nm":"Layer 6","parent":3,"sr":1,"ks":{"o":{"a":0,"k":100},"r":{"a":0,"k":0},"p":{"a":0,"k":[0,0,0]},"a":{"a":0,"k":[0,0,0]},"s":{"a":0,"k":[100,100,100]}},"ao":0,"shapes":[{"ty":"gr","it":[{"ind":0,"ty":"sh","ks":{"a":0,"k":{"i":[[0,0],[0,0],[-8.17,8.248],[0,0],[8.248,8.17],[0,0]],"o":[[0,0],[8.248,8.17],[0,0],[8.17,-8.248],[0,0],[0,0]],"v":[[-74.737,-44.225],[38.805,68.127],[68.531,67.986],[68.651,67.865],[68.51,38.139],[-45.033,-74.213]],"c":false}},"nm":"Path 1","hd":false},{"ty":"st","c":{"a":0,"k":[0,0,0]},"o":{"a":0,"k":100},"w":{"a":0,"k":15},"lc":2,"lj":1,"ml":10,"bm":0,"nm":"Stroke 1","hd":false},{"ty":"tr","p":{"a":0,"k":[0,0]},"a":{"a":0,"k":[0,0]},"s":{"a":0,"k":[100,100]},"r":{"a":0,"k":0},"o":{"a":0,"k":100},"sk":{"a":0,"k":0},"sa":{"a":0,"k":0},"nm":"Transform"}],"nm":"Group 1","bm":0,"hd":false},{"ty":"tm","s":{"a":0,"k":0},"e":{"a":1,"k":[{"i":{"x":[0.667],"y":[1]},"o":{"x":[0.167],"y":[0.167]},"t":9,"s":[0]},{"t":21,"s":[100]}]},"o":{"a":0,"k":0},"m":1,"nm":"Trim Paths 1","hd":false}],"ip":6,"op":70,"st":6,"bm":0},{"ddd":0,"ind":2,"ty":4,"nm":"Layer 1","parent":3,"sr":1,"ks":{"o":{"a":0,"k":100},"r":{"a":1,"k":[{"i":{"x":[0.163],"y":[1]},"o":{"x":[0.333],"y":[0]},"t":0,"s":[0]},{"i":{"x":[0.667],"y":[1]},"o":{"x":[0.751],"y":[0]},"t":6,"s":[-86]},{"t":26,"s":[360]}]},"p":{"a":0,"k":[-204.618,-204.256,0]},"a":{"a":0,"k":[0,0,0]},"s":{"a":0,"k":[100,100,100]}},"ao":0,"shapes":[{"ty":"gr","it":[{"ind":0,"ty":"sh","ks":{"a":0,"k":{"i":[[0,0],[-47.438,61.79],[-70.639,-54.232],[54.232,-70.639],[70.112,47.509],[0,0]],"o":[[-49.084,-56.673],[54.232,-70.639],[70.639,54.232],[-52.25,68.058],[0,0],[0,0]],"v":[[-122.023,105.463],[-127.903,-98.195],[98.195,-127.903],[127.903,98.195],[-90.334,133.578],[-93.27,131.366]],"c":false}},"nm":"Path 1","hd":false},{"ty":"st","c":{"a":0,"k":[0,0,0]},"o":{"a":0,"k":100},"w":{"a":0,"k":15},"lc":2,"lj":1,"ml":10,"bm":0,"nm":"Stroke 1","hd":false},{"ty":"tr","p":{"a":0,"k":[0,0]},"a":{"a":0,"k":[0,0]},"s":{"a":0,"k":[100,100]},"r":{"a":0,"k":0},"o":{"a":0,"k":100},"sk":{"a":0,"k":0},"sa":{"a":0,"k":0},"nm":"Transform"}],"nm":"Group 1","bm":0,"hd":false}],"ip":0,"op":64,"st":0,"bm":0},{"ddd":0,"ind":3,"ty":4,"nm":"Layer 2","sr":1,"ks":{"o":{"a":0,"k":100},"r":{"a":1,"k":[{"i":{"x":[0.313],"y":[1]},"o":{"x":[0.333],"y":[0]},"t":0,"s":[0]},{"i":{"x":[0.667],"y":[1]},"o":{"x":[0.641],"y":[0]},"t":12,"s":[6]},{"i":{"x":[0.667],"y":[1]},"o":{"x":[0.333],"y":[0]},"t":24,"s":[-4]},{"i":{"x":[0.667],"y":[1]},"o":{"x":[0.333],"y":[0]},"t":30,"s":[2]},{"t":36,"s":[0]}]},"p":{"a":0,"k":[433.57,433.651,0]},"a":{"a":0,"k":[0,0,0]},"s":{"a":0,"k":[100,100,100]}},"ao":0,"shapes":[{"ty":"gr","it":[{"ind":0,"ty":"sh","ks":{"a":0,"k":{"i":[[0,0],[0,0],[-8.17,8.248],[0,0],[8.248,8.17],[0,0]],"o":[[0,0],[8.248,8.17],[0,0],[8.17,-8.248],[0,0],[0,0]],"v":[[-74.737,-44.225],[38.805,68.127],[68.531,67.986],[68.651,67.865],[68.51,38.139],[-45.033,-74.213]],"c":false}},"nm":"Path 1","hd":false},{"ty":"st","c":{"a":0,"k":[0,0,0]},"o":{"a":0,"k":100},"w":{"a":0,"k":15},"lc":2,"lj":1,"ml":10,"bm":0,"nm":"Stroke 1","hd":false},{"ty":"tr","p":{"a":0,"k":[0,0]},"a":{"a":0,"k":[0,0]},"s":{"a":0,"k":[100,100]},"r":{"a":0,"k":0},"o":{"a":0,"k":100},"sk":{"a":0,"k":0},"sa":{"a":0,"k":0},"nm":"Transform"}],"nm":"Group 1","bm":0,"hd":false},{"ty":"tm","s":{"a":1,"k":[{"i":{"x":[0.833],"y":[0.833]},"o":{"x":[0.333],"y":[0]},"t":0,"s":[0]},{"t":15,"s":[100]}]},"e":{"a":0,"k":100},"o":{"a":0,"k":0},"m":1,"nm":"Trim Paths 1","hd":false}],"ip":0,"op":64,"st":0,"bm":0},{"ddd":0,"ind":4,"ty":4,"nm":"Layer 3","parent":3,"sr":1,"ks":{"o":{"a":0,"k":100},"r":{"a":0,"k":0},"p":{"a":0,"k":[-204.412,-204.052,0]},"a":{"a":0,"k":[-58.842,-58.401,0]},"s":{"a":1,"k":[{"i":{"x":[0.335,0.335,0.667],"y":[1,1,1]},"o":{"x":[0.333,0.333,0.333],"y":[0,0,0]},"t":0,"s":[100,100,100]},{"i":{"x":[0.667,0.667,0.667],"y":[1,1,1]},"o":{"x":[0.596,0.596,0.333],"y":[0,0,0]},"t":11,"s":[112,112,100]},{"t":22,"s":[100,100,100]}]}},"ao":0,"shapes":[{"ty":"gr","it":[{"ind":0,"ty":"sh","ks":{"a":0,"k":{"i":[[0,0],[0,-8.584],[0,0],[-8.799,0]],"o":[[-8.799,0],[0,0],[0,8.584],[0,0]],"v":[[-141.051,-64.955],[-156.984,-49.412],[-156.984,-49.412],[-141.051,-33.869]],"c":false}},"nm":"Path 1","hd":false},{"ty":"st","c":{"a":0,"k":[0,0,0]},"o":{"a":0,"k":100},"w":{"a":0,"k":15},"lc":2,"lj":2,"bm":0,"nm":"Stroke 1","hd":false},{"ty":"tr","p":{"a":0,"k":[0,0]},"a":{"a":0,"k":[0,0]},"s":{"a":0,"k":[100,100]},"r":{"a":0,"k":0},"o":{"a":0,"k":100},"sk":{"a":0,"k":0},"sa":{"a":0,"k":0},"nm":"Transform"}],"nm":"Group 1","bm":0,"hd":false},{"ty":"gr","it":[{"ind":0,"ty":"sh","ks":{"a":0,"k":{"i":[[0,0],[0,-8.584],[0,0],[8.799,0]],"o":[[8.799,0],[0,0],[0,8.584],[0,0]],"v":[[23.367,-64.955],[39.299,-49.412],[39.299,-49.412],[23.367,-33.869]],"c":false}},"nm":"Path 1","hd":false},{"ty":"st","c":{"a":0,"k":[0,0,0]},"o":{"a":0,"k":100},"w":{"a":0,"k":15},"lc":2,"lj":2,"bm":0,"nm":"Stroke 1","hd":false},{"ty":"tr","p":{"a":0,"k":[0,0]},"a":{"a":0,"k":[0,0]},"s":{"a":0,"k":[100,100]},"r":{"a":0,"k":0},"o":{"a":0,"k":100},"sk":{"a":0,"k":0},"sa":{"a":0,"k":0},"nm":"Transform"}],"nm":"Group 2","bm":0,"hd":false},{"ty":"gr","it":[{"ind":0,"ty":"sh","ks":{"a":0,"k":{"i":[[0,0],[0.108,-2.104],[40.746,0],[2.604,50.522],[0,2.142],[-1.663,-0.514],[-7.725,0],[-10.02,27.874]],"o":[[0,2.139],[-2.601,50.526],[-40.744,0],[-0.109,-2.107],[0,0],[6.993,2.16],[31.996,0],[0,0]],"v":[[17.583,-79.379],[17.419,-49.42],[-59.268,41.073],[-135.956,-49.412],[-136.119,-72.301],[-131.217,-71.039],[-109.053,-67.714],[-39.826,-115.575]],"c":false}},"nm":"Path 1","hd":false},{"ty":"st","c":{"a":0,"k":[0,0,0]},"o":{"a":0,"k":100},"w":{"a":0,"k":15},"lc":2,"lj":2,"bm":0,"nm":"Stroke 1","hd":false},{"ty":"tr","p":{"a":0,"k":[0,0]},"a":{"a":0,"k":[0,0]},"s":{"a":0,"k":[100,100]},"r":{"a":0,"k":0},"o":{"a":0,"k":100},"sk":{"a":0,"k":0},"sa":{"a":0,"k":0},"nm":"Transform"}],"nm":"Group 3","bm":0,"hd":false},{"ty":"gr","it":[{"ind":0,"ty":"sh","ks":{"a":0,"k":{"i":[[0,0],[-11.64,-22.369]],"o":[[23.059,1.879],[0,0]],"v":[[-39.508,-115.575],[17.583,-80.143]],"c":false}},"nm":"Path 1","hd":false},{"ty":"st","c":{"a":0,"k":[0,0,0]},"o":{"a":0,"k":100},"w":{"a":0,"k":15},"lc":2,"lj":2,"bm":0,"nm":"Stroke 1","hd":false},{"ty":"tr","p":{"a":0,"k":[0,0]},"a":{"a":0,"k":[0,0]},"s":{"a":0,"k":[100,100]},"r":{"a":0,"k":0},"o":{"a":0,"k":100},"sk":{"a":0,"k":0},"sa":{"a":0,"k":0},"nm":"Transform"}],"nm":"Group 4","bm":0,"hd":false},{"ty":"gr","it":[{"ind":0,"ty":"sh","ks":{"a":0,"k":{"i":[[0,0],[-31.368,0],[0,0],[0,-29.933],[0,0]],"o":[[0,-29.933],[0,0],[31.368,0],[0,0],[0,0]],"v":[[-136.119,-103.675],[-79.323,-157.875],[-39.213,-157.875],[17.583,-103.675],[17.583,-80.143]],"c":false}},"nm":"Path 1","hd":false},{"ty":"st","c":{"a":0,"k":[0,0,0]},"o":{"a":0,"k":100},"w":{"a":0,"k":15},"lc":2,"lj":1,"ml":10,"bm":0,"nm":"Stroke 1","hd":false},{"ty":"tr","p":{"a":0,"k":[0,0]},"a":{"a":0,"k":[0,0]},"s":{"a":0,"k":[100,100]},"r":{"a":0,"k":0},"o":{"a":0,"k":100},"sk":{"a":0,"k":0},"sa":{"a":0,"k":0},"nm":"Transform"}],"nm":"Group 5","bm":0,"hd":false}],"ip":0,"op":47,"st":0,"bm":0}],"markers":[]}