{"v":"5.7.14","fr":30,"ip":0,"op":36,"w":576,"h":576,"nm":"Notebook","ddd":0,"assets":[],"layers":[{"ddd":0,"ind":1,"ty":4,"nm":"Layer 10","sr":1,"ks":{"o":{"a":0,"k":100},"r":{"a":0,"k":0},"p":{"a":0,"k":[146.578,417.676,0]},"a":{"a":0,"k":[0,0,0]},"s":{"a":0,"k":[100,100,100]}},"ao":0,"shapes":[{"ty":"gr","it":[{"ind":0,"ty":"sh","ks":{"a":1,"k":[{"i":{"x":0.2,"y":1},"o":{"x":0.333,"y":0},"t":0,"s":[{"i":[[0,0],[0,0],[0,-4.142],[0,0]],"o":[[0,0],[4.142,0],[0,0],[0,0]],"v":[[-43.096,-45.694],[35.596,-45.694],[43.096,-38.194],[43.096,45.694]],"c":false}]},{"i":{"x":0.667,"y":1},"o":{"x":0.8,"y":0},"t":10,"s":[{"i":[[0,0],[0,0],[0,-4.142],[0,0]],"o":[[0,0],[4.142,0],[0,0],[0,0]],"v":[[-43.096,-75.694],[75.596,-75.694],[83.096,-68.194],[83.096,45.694]],"c":false}]},{"t":30,"s":[{"i":[[0,0],[0,0],[0,-4.142],[0,0]],"o":[[0,0],[4.142,0],[0,0],[0,0]],"v":[[-43.096,-45.694],[35.596,-45.694],[43.096,-38.194],[43.096,45.694]],"c":false}]}]},"nm":"Path 1","hd":false},{"ty":"st","c":{"a":0,"k":[0.09,0.09,0.094]},"o":{"a":0,"k":100},"w":{"a":0,"k":12.5},"lc":2,"lj":2,"bm":0,"nm":"Stroke 1","hd":false},{"ty":"tr","p":{"a":0,"k":[0,0]},"a":{"a":0,"k":[0,0]},"s":{"a":0,"k":[100,100]},"r":{"a":0,"k":0},"o":{"a":0,"k":100},"sk":{"a":0,"k":0},"sa":{"a":0,"k":0},"nm":"Transform"}],"nm":"Group 1","bm":0,"hd":false}],"ip":0,"op":90,"st":0,"bm":0},{"ddd":0,"ind":2,"ty":4,"nm":"Merged Shape Layer","sr":1,"ks":{"o":{"a":0,"k":100},"r":{"a":1,"k":[{"i":{"x":[0.2],"y":[1]},"o":{"x":[0.333],"y":[0]},"t":0,"s":[0]},{"i":{"x":[0.667],"y":[1]},"o":{"x":[0.8],"y":[0]},"t":10,"s":[-49]},{"i":{"x":[0.667],"y":[1]},"o":{"x":[0.333],"y":[0]},"t":20,"s":[10]},{"t":30,"s":[0]}]},"p":{"a":1,"k":[{"i":{"x":0.2,"y":1},"o":{"x":0.333,"y":0},"t":0,"s":[299.03,319.153,0],"to":[-21.667,-0.333,0],"ti":[-6.667,0,0]},{"i":{"x":0.667,"y":1},"o":{"x":0.8,"y":0},"t":10,"s":[169.03,317.153,0],"to":[6.667,0,0],"ti":[-21.667,-0.333,0]},{"i":{"x":0.667,"y":1},"o":{"x":0.333,"y":0},"t":20,"s":[339.03,319.153,0],"to":[21.667,0.333,0],"ti":[6.667,0,0]},{"t":30,"s":[299.03,319.153,0]}]},"a":{"a":0,"k":[299.03,319.153,0]},"s":{"a":0,"k":[100,100,100]}},"ao":0,"shapes":[{"ty":"gr","it":[{"ind":0,"ty":"sh","ks":{"a":0,"k":{"i":[[0,0],[0,0],[0.174,-0.641],[0,0],[-2.842,0.804],[0,0],[-0.458,0.457],[0,0]],"o":[[0,0],[-0.471,0.469],[0,0],[-0.774,2.851],[0,0],[0.623,-0.176],[0,0],[0,0]],"v":[[-7.475,-19.484],[-10.093,-16.873],[-11.076,-15.178],[-19.181,14.685],[-14.48,19.336],[15.044,10.987],[16.693,10.021],[19.318,7.403]],"c":false}},"nm":"Path 1","hd":false},{"ty":"st","c":{"a":0,"k":[0.09,0.09,0.094]},"o":{"a":0,"k":100},"w":{"a":0,"k":12.5},"lc":2,"lj":2,"bm":0,"nm":"Stroke 1","hd":false},{"ty":"tr","p":{"a":0,"k":[318.347,299.669]},"a":{"a":0,"k":[0,0]},"s":{"a":0,"k":[100,100]},"r":{"a":0,"k":0},"o":{"a":0,"k":100},"sk":{"a":0,"k":0},"sa":{"a":0,"k":0},"nm":"Transform"}],"nm":"Group 1","bm":0,"hd":false},{"ty":"gr","it":[{"ind":0,"ty":"sh","ks":{"a":0,"k":{"i":[[0,0],[0,0],[1.482,1.486],[0,0],[1.486,-1.482],[0,0]],"o":[[0,0],[1.486,-1.482],[0,0],[-1.482,-1.486],[0,0],[0,0]],"v":[[-40.927,67.615],[66.602,-39.631],[66.609,-45.004],[45.171,-66.499],[39.797,-66.506],[-67.718,40.727]],"c":false}},"nm":"Path 1","hd":false},{"ty":"st","c":{"a":0,"k":[0.09,0.09,0.094]},"o":{"a":0,"k":100},"w":{"a":0,"k":12.5},"lc":2,"lj":2,"bm":0,"nm":"Stroke 1","hd":false},{"ty":"tr","p":{"a":0,"k":[404.8,213.317]},"a":{"a":0,"k":[0,0]},"s":{"a":0,"k":[100,100]},"r":{"a":0,"k":0},"o":{"a":0,"k":100},"sk":{"a":0,"k":0},"sa":{"a":0,"k":0},"nm":"Transform"}],"nm":"Group 2","bm":0,"hd":false},{"ty":"gr","it":[{"ind":0,"ty":"sh","ks":{"a":0,"k":{"i":[[0,0],[0,0]],"o":[[0,0],[0,0]],"v":[[-11.742,-11.742],[11.742,11.742]],"c":false}},"nm":"Path 1","hd":false},{"ty":"st","c":{"a":0,"k":[0.09,0.09,0.094]},"o":{"a":0,"k":100},"w":{"a":0,"k":12.5},"lc":2,"lj":2,"bm":0,"nm":"Stroke 1","hd":false},{"ty":"tr","p":{"a":0,"k":[446.951,171.313]},"a":{"a":0,"k":[0,0]},"s":{"a":0,"k":[100,100]},"r":{"a":0,"k":0},"o":{"a":0,"k":100},"sk":{"a":0,"k":0},"sa":{"a":0,"k":0},"nm":"Transform"}],"nm":"Group 3","bm":0,"hd":false},{"ty":"gr","it":[{"ind":0,"ty":"sh","ks":{"a":0,"k":{"i":[[0,0],[0,0]],"o":[[0,0],[0,0]],"v":[[-11.742,-11.742],[11.742,11.742]],"c":false}},"nm":"Path 1","hd":false},{"ty":"st","c":{"a":0,"k":[0.09,0.09,0.094]},"o":{"a":0,"k":100},"w":{"a":0,"k":12.5},"lc":2,"lj":2,"bm":0,"nm":"Stroke 1","hd":false},{"ty":"tr","p":{"a":0,"k":[446.951,171.313]},"a":{"a":0,"k":[0,0]},"s":{"a":0,"k":[100,100]},"r":{"a":0,"k":0},"o":{"a":0,"k":100},"sk":{"a":0,"k":0},"sa":{"a":0,"k":0},"nm":"Transform"}],"nm":"Group 4","bm":0,"hd":false}],"ip":0,"op":90,"st":0,"bm":0},{"ddd":0,"ind":3,"ty":4,"nm":"Layer 8","sr":1,"ks":{"o":{"a":0,"k":100},"r":{"a":0,"k":0},"p":{"a":0,"k":[221.939,324.749,0]},"a":{"a":0,"k":[0,0,0]},"s":{"a":0,"k":[100,100,100]}},"ao":0,"shapes":[{"ty":"gr","it":[{"ind":0,"ty":"sh","ks":{"a":0,"k":{"i":[[0,0],[0,0]],"o":[[0,0],[0,0]],"v":[[-53.133,0],[53.133,0]],"c":false}},"nm":"Path 1","hd":false},{"ty":"st","c":{"a":0,"k":[0.09,0.09,0.094]},"o":{"a":0,"k":100},"w":{"a":0,"k":12.5},"lc":2,"lj":2,"bm":0,"nm":"Stroke 1","hd":false},{"ty":"tr","p":{"a":0,"k":[0,0]},"a":{"a":0,"k":[0,0]},"s":{"a":0,"k":[100,100]},"r":{"a":0,"k":0},"o":{"a":0,"k":100},"sk":{"a":0,"k":0},"sa":{"a":0,"k":0},"nm":"Transform"}],"nm":"Group 1","bm":0,"hd":false},{"ty":"tm","s":{"a":1,"k":[{"i":{"x":[0.833],"y":[0.833]},"o":{"x":[0.333],"y":[0]},"t":18,"s":[0]},{"t":28,"s":[100]}]},"e":{"a":1,"k":[{"i":{"x":[0.667],"y":[1]},"o":{"x":[0.8],"y":[0]},"t":10,"s":[0]},{"t":20,"s":[100]}]},"o":{"a":0,"k":0},"m":1,"nm":"Trim In Path","hd":false}],"ip":0,"op":90,"st":0,"bm":0},{"ddd":0,"ind":4,"ty":4,"nm":"Layer 13","sr":1,"ks":{"o":{"a":0,"k":100},"r":{"a":0,"k":0},"p":{"a":0,"k":[206.446,283.717,0]},"a":{"a":0,"k":[0,0,0]},"s":{"a":0,"k":[100,100,100]}},"ao":0,"shapes":[{"ty":"gr","it":[{"ind":0,"ty":"sh","ks":{"a":0,"k":{"i":[[0,0],[0,0]],"o":[[0,0],[0,0]],"v":[[-37.64,0],[37.64,0]],"c":false}},"nm":"Path 1","hd":false},{"ty":"st","c":{"a":0,"k":[0.09,0.09,0.094]},"o":{"a":0,"k":100},"w":{"a":0,"k":12.5},"lc":2,"lj":2,"bm":0,"nm":"Stroke 1","hd":false},{"ty":"tr","p":{"a":0,"k":[0,0]},"a":{"a":0,"k":[0,0]},"s":{"a":0,"k":[100,100]},"r":{"a":0,"k":0},"o":{"a":0,"k":100},"sk":{"a":0,"k":0},"sa":{"a":0,"k":0},"nm":"Transform"}],"nm":"Group 1","bm":0,"hd":false},{"ty":"tm","s":{"a":0,"k":0},"e":{"a":1,"k":[{"i":{"x":[0.5],"y":[1]},"o":{"x":[0.167],"y":[0.167]},"t":15,"s":[0]},{"t":25,"s":[100]}]},"o":{"a":0,"k":0},"m":1,"nm":"Trim In Path","hd":false}],"ip":15,"op":105,"st":15,"bm":0},{"ddd":0,"ind":5,"ty":4,"nm":"Layer 12","sr":1,"ks":{"o":{"a":0,"k":100},"r":{"a":0,"k":0},"p":{"a":0,"k":[251.991,201.653,0]},"a":{"a":0,"k":[0,0,0]},"s":{"a":0,"k":[100,100,100]}},"ao":0,"shapes":[{"ty":"gr","it":[{"ind":0,"ty":"sh","ks":{"a":0,"k":{"i":[[0,0],[0,0]],"o":[[0,0],[0,0]],"v":[[-83.186,0],[83.186,0]],"c":false}},"nm":"Path 1","hd":false},{"ty":"st","c":{"a":0,"k":[0.09,0.09,0.094]},"o":{"a":0,"k":100},"w":{"a":0,"k":12.5},"lc":2,"lj":2,"bm":0,"nm":"Stroke 1","hd":false},{"ty":"tr","p":{"a":0,"k":[0,0]},"a":{"a":0,"k":[0,0]},"s":{"a":0,"k":[100,100]},"r":{"a":0,"k":0},"o":{"a":0,"k":100},"sk":{"a":0,"k":0},"sa":{"a":0,"k":0},"nm":"Transform"}],"nm":"Group 1","bm":0,"hd":false},{"ty":"tm","s":{"a":0,"k":0},"e":{"a":1,"k":[{"i":{"x":[0.5],"y":[1]},"o":{"x":[0.167],"y":[0.167]},"t":15,"s":[0]},{"t":25,"s":[100]}]},"o":{"a":0,"k":0},"m":1,"nm":"Trim In Path","hd":false}],"ip":15,"op":105,"st":15,"bm":0},{"ddd":0,"ind":6,"ty":4,"nm":"Layer 11","sr":1,"ks":{"o":{"a":0,"k":100},"r":{"a":0,"k":0},"p":{"a":0,"k":[216.81,242.685,0]},"a":{"a":0,"k":[0,0,0]},"s":{"a":0,"k":[100,100,100]}},"ao":0,"shapes":[{"ty":"gr","it":[{"ind":0,"ty":"sh","ks":{"a":0,"k":{"i":[[0,0],[0,0]],"o":[[0,0],[0,0]],"v":[[-48.004,0],[48.004,0]],"c":false}},"nm":"Path 1","hd":false},{"ty":"st","c":{"a":0,"k":[0.09,0.09,0.094]},"o":{"a":0,"k":100},"w":{"a":0,"k":12.5},"lc":2,"lj":2,"bm":0,"nm":"Stroke 1","hd":false},{"ty":"tr","p":{"a":0,"k":[0,0]},"a":{"a":0,"k":[0,0]},"s":{"a":0,"k":[100,100]},"r":{"a":0,"k":0},"o":{"a":0,"k":100},"sk":{"a":0,"k":0},"sa":{"a":0,"k":0},"nm":"Transform"}],"nm":"Group 1","bm":0,"hd":false},{"ty":"tm","s":{"a":0,"k":0},"e":{"a":1,"k":[{"i":{"x":[0.5],"y":[1]},"o":{"x":[0.167],"y":[0.167]},"t":15,"s":[0]},{"t":25,"s":[100]}]},"o":{"a":0,"k":0},"m":1,"nm":"Trim In Path","hd":false}],"ip":15,"op":105,"st":15,"bm":0},{"ddd":0,"ind":7,"ty":4,"nm":"Layer 7","sr":1,"ks":{"o":{"a":0,"k":100},"r":{"a":0,"k":0},"p":{"a":0,"k":[208.446,283.717,0]},"a":{"a":0,"k":[0,0,0]},"s":{"a":0,"k":[100,100,100]}},"ao":0,"shapes":[{"ty":"gr","it":[{"ind":0,"ty":"sh","ks":{"a":0,"k":{"i":[[0,0],[0,0]],"o":[[0,0],[0,0]],"v":[[37.64,0],[-37.64,0]],"c":false}},"nm":"Path 1","hd":false},{"ty":"st","c":{"a":0,"k":[0.09,0.09,0.094]},"o":{"a":0,"k":100},"w":{"a":0,"k":12.5},"lc":2,"lj":2,"bm":0,"nm":"Stroke 1","hd":false},{"ty":"tr","p":{"a":0,"k":[0,0]},"a":{"a":0,"k":[0,0]},"s":{"a":0,"k":[100,100]},"r":{"a":0,"k":0},"o":{"a":0,"k":100},"sk":{"a":0,"k":0},"sa":{"a":0,"k":0},"nm":"Transform"}],"nm":"Group 1","bm":0,"hd":false},{"ty":"tm","s":{"a":0,"k":100},"e":{"a":1,"k":[{"i":{"x":[0.833],"y":[0.833]},"o":{"x":[0.5],"y":[0]},"t":0,"s":[0]},{"t":5,"s":[100]}]},"o":{"a":0,"k":0},"m":1,"nm":"Trim Out Path","hd":false}],"ip":0,"op":90,"st":0,"bm":0},{"ddd":0,"ind":8,"ty":4,"nm":"Layer 6","sr":1,"ks":{"o":{"a":0,"k":100},"r":{"a":0,"k":0},"p":{"a":0,"k":[253.991,201.653,0]},"a":{"a":0,"k":[0,0,0]},"s":{"a":0,"k":[100,100,100]}},"ao":0,"shapes":[{"ty":"gr","it":[{"ind":0,"ty":"sh","ks":{"a":0,"k":{"i":[[0,0],[0,0]],"o":[[0,0],[0,0]],"v":[[83.186,0],[-83.186,0]],"c":false}},"nm":"Path 1","hd":false},{"ty":"st","c":{"a":0,"k":[0.09,0.09,0.094]},"o":{"a":0,"k":100},"w":{"a":0,"k":12.5},"lc":2,"lj":2,"bm":0,"nm":"Stroke 1","hd":false},{"ty":"tr","p":{"a":0,"k":[0,0]},"a":{"a":0,"k":[0,0]},"s":{"a":0,"k":[100,100]},"r":{"a":0,"k":0},"o":{"a":0,"k":100},"sk":{"a":0,"k":0},"sa":{"a":0,"k":0},"nm":"Transform"}],"nm":"Group 1","bm":0,"hd":false},{"ty":"tm","s":{"a":0,"k":100},"e":{"a":1,"k":[{"i":{"x":[0.833],"y":[0.833]},"o":{"x":[0.5],"y":[0]},"t":0,"s":[0]},{"t":5,"s":[100]}]},"o":{"a":0,"k":0},"m":1,"nm":"Trim Out Path","hd":false}],"ip":0,"op":90,"st":0,"bm":0},{"ddd":0,"ind":9,"ty":4,"nm":"Layer 5","sr":1,"ks":{"o":{"a":0,"k":100},"r":{"a":0,"k":0},"p":{"a":0,"k":[218.81,242.685,0]},"a":{"a":0,"k":[0,0,0]},"s":{"a":0,"k":[100,100,100]}},"ao":0,"shapes":[{"ty":"gr","it":[{"ind":0,"ty":"sh","ks":{"a":0,"k":{"i":[[0,0],[0,0]],"o":[[0,0],[0,0]],"v":[[48.004,0],[-48.004,0]],"c":false}},"nm":"Path 1","hd":false},{"ty":"st","c":{"a":0,"k":[0.09,0.09,0.094]},"o":{"a":0,"k":100},"w":{"a":0,"k":12.5},"lc":2,"lj":2,"bm":0,"nm":"Stroke 1","hd":false},{"ty":"tr","p":{"a":0,"k":[0,0]},"a":{"a":0,"k":[0,0]},"s":{"a":0,"k":[100,100]},"r":{"a":0,"k":0},"o":{"a":0,"k":100},"sk":{"a":0,"k":0},"sa":{"a":0,"k":0},"nm":"Transform"}],"nm":"Group 1","bm":0,"hd":false},{"ty":"tm","s":{"a":0,"k":100},"e":{"a":1,"k":[{"i":{"x":[0.833],"y":[0.833]},"o":{"x":[0.5],"y":[0]},"t":0,"s":[0]},{"t":5,"s":[100]}]},"o":{"a":0,"k":0},"m":1,"nm":"Trim Out Path","hd":false}],"ip":0,"op":90,"st":0,"bm":0},{"ddd":0,"ind":10,"ty":4,"nm":"Layer 9","sr":1,"ks":{"o":{"a":0,"k":100},"r":{"a":0,"k":0},"p":{"a":0,"k":[251.991,468.168,0]},"a":{"a":0,"k":[0,180.168,0]},"s":{"a":0,"k":[100,100,100]}},"ao":0,"shapes":[{"ty":"gr","it":[{"ind":0,"ty":"sh","ks":{"a":1,"k":[{"i":{"x":0.2,"y":1},"o":{"x":0.333,"y":0},"t":0,"s":[{"i":[[0,0],[0,0],[4.142,0],[0,0],[0,0],[0,0],[-4.142,0],[0,0],[0,-4.142],[0,0]],"o":[[0,0],[0,4.142],[0,0],[0,0],[0,0],[0,-4.142],[0,0],[4.142,0],[0,0],[0,0]],"v":[[148.504,-17.777],[148.504,172.668],[141.004,180.168],[-62.308,180.168],[-148.504,88.606],[-148.504,-172.668],[-141.004,-180.168],[141.004,-180.168],[148.504,-172.668],[148.504,-101.213]],"c":false}]},{"i":{"x":0.667,"y":1},"o":{"x":0.8,"y":0},"t":10,"s":[{"i":[[0,0],[0,0],[4.142,0],[0,0],[0,0],[0,0],[-4.142,0],[0,0],[0,-4.142],[0,0]],"o":[[0,0],[0,4.142],[0,0],[0,0],[0,0],[0,-4.142],[0,0],[4.142,0],[0,0],[0,0]],"v":[[148.504,92.223],[148.504,172.668],[141.004,180.168],[-22.308,180.168],[-148.504,58.606],[-148.504,-172.668],[-141.004,-180.168],[141.004,-180.168],[148.504,-172.668],[148.504,-161.213]],"c":false}]},{"t":30,"s":[{"i":[[0,0],[0,0],[4.142,0],[0,0],[0,0],[0,0],[-4.142,0],[0,0],[0,-4.142],[0,0]],"o":[[0,0],[0,4.142],[0,0],[0,0],[0,0],[0,-4.142],[0,0],[4.142,0],[0,0],[0,0]],"v":[[148.504,-17.777],[148.504,172.668],[141.004,180.168],[-62.308,180.168],[-148.504,88.606],[-148.504,-172.668],[-141.004,-180.168],[141.004,-180.168],[148.504,-172.668],[148.504,-101.213]],"c":false}]}]},"nm":"Path 1","hd":false},{"ty":"st","c":{"a":0,"k":[0.09,0.09,0.094]},"o":{"a":0,"k":100},"w":{"a":0,"k":12.5},"lc":2,"lj":2,"bm":0,"nm":"Stroke 1","hd":false},{"ty":"tr","p":{"a":0,"k":[0,0]},"a":{"a":0,"k":[0,0]},"s":{"a":0,"k":[100,100]},"r":{"a":0,"k":0},"o":{"a":0,"k":100},"sk":{"a":0,"k":0},"sa":{"a":0,"k":0},"nm":"Transform"}],"nm":"Group 1","bm":0,"hd":false}],"ip":0,"op":90,"st":0,"bm":0}],"markers":[]}