{"v":"5.7.14","fr":30,"ip":0,"op":40,"w":576,"h":576,"nm":"Profile","ddd":0,"assets":[],"layers":[{"ddd":0,"ind":1,"ty":4,"nm":"Layer 3","sr":1,"ks":{"o":{"a":0,"k":100},"r":{"a":1,"k":[{"i":{"x":[0.313],"y":[1]},"o":{"x":[0.333],"y":[0]},"t":0,"s":[0]},{"i":{"x":[0.667],"y":[1]},"o":{"x":[0.641],"y":[0]},"t":12,"s":[6]},{"i":{"x":[0.667],"y":[1]},"o":{"x":[0.333],"y":[0]},"t":24,"s":[-4]},{"i":{"x":[0.667],"y":[1]},"o":{"x":[0.333],"y":[0]},"t":30,"s":[2]},{"t":36,"s":[0]}]},"p":{"a":1,"k":[{"i":{"x":0.25,"y":1},"o":{"x":0.333,"y":0},"t":0,"s":[288,469.759,0],"to":[0,-11.667,0],"ti":[0,0,0]},{"i":{"x":0.667,"y":1},"o":{"x":0.75,"y":0},"t":10,"s":[288,399.759,0],"to":[0,0,0],"ti":[0,-11.667,0]},{"t":20,"s":[288,469.759,0]}]},"a":{"a":0,"k":[0,181.759,0]},"s":{"a":0,"k":[100,100,100]}},"ao":0,"shapes":[{"ty":"gr","it":[{"ind":0,"ty":"sh","ks":{"a":0,"k":{"i":[[0,-100.383],[100.383,0],[0,100.383],[-100.383,0]],"o":[[0,100.383],[-100.383,0],[0,-100.383],[100.383,0]],"v":[[181.759,0],[0,181.759],[-181.759,0],[0,-181.759]],"c":true}},"nm":"Path 1","hd":false},{"ty":"st","c":{"a":0,"k":[0.02,0.02,0.02]},"o":{"a":0,"k":100},"w":{"a":0,"k":22.5},"lc":1,"lj":1,"ml":10,"bm":0,"nm":"Stroke 1","hd":false},{"ty":"tr","p":{"a":0,"k":[0,0]},"a":{"a":0,"k":[0,0]},"s":{"a":0,"k":[100,100]},"r":{"a":0,"k":0},"o":{"a":0,"k":100},"sk":{"a":0,"k":0},"sa":{"a":0,"k":0},"nm":"Transform"}],"nm":"Group 1","bm":0,"hd":false}],"ip":0,"op":90,"st":0,"bm":0},{"ddd":0,"ind":2,"ty":4,"nm":"Layer 2 - Group 1","sr":1,"ks":{"o":{"a":0,"k":100},"r":{"a":1,"k":[{"i":{"x":[0.313],"y":[1]},"o":{"x":[0.333],"y":[0]},"t":2,"s":[0]},{"i":{"x":[0.667],"y":[1]},"o":{"x":[0.641],"y":[0]},"t":14,"s":[6]},{"i":{"x":[0.667],"y":[1]},"o":{"x":[0.333],"y":[0]},"t":26,"s":[-4]},{"i":{"x":[0.667],"y":[1]},"o":{"x":[0.333],"y":[0]},"t":32,"s":[2]},{"t":38,"s":[0]}]},"p":{"a":1,"k":[{"i":{"x":0.25,"y":1},"o":{"x":0.333,"y":0},"t":2,"s":[288,394.389,0],"to":[0,-11.667,0],"ti":[0,0,0]},{"i":{"x":0.667,"y":1},"o":{"x":0.75,"y":0},"t":12,"s":[288,324.389,0],"to":[0,0,0],"ti":[0,-11.667,0]},{"t":22,"s":[288,394.389,0]}]},"a":{"a":0,"k":[288,394.389,0]},"s":{"a":0,"k":[100,100,100]}},"ao":0,"shapes":[{"ty":"gr","it":[{"ind":0,"ty":"sh","ks":{"a":0,"k":{"i":[[0,0],[0,0],[-50.407,0],[0,0],[0,-50.407],[0,0]],"o":[[0,0],[0,-50.407],[0,0],[50.407,0],[0,0],[0,0]],"v":[[-91.27,55.994],[-91.27,35.276],[0,-55.994],[0,-55.994],[91.27,35.276],[91.27,55.994]],"c":false}},"nm":"Path 1","hd":false},{"ty":"st","c":{"a":0,"k":[0.02,0.02,0.02]},"o":{"a":0,"k":100},"w":{"a":0,"k":22.5},"lc":1,"lj":1,"ml":10,"bm":0,"nm":"Stroke 1","hd":false},{"ty":"tr","p":{"a":0,"k":[288,338.395]},"a":{"a":0,"k":[0,0]},"s":{"a":0,"k":[100,100]},"r":{"a":0,"k":0},"o":{"a":0,"k":100},"sk":{"a":0,"k":0},"sa":{"a":0,"k":0},"nm":"Transform"}],"nm":"Group 1","bm":0,"hd":false}],"ip":0,"op":90,"st":0,"bm":0},{"ddd":0,"ind":3,"ty":4,"nm":"Layer 2 - Group 2","sr":1,"ks":{"o":{"a":0,"k":100},"r":{"a":1,"k":[{"i":{"x":[0.313],"y":[1]},"o":{"x":[0.333],"y":[0]},"t":4,"s":[0]},{"i":{"x":[0.667],"y":[1]},"o":{"x":[0.641],"y":[0]},"t":16,"s":[6]},{"i":{"x":[0.667],"y":[1]},"o":{"x":[0.333],"y":[0]},"t":28,"s":[-4]},{"i":{"x":[0.667],"y":[1]},"o":{"x":[0.333],"y":[0]},"t":34,"s":[2]},{"t":40,"s":[0]}]},"p":{"a":1,"k":[{"i":{"x":0.25,"y":1},"o":{"x":0.333,"y":0},"t":4,"s":[288,282.402,0],"to":[0,-11.667,0],"ti":[0,0,0]},{"i":{"x":0.667,"y":1},"o":{"x":0.75,"y":0},"t":14,"s":[288,212.402,0],"to":[0,0,0],"ti":[0,-11.667,0]},{"t":24,"s":[288,282.402,0]}]},"a":{"a":0,"k":[288,282.402,0]},"s":{"a":0,"k":[100,100,100]}},"ao":0,"shapes":[{"ty":"gr","it":[{"ind":0,"ty":"sh","ks":{"a":0,"k":{"i":[[27.814,-1.005],[1.005,27.814],[-27.814,1.005],[-1.005,-27.814]],"o":[[-27.814,1.005],[-1.005,-27.814],[27.814,-1.005],[1.005,27.814]],"v":[[1.82,50.362],[-50.362,1.82],[-1.82,-50.362],[50.362,-1.82]],"c":true}},"nm":"Path 1","hd":false},{"ty":"fl","c":{"a":0,"k":[0.02,0.02,0.02]},"o":{"a":0,"k":100},"r":1,"bm":0,"nm":"Fill 1","hd":false},{"ty":"tr","p":{"a":0,"k":[288,232.006]},"a":{"a":0,"k":[0,0]},"s":{"a":0,"k":[100,100]},"r":{"a":0,"k":0},"o":{"a":0,"k":100},"sk":{"a":0,"k":0},"sa":{"a":0,"k":0},"nm":"Transform"}],"nm":"Group 2","bm":0,"hd":false}],"ip":0,"op":90,"st":0,"bm":0}],"markers":[]}