{"v":"5.7.14","fr":30,"ip":0,"op":61,"w":576,"h":576,"nm":"Rainbow","ddd":0,"assets":[],"layers":[{"ddd":0,"ind":1,"ty":4,"nm":"Layer 14","sr":1,"ks":{"o":{"a":0,"k":100},"r":{"a":0,"k":0},"p":{"a":0,"k":[420.125,396.222,0]},"a":{"a":0,"k":[420.125,396.222,0]},"s":{"a":0,"k":[100,100,100]}},"ao":0,"shapes":[{"ty":"gr","it":[{"ty":"gr","it":[{"ind":0,"ty":"sh","ks":{"a":0,"k":{"i":[[0,0],[7.55,3.475],[0.025,-0.1]],"o":[[-2.625,-8.05],[-0.025,0.1],[0,0]],"v":[[8.05,9.038],[-7.975,-9.038],[-8.05,-8.712]],"c":false}},"nm":"Path 1","hd":false},{"ty":"st","c":{"a":0,"k":[0.149019613862,0.149019613862,0.737254917622,1]},"o":{"a":0,"k":100},"w":{"a":0,"k":5},"lc":2,"lj":2,"bm":0,"nm":"Stroke 1","hd":false},{"ty":"tr","p":{"a":0,"k":[0,0]},"a":{"a":0,"k":[0,0]},"s":{"a":0,"k":[100,100]},"r":{"a":0,"k":0},"o":{"a":0,"k":100},"sk":{"a":0,"k":0},"sa":{"a":0,"k":0},"nm":"Transform"}],"nm":"Group 1","bm":0,"hd":false},{"ty":"tr","p":{"a":0,"k":[420.125,396.222]},"a":{"a":0,"k":[0,0]},"s":{"a":0,"k":[100,100]},"r":{"a":0,"k":0},"o":{"a":0,"k":100},"sk":{"a":0,"k":0},"sa":{"a":0,"k":0},"nm":"Transform"}],"nm":"Group 1","bm":0,"hd":false},{"ty":"tm","s":{"a":1,"k":[{"i":{"x":[0.3],"y":[1]},"o":{"x":[0.333],"y":[0]},"t":0,"s":[0]},{"i":{"x":[0.667],"y":[1]},"o":{"x":[0.7],"y":[0]},"t":30,"s":[98]},{"t":60,"s":[0]}]},"e":{"a":0,"k":100},"o":{"a":0,"k":0},"m":1,"nm":"Trim Paths 1","hd":false}],"ip":0,"op":150,"st":0,"bm":0},{"ddd":0,"ind":2,"ty":4,"nm":"Layer 13","sr":1,"ks":{"o":{"a":0,"k":100},"r":{"a":0,"k":0},"p":{"a":0,"k":[438.15,402.335,0]},"a":{"a":0,"k":[0,0,0]},"s":{"a":0,"k":[100,100,100]}},"ao":0,"shapes":[{"ty":"gr","it":[{"ind":0,"ty":"sh","ks":{"a":0,"k":{"i":[[0,-7.1],[14.225,0],[0,0],[3.7,1.65],[0,12.375],[-8.475,5.35],[-5.8,0],[-2.725,-0.825],[-1.225,-0.575],[-7.225,4.85],[-7.075,0],[-1.575,-0.225],[-0.15,-17.175],[0,0],[-4.65,-4.65]],"o":[[0,14.225],[0,0],[-4.325,0],[-10.5,-4.725],[0,-10.875],[4.6,-2.9],[3,0],[1.325,0.4],[1.9,-8.825],[5.475,-3.7],[1.625,0],[16.575,2.3],[0,0],[7.1,0],[4.65,4.65]],"v":[[68.375,17],[42.625,42.725],[-38.425,42.725],[-50.55,40.15],[-68.375,12.425],[-54.25,-13.325],[-38.425,-17.9],[-29.825,-16.625],[-26,-15.15],[-11.3,-36.9],[7.825,-42.725],[12.625,-42.375],[42.175,-8.75],[42.625,-8.75],[60.825,-1.2]],"c":true}},"nm":"Path 1","hd":false},{"ty":"st","c":{"a":0,"k":[0.149019613862,0.149019613862,0.737254917622,1]},"o":{"a":0,"k":100},"w":{"a":0,"k":5},"lc":2,"lj":2,"bm":0,"nm":"Stroke 1","hd":false},{"ty":"tr","p":{"a":0,"k":[0,0]},"a":{"a":0,"k":[0,0]},"s":{"a":0,"k":[100,100]},"r":{"a":0,"k":0},"o":{"a":0,"k":100},"sk":{"a":0,"k":0},"sa":{"a":0,"k":0},"nm":"Transform"}],"nm":"Group 1","bm":0,"hd":false}],"ip":0,"op":150,"st":0,"bm":0},{"ddd":0,"ind":3,"ty":4,"nm":"Layer 12","sr":1,"ks":{"o":{"a":0,"k":100},"r":{"a":0,"k":0},"p":{"a":0,"k":[137.85,402.335,0]},"a":{"a":0,"k":[0,0,0]},"s":{"a":0,"k":[100,100,100]}},"ao":0,"shapes":[{"ty":"gr","it":[{"ind":0,"ty":"sh","ks":{"a":0,"k":{"i":[[0,0],[-8.025,3.35],[-4.025,0],[-4.1,-2.15],[0,-11.725],[11.725,-4.1],[3.425,0],[0,0],[0,0],[0,0],[0,0],[0,14.225],[-4.65,4.65],[-7.1,0],[0,0],[-15.25,3.375],[-2.575,0],[-5.05,-2.925],[-2,-9.725]],"o":[[2.75,-8.425],[3.525,-1.475],[4.95,0],[9.625,5.05],[0,13.25],[-3.075,1.1],[0,0],[0,0],[0,0],[0,0],[-14.225,0],[0,-7.1],[4.65,-4.65],[0,0],[0.15,-16.225],[2.4,-0.575],[6.25,0],[8.35,4.825],[0,0]],"v":[[9.975,2.925],[27.025,-15.625],[38.425,-17.9],[52.175,-14.525],[68.375,12.425],[48.225,41.05],[38.425,42.725],[23.85,42.725],[-0.725,42.725],[-25.225,42.725],[-42.625,42.725],[-68.375,17],[-60.825,-1.2],[-42.625,-8.75],[-42.175,-8.75],[-15.325,-41.875],[-7.825,-42.725],[9.325,-38.15],[25.8,-15.375]],"c":false}},"nm":"Path 1","hd":false},{"ty":"st","c":{"a":0,"k":[0.149019613862,0.149019613862,0.737254917622,1]},"o":{"a":0,"k":100},"w":{"a":0,"k":5},"lc":2,"lj":2,"bm":0,"nm":"Stroke 1","hd":false},{"ty":"tr","p":{"a":0,"k":[0,0]},"a":{"a":0,"k":[0,0]},"s":{"a":0,"k":[100,100]},"r":{"a":0,"k":0},"o":{"a":0,"k":100},"sk":{"a":0,"k":0},"sa":{"a":0,"k":0},"nm":"Transform"}],"nm":"Group 1","bm":0,"hd":false},{"ty":"tm","s":{"a":1,"k":[{"i":{"x":[0.3],"y":[1]},"o":{"x":[0.333],"y":[0]},"t":0,"s":[0]},{"i":{"x":[0.667],"y":[1]},"o":{"x":[0.7],"y":[0]},"t":30,"s":[7]},{"t":60,"s":[0]}]},"e":{"a":0,"k":100},"o":{"a":0,"k":0},"m":1,"nm":"Trim Paths 1","hd":false}],"ip":0,"op":150,"st":0,"bm":0},{"ddd":0,"ind":4,"ty":4,"nm":"Layer 11","sr":1,"ks":{"o":{"a":0,"k":100},"r":{"a":0,"k":0},"p":{"a":0,"k":[286.6,342.297,0]},"a":{"a":0,"k":[0,0,0]},"s":{"a":0,"k":[100,100,100]}},"ao":0,"shapes":[{"ty":"gr","it":[{"ind":0,"ty":"sh","ks":{"a":1,"k":[{"i":{"x":0.3,"y":1},"o":{"x":0.333,"y":0},"t":5,"s":[{"i":[[-15.8,-52.15],[3,0],[4.6,-2.9],[45,0],[14.25,-39.625],[4.95,0],[3.525,-1.475],[-57.675,0]],"o":[[-2.725,-0.825],[-5.8,0],[-13.9,-40.25],[-44.55,0],[-4.1,-2.15],[-4.025,0],[15.475,-52.675],[57.325,0]],"v":[[121.725,43.412],[113.125,42.137],[97.3,46.712],[0.15,-22.462],[-96.575,45.513],[-110.325,42.137],[-121.725,44.413],[0.15,-46.712]],"c":true}]},{"i":{"x":0.667,"y":1},"o":{"x":0.7,"y":0},"t":31,"s":[{"i":[[-15.8,-52.15],[4.021,-0.431],[5.85,-4.697],[45,0],[14.25,-39.625],[7.761,0.777],[3.525,-1.475],[-57.675,0]],"o":[[-2.725,-0.825],[-7.6,0.815],[-13.9,-40.25],[-44.55,0],[-4.1,-2.15],[-5.588,-0.56],[15.475,-52.675],[57.325,0]],"v":[[123.1,42.537],[110.75,41.887],[94.925,48.525],[0.15,-16.837],[-94.575,46.45],[-109.013,41.825],[-122.663,43.475],[0.15,-49.837]],"c":true}]},{"t":57,"s":[{"i":[[-15.8,-52.15],[3,0],[4.6,-2.9],[45,0],[14.25,-39.625],[4.95,0],[3.525,-1.475],[-57.675,0]],"o":[[-2.725,-0.825],[-5.8,0],[-13.9,-40.25],[-44.55,0],[-4.1,-2.15],[-4.025,0],[15.475,-52.675],[57.325,0]],"v":[[121.725,43.412],[113.125,42.137],[97.3,46.712],[0.15,-22.462],[-96.575,45.513],[-110.325,42.137],[-121.725,44.413],[0.15,-46.712]],"c":true}]}]},"nm":"Path 1","hd":false},{"ty":"st","c":{"a":0,"k":[0.149019613862,0.149019613862,0.737254917622,1]},"o":{"a":0,"k":100},"w":{"a":0,"k":5},"lc":2,"lj":2,"bm":0,"nm":"Stroke 1","hd":false},{"ty":"fl","c":{"a":0,"k":[0.396078437567,0.51372551918,0.996078431606,1]},"o":{"a":0,"k":100},"r":1,"bm":0,"nm":"Fill 1","hd":false},{"ty":"tr","p":{"a":0,"k":[0,0]},"a":{"a":0,"k":[0,0]},"s":{"a":0,"k":[100,100]},"r":{"a":0,"k":0},"o":{"a":0,"k":100},"sk":{"a":0,"k":0},"sa":{"a":0,"k":0},"nm":"Transform"}],"nm":"Group 1","bm":0,"hd":false}],"ip":0,"op":150,"st":0,"bm":0},{"ddd":0,"ind":5,"ty":4,"nm":"Layer 10","sr":1,"ks":{"o":{"a":0,"k":100},"r":{"a":0,"k":0},"p":{"a":0,"k":[286.65,306.247,0]},"a":{"a":0,"k":[0,0,0]},"s":{"a":0,"k":[100,100,100]}},"ao":0,"shapes":[{"ty":"gr","it":[{"ind":0,"ty":"sh","ks":{"a":1,"k":[{"i":{"x":0.3,"y":1},"o":{"x":0.333,"y":0},"t":0,"s":[{"i":[[-25.225,-66.025],[1.625,0],[10.4,-6.31],[63.325,0],[22.825,-54.55],[6.25,0],[2.4,-0.575],[-75.075,0]],"o":[[-1.575,-0.225],[-7.075,0],[-22.55,-55.225],[-62.85,0],[-6.863,-4.872],[-2.575,0],[25.1,-66.275],[74.875,0]],"v":[[164.125,53.712],[159.325,53.362],[137.7,60.437],[0.1,-32.438],[-136.975,59.187],[-156.625,53.362],[-164.125,54.212],[0.1,-59.187]],"c":true}]},{"i":{"x":0.667,"y":1},"o":{"x":0.7,"y":0},"t":26,"s":[{"i":[[-25.225,-66.025],[1.619,-0.141],[6.837,-6.56],[63.325,0],[22.825,-54.55],[7.6,0.39],[2.4,-0.575],[-75.075,0]],"o":[[-3.275,-0.397],[-11.663,1.015],[-22.55,-55.225],[-62.85,0],[-6.863,-4.872],[-2.572,-0.132],[25.1,-66.275],[74.875,0]],"v":[[165.562,53.462],[157.825,52.925],[135.137,64],[0.1,-24.938],[-134.85,61.062],[-154.75,52.862],[-164.75,52.837],[0.1,-61.437]],"c":true}]},{"t":52,"s":[{"i":[[-25.225,-66.025],[1.625,0],[10.4,-6.31],[63.325,0],[22.825,-54.55],[6.25,0],[2.4,-0.575],[-75.075,0]],"o":[[-1.575,-0.225],[-7.075,0],[-22.55,-55.225],[-62.85,0],[-6.863,-4.872],[-2.575,0],[25.1,-66.275],[74.875,0]],"v":[[164.125,53.712],[159.325,53.362],[137.7,60.437],[0.1,-32.438],[-136.975,59.187],[-156.625,53.362],[-164.125,54.212],[0.1,-59.187]],"c":true}]}]},"nm":"Path 1","hd":false},{"ty":"st","c":{"a":0,"k":[0.149019613862,0.149019613862,0.737254917622,1]},"o":{"a":0,"k":100},"w":{"a":0,"k":5},"lc":2,"lj":2,"bm":0,"nm":"Stroke 1","hd":false},{"ty":"fl","c":{"a":0,"k":[0.396078437567,0.51372551918,0.996078431606,1]},"o":{"a":0,"k":100},"r":1,"bm":0,"nm":"Fill 1","hd":false},{"ty":"tr","p":{"a":0,"k":[0,0]},"a":{"a":0,"k":[0,0]},"s":{"a":0,"k":[100,100]},"r":{"a":0,"k":0},"o":{"a":0,"k":100},"sk":{"a":0,"k":0},"sa":{"a":0,"k":0},"nm":"Transform"}],"nm":"Group 1","bm":0,"hd":false}],"ip":0,"op":150,"st":0,"bm":0},{"ddd":0,"ind":6,"ty":4,"nm":"Layer 9","sr":1,"ks":{"o":{"a":0,"k":100},"r":{"a":1,"k":[{"i":{"x":[0.833],"y":[0.833]},"o":{"x":[0.167],"y":[0.167]},"t":0,"s":[0]},{"t":60,"s":[90]}]},"p":{"a":0,"k":[160.247,220.065,0]},"a":{"a":0,"k":[-127.753,-67.935,0]},"s":{"a":0,"k":[100,100,100]}},"ao":0,"shapes":[{"ty":"gr","it":[{"ind":0,"ty":"sh","ks":{"a":0,"k":{"i":[[0,0],[5.425,-5.425],[8.3,0],[0.025,0],[5.4,5.475],[0,8.25],[0,0],[-5.425,5.4],[-8.25,0.025],[-0.025,0],[-5.425,-5.4],[-0.025,-8.3]],"o":[[0,8.275],[-5.425,5.45],[-0.025,0],[-8.3,-0.025],[-5.425,-5.425],[0,0],[0.025,-8.275],[5.425,-5.425],[0.025,0],[8.275,0],[5.45,5.4],[0,0]],"v":[[-97.753,-67.935],[-106.528,-46.735],[-127.753,-37.935],[-127.803,-37.935],[-149.003,-46.81],[-157.753,-67.935],[-157.753,-68.01],[-148.953,-89.16],[-127.803,-97.935],[-127.753,-97.935],[-106.603,-89.21],[-97.753,-68.01]],"c":true}},"nm":"Path 1","hd":false},{"ty":"st","c":{"a":0,"k":[0.149019613862,0.149019613862,0.737254917622,1]},"o":{"a":0,"k":100},"w":{"a":0,"k":5},"lc":2,"lj":2,"bm":0,"nm":"Stroke 1","hd":false},{"ty":"tr","p":{"a":0,"k":[0,0]},"a":{"a":0,"k":[0,0]},"s":{"a":0,"k":[100,100]},"r":{"a":0,"k":0},"o":{"a":0,"k":100},"sk":{"a":0,"k":0},"sa":{"a":0,"k":0},"nm":"Transform"}],"nm":"Group 1","bm":0,"hd":false}],"ip":0,"op":150,"st":0,"bm":0},{"ddd":0,"ind":7,"ty":4,"nm":"Layer 8","parent":6,"sr":1,"ks":{"o":{"a":0,"k":100},"r":{"a":0,"k":0},"p":{"a":0,"k":[-177.715,-117.922,0]},"a":{"a":0,"k":[0,0,0]},"s":{"a":0,"k":[100,100,100]}},"ao":0,"shapes":[{"ty":"gr","it":[{"ind":0,"ty":"sh","ks":{"a":0,"k":{"i":[[0,0],[0,0]],"o":[[0,0],[0,0]],"v":[[13.062,13.062],[-13.062,-13.062]],"c":false}},"nm":"Path 1","hd":false},{"ty":"st","c":{"a":0,"k":[0.149019613862,0.149019613862,0.737254917622,1]},"o":{"a":0,"k":100},"w":{"a":0,"k":5},"lc":2,"lj":2,"bm":0,"nm":"Stroke 1","hd":false},{"ty":"tr","p":{"a":0,"k":[0,0]},"a":{"a":0,"k":[0,0]},"s":{"a":0,"k":[100,100]},"r":{"a":0,"k":0},"o":{"a":0,"k":100},"sk":{"a":0,"k":0},"sa":{"a":0,"k":0},"nm":"Transform"}],"nm":"Group 1","bm":0,"hd":false}],"ip":0,"op":150,"st":0,"bm":0},{"ddd":0,"ind":8,"ty":4,"nm":"Layer 7","parent":6,"sr":1,"ks":{"o":{"a":0,"k":100},"r":{"a":0,"k":0},"p":{"a":0,"k":[-77.828,-18.035,0]},"a":{"a":0,"k":[0,0,0]},"s":{"a":0,"k":[100,100,100]}},"ao":0,"shapes":[{"ty":"gr","it":[{"ind":0,"ty":"sh","ks":{"a":0,"k":{"i":[[0,0],[0,0]],"o":[[0,0],[0,0]],"v":[[13,13],[-13,-13]],"c":false}},"nm":"Path 1","hd":false},{"ty":"st","c":{"a":0,"k":[0.149019613862,0.149019613862,0.737254917622,1]},"o":{"a":0,"k":100},"w":{"a":0,"k":5},"lc":2,"lj":2,"bm":0,"nm":"Stroke 1","hd":false},{"ty":"tr","p":{"a":0,"k":[0,0]},"a":{"a":0,"k":[0,0]},"s":{"a":0,"k":[100,100]},"r":{"a":0,"k":0},"o":{"a":0,"k":100},"sk":{"a":0,"k":0},"sa":{"a":0,"k":0},"nm":"Transform"}],"nm":"Group 1","bm":0,"hd":false}],"ip":0,"op":150,"st":0,"bm":0},{"ddd":0,"ind":9,"ty":4,"nm":"Layer 6","parent":6,"sr":1,"ks":{"o":{"a":0,"k":100},"r":{"a":0,"k":0},"p":{"a":0,"k":[-77.865,-117.947,0]},"a":{"a":0,"k":[0,0,0]},"s":{"a":0,"k":[100,100,100]}},"ao":0,"shapes":[{"ty":"gr","it":[{"ind":0,"ty":"sh","ks":{"a":0,"k":{"i":[[0,0],[0,0]],"o":[[0,0],[0,0]],"v":[[13.038,-13.038],[-13.038,13.038]],"c":false}},"nm":"Path 1","hd":false},{"ty":"st","c":{"a":0,"k":[0.149019613862,0.149019613862,0.737254917622,1]},"o":{"a":0,"k":100},"w":{"a":0,"k":5},"lc":2,"lj":2,"bm":0,"nm":"Stroke 1","hd":false},{"ty":"tr","p":{"a":0,"k":[0,0]},"a":{"a":0,"k":[0,0]},"s":{"a":0,"k":[100,100]},"r":{"a":0,"k":0},"o":{"a":0,"k":100},"sk":{"a":0,"k":0},"sa":{"a":0,"k":0},"nm":"Transform"}],"nm":"Group 1","bm":0,"hd":false}],"ip":0,"op":150,"st":0,"bm":0},{"ddd":0,"ind":10,"ty":4,"nm":"Layer 5","parent":6,"sr":1,"ks":{"o":{"a":0,"k":100},"r":{"a":0,"k":0},"p":{"a":0,"k":[-177.74,-18.072,0]},"a":{"a":0,"k":[0,0,0]},"s":{"a":0,"k":[100,100,100]}},"ao":0,"shapes":[{"ty":"gr","it":[{"ind":0,"ty":"sh","ks":{"a":0,"k":{"i":[[0,0],[0,0]],"o":[[0,0],[0,0]],"v":[[13.038,-13.038],[-13.038,13.038]],"c":false}},"nm":"Path 1","hd":false},{"ty":"st","c":{"a":0,"k":[0.149019613862,0.149019613862,0.737254917622,1]},"o":{"a":0,"k":100},"w":{"a":0,"k":5},"lc":2,"lj":2,"bm":0,"nm":"Stroke 1","hd":false},{"ty":"tr","p":{"a":0,"k":[0,0]},"a":{"a":0,"k":[0,0]},"s":{"a":0,"k":[100,100]},"r":{"a":0,"k":0},"o":{"a":0,"k":100},"sk":{"a":0,"k":0},"sa":{"a":0,"k":0},"nm":"Transform"}],"nm":"Group 1","bm":0,"hd":false}],"ip":0,"op":150,"st":0,"bm":0},{"ddd":0,"ind":11,"ty":4,"nm":"Layer 4","parent":6,"sr":1,"ks":{"o":{"a":0,"k":100},"r":{"a":0,"k":0},"p":{"a":0,"k":[-127.803,-138.61,0]},"a":{"a":0,"k":[0,0,0]},"s":{"a":0,"k":[100,100,100]}},"ao":0,"shapes":[{"ty":"gr","it":[{"ind":0,"ty":"sh","ks":{"a":0,"k":{"i":[[0,0],[0,0]],"o":[[0,0],[0,0]],"v":[[0,18.45],[0,-18.45]],"c":false}},"nm":"Path 1","hd":false},{"ty":"st","c":{"a":0,"k":[0.149019613862,0.149019613862,0.737254917622,1]},"o":{"a":0,"k":100},"w":{"a":0,"k":5},"lc":2,"lj":2,"bm":0,"nm":"Stroke 1","hd":false},{"ty":"tr","p":{"a":0,"k":[0,0]},"a":{"a":0,"k":[0,0]},"s":{"a":0,"k":[100,100]},"r":{"a":0,"k":0},"o":{"a":0,"k":100},"sk":{"a":0,"k":0},"sa":{"a":0,"k":0},"nm":"Transform"}],"nm":"Group 1","bm":0,"hd":false}],"ip":0,"op":150,"st":0,"bm":0},{"ddd":0,"ind":12,"ty":4,"nm":"Layer 3","parent":6,"sr":1,"ks":{"o":{"a":0,"k":100},"r":{"a":0,"k":0},"p":{"a":0,"k":[-127.803,2.653,0]},"a":{"a":0,"k":[0,0,0]},"s":{"a":0,"k":[100,100,100]}},"ao":0,"shapes":[{"ty":"gr","it":[{"ind":0,"ty":"sh","ks":{"a":0,"k":{"i":[[0,0],[0,0]],"o":[[0,0],[0,0]],"v":[[0,18.387],[0,-18.387]],"c":false}},"nm":"Path 1","hd":false},{"ty":"st","c":{"a":0,"k":[0.149019613862,0.149019613862,0.737254917622,1]},"o":{"a":0,"k":100},"w":{"a":0,"k":5},"lc":2,"lj":2,"bm":0,"nm":"Stroke 1","hd":false},{"ty":"tr","p":{"a":0,"k":[0,0]},"a":{"a":0,"k":[0,0]},"s":{"a":0,"k":[100,100]},"r":{"a":0,"k":0},"o":{"a":0,"k":100},"sk":{"a":0,"k":0},"sa":{"a":0,"k":0},"nm":"Transform"}],"nm":"Group 1","bm":0,"hd":false}],"ip":0,"op":150,"st":0,"bm":0},{"ddd":0,"ind":13,"ty":4,"nm":"Layer 2","parent":6,"sr":1,"ks":{"o":{"a":0,"k":100},"r":{"a":0,"k":0},"p":{"a":0,"k":[-57.14,-68.01,0]},"a":{"a":0,"k":[0,0,0]},"s":{"a":0,"k":[100,100,100]}},"ao":0,"shapes":[{"ty":"gr","it":[{"ind":0,"ty":"sh","ks":{"a":0,"k":{"i":[[0,0],[0,0]],"o":[[0,0],[0,0]],"v":[[18.387,0],[-18.387,0]],"c":false}},"nm":"Path 1","hd":false},{"ty":"st","c":{"a":0,"k":[0.149019613862,0.149019613862,0.737254917622,1]},"o":{"a":0,"k":100},"w":{"a":0,"k":5},"lc":2,"lj":2,"bm":0,"nm":"Stroke 1","hd":false},{"ty":"tr","p":{"a":0,"k":[0,0]},"a":{"a":0,"k":[0,0]},"s":{"a":0,"k":[100,100]},"r":{"a":0,"k":0},"o":{"a":0,"k":100},"sk":{"a":0,"k":0},"sa":{"a":0,"k":0},"nm":"Transform"}],"nm":"Group 1","bm":0,"hd":false}],"ip":0,"op":150,"st":0,"bm":0},{"ddd":0,"ind":14,"ty":4,"nm":"Layer 1","parent":6,"sr":1,"ks":{"o":{"a":0,"k":100},"r":{"a":0,"k":0},"p":{"a":0,"k":[-198.415,-68.01,0]},"a":{"a":0,"k":[0,0,0]},"s":{"a":0,"k":[100,100,100]}},"ao":0,"shapes":[{"ty":"gr","it":[{"ind":0,"ty":"sh","ks":{"a":0,"k":{"i":[[0,0],[0,0]],"o":[[0,0],[0,0]],"v":[[18.462,0],[-18.462,0]],"c":false}},"nm":"Path 1","hd":false},{"ty":"st","c":{"a":0,"k":[0.149019613862,0.149019613862,0.737254917622,1]},"o":{"a":0,"k":100},"w":{"a":0,"k":5},"lc":2,"lj":2,"bm":0,"nm":"Stroke 1","hd":false},{"ty":"tr","p":{"a":0,"k":[0,0]},"a":{"a":0,"k":[0,0]},"s":{"a":0,"k":[100,100]},"r":{"a":0,"k":0},"o":{"a":0,"k":100},"sk":{"a":0,"k":0},"sa":{"a":0,"k":0},"nm":"Transform"}],"nm":"Group 1","bm":0,"hd":false}],"ip":0,"op":150,"st":0,"bm":0}],"markers":[]}