{"v":"5.3.4","fr":60,"ip":0,"op":120,"w":934,"h":906,"nm":"text mess","ddd":0,"assets":[],"layers":[{"ddd":0,"ind":1,"ty":4,"nm":"Слой 18","sr":1,"ks":{"o":{"a":0,"k":100,"ix":11},"r":{"a":1,"k":[{"i":{"x":[0.256],"y":[1]},"o":{"x":[0.333],"y":[0]},"n":["0p256_1_0p333_0"],"t":4,"s":[0],"e":[5.654]},{"i":{"x":[0.371],"y":[1]},"o":{"x":[0.333],"y":[0]},"n":["0p371_1_0p333_0"],"t":22,"s":[5.654],"e":[-27.341]},{"i":{"x":[0.371],"y":[1]},"o":{"x":[0.333],"y":[0]},"n":["0p371_1_0p333_0"],"t":47,"s":[-27.341],"e":[-59.1]},{"i":{"x":[0.467],"y":[1]},"o":{"x":[0.333],"y":[0]},"n":["0p467_1_0p333_0"],"t":72,"s":[-59.1],"e":[0]},{"t":109}],"ix":10},"p":{"a":1,"k":[{"i":{"x":0.833,"y":0.887},"o":{"x":0.63,"y":0.008},"n":"0p833_0p887_0p63_0p008","t":7,"s":[450,482,0],"e":[178.463,556.294,0],"to":[0,0,0],"ti":[15.0684413909912,-21.7744750976563,0]},{"i":{"x":0.833,"y":0.721},"o":{"x":0.167,"y":0.252},"n":"0p833_0p721_0p167_0p252","t":25,"s":[178.463,556.294,0],"e":[267.703,648.77,0],"to":[-35.583122253418,51.4189758300781,0],"ti":[-72.9119110107422,32.5837287902832,0]},{"i":{"x":0.42,"y":1},"o":{"x":0.167,"y":0.119},"n":"0p42_1_0p167_0p119","t":50,"s":[267.703,648.77,0],"e":[649.044,668.702,0],"to":[193.434524536133,-86.4442825317383,0],"ti":[-226.301116943359,136.200714111328,0]},{"i":{"x":0.5,"y":1},"o":{"x":0.333,"y":0},"n":"0p5_1_0p333_0","t":75,"s":[649.044,668.702,0],"e":[450,482,0],"to":[-173.572540283203,9.82678413391113,0],"ti":[11.1135778427124,-0.66655677556992,0]},{"t":112}],"ix":2},"a":{"a":0,"k":[0,0,0],"ix":1},"s":{"a":0,"k":[100,100,100],"ix":6}},"ao":0,"shapes":[{"ty":"gr","it":[{"ind":0,"ty":"sh","ix":1,"ks":{"a":0,"k":{"i":[[0,0],[0,0],[0,0],[0,0],[-14.436,0],[0,-30.561],[8.702,-9.776],[0,0]],"o":[[0,0],[0,0],[0,0],[9.852,-9.054],[30.561,0],[0,14.118],[0,0],[0,0]],"v":[[101.852,-35],[-9.78,9.333],[25.887,-102.333],[343.788,-431.082],[381.22,-445.664],[436.557,-390.328],[422.568,-353.551],[101.852,-35]],"c":false},"ix":2},"nm":"Path 1","mn":"ADBE Vector Shape - Group","hd":false},{"ty":"st","c":{"a":0,"k":[0,0,0,1],"ix":3},"o":{"a":0,"k":100,"ix":4},"w":{"a":0,"k":50,"ix":5},"lc":2,"lj":2,"nm":"Stroke 1","mn":"ADBE Vector Graphic - Stroke","hd":false},{"ty":"tr","p":{"a":0,"k":[0,0],"ix":2},"a":{"a":0,"k":[0,0],"ix":1},"s":{"a":0,"k":[100,100],"ix":3},"r":{"a":0,"k":0,"ix":6},"o":{"a":0,"k":100,"ix":7},"sk":{"a":0,"k":0,"ix":4},"sa":{"a":0,"k":0,"ix":5},"nm":"Transform"}],"nm":"Group 1","np":2,"cix":2,"ix":1,"mn":"ADBE Vector Group","hd":false},{"ty":"gr","it":[{"ind":0,"ty":"sh","ix":1,"ks":{"a":0,"k":{"i":[[0,0],[-11.602,-33.928]],"o":[[35.699,7.305],[0,0]],"v":[[26.624,-100.254],[96.853,-37.126]],"c":false},"ix":2},"nm":"Path 1","mn":"ADBE Vector Shape - Group","hd":false},{"ty":"st","c":{"a":0,"k":[0,0,0,1],"ix":3},"o":{"a":0,"k":100,"ix":4},"w":{"a":0,"k":50,"ix":5},"lc":2,"lj":2,"nm":"Stroke 1","mn":"ADBE Vector Graphic - Stroke","hd":false},{"ty":"tr","p":{"a":0,"k":[0,0],"ix":2},"a":{"a":0,"k":[0,0],"ix":1},"s":{"a":0,"k":[100,100],"ix":3},"r":{"a":0,"k":0,"ix":6},"o":{"a":0,"k":100,"ix":7},"sk":{"a":0,"k":0,"ix":4},"sa":{"a":0,"k":0,"ix":5},"nm":"Transform"}],"nm":"Group 2","np":2,"cix":2,"ix":2,"mn":"ADBE Vector Group","hd":false}],"ip":0,"op":120,"st":0,"bm":0},{"ddd":0,"ind":2,"ty":4,"nm":"Слой 20","td":1,"sr":1,"ks":{"o":{"a":0,"k":100,"ix":11},"r":{"a":1,"k":[{"i":{"x":[0.256],"y":[1]},"o":{"x":[0.333],"y":[0]},"n":["0p256_1_0p333_0"],"t":4,"s":[0],"e":[5.654]},{"i":{"x":[0.371],"y":[1]},"o":{"x":[0.333],"y":[0]},"n":["0p371_1_0p333_0"],"t":22,"s":[5.654],"e":[-27.341]},{"i":{"x":[0.371],"y":[1]},"o":{"x":[0.333],"y":[0]},"n":["0p371_1_0p333_0"],"t":47,"s":[-27.341],"e":[-59.1]},{"i":{"x":[0.467],"y":[1]},"o":{"x":[0.333],"y":[0]},"n":["0p467_1_0p333_0"],"t":72,"s":[-59.1],"e":[0]},{"t":109}],"ix":10},"p":{"a":1,"k":[{"i":{"x":0.833,"y":0.887},"o":{"x":0.63,"y":0.008},"n":"0p833_0p887_0p63_0p008","t":7,"s":[450,482,0],"e":[178.463,556.294,0],"to":[0,0,0],"ti":[15.0684413909912,-21.7744750976563,0]},{"i":{"x":0.833,"y":0.721},"o":{"x":0.167,"y":0.252},"n":"0p833_0p721_0p167_0p252","t":25,"s":[178.463,556.294,0],"e":[267.703,648.77,0],"to":[-35.583122253418,51.4189758300781,0],"ti":[-72.9119110107422,32.5837287902832,0]},{"i":{"x":0.42,"y":1},"o":{"x":0.167,"y":0.119},"n":"0p42_1_0p167_0p119","t":50,"s":[267.703,648.77,0],"e":[649.044,668.702,0],"to":[193.434524536133,-86.4442825317383,0],"ti":[-226.301116943359,136.200714111328,0]},{"i":{"x":0.5,"y":1},"o":{"x":0.333,"y":0},"n":"0p5_1_0p333_0","t":75,"s":[649.044,668.702,0],"e":[450,482,0],"to":[-173.572540283203,9.82678413391113,0],"ti":[11.1135778427124,-0.66655677556992,0]},{"t":112}],"ix":2},"a":{"a":0,"k":[0,0,0],"ix":1},"s":{"a":0,"k":[100,100,100],"ix":6}},"ao":0,"shapes":[{"ty":"gr","it":[{"ind":0,"ty":"sh","ix":1,"ks":{"a":0,"k":{"i":[[0,0],[0,0],[0,0],[0,0],[-14.436,0],[0,-30.561],[8.702,-9.776],[0,0]],"o":[[0,0],[0,0],[0,0],[9.852,-9.054],[30.561,0],[0,14.118],[0,0],[0,0]],"v":[[101.852,-35],[-9.78,9.333],[25.887,-102.333],[343.788,-431.082],[381.22,-445.664],[436.557,-390.328],[422.568,-353.551],[101.852,-35]],"c":false},"ix":2},"nm":"Path 1","mn":"ADBE Vector Shape - Group","hd":false},{"ty":"st","c":{"a":0,"k":[0,0,0,1],"ix":3},"o":{"a":0,"k":100,"ix":4},"w":{"a":0,"k":50,"ix":5},"lc":2,"lj":2,"nm":"Stroke 1","mn":"ADBE Vector Graphic - Stroke","hd":false},{"ty":"tr","p":{"a":0,"k":[0,0],"ix":2},"a":{"a":0,"k":[0,0],"ix":1},"s":{"a":0,"k":[100,100],"ix":3},"r":{"a":0,"k":0,"ix":6},"o":{"a":0,"k":100,"ix":7},"sk":{"a":0,"k":0,"ix":4},"sa":{"a":0,"k":0,"ix":5},"nm":"Transform"}],"nm":"Group 1","np":2,"cix":2,"ix":1,"mn":"ADBE Vector Group","hd":false},{"ty":"gr","it":[{"ind":0,"ty":"sh","ix":1,"ks":{"a":0,"k":{"i":[[0,0],[-11.602,-33.928]],"o":[[35.699,7.305],[0,0]],"v":[[26.624,-100.254],[96.853,-37.126]],"c":false},"ix":2},"nm":"Path 1","mn":"ADBE Vector Shape - Group","hd":false},{"ty":"st","c":{"a":0,"k":[0,0,0,1],"ix":3},"o":{"a":0,"k":100,"ix":4},"w":{"a":0,"k":50,"ix":5},"lc":2,"lj":2,"nm":"Stroke 1","mn":"ADBE Vector Graphic - Stroke","hd":false},{"ty":"tr","p":{"a":0,"k":[0,0],"ix":2},"a":{"a":0,"k":[0,0],"ix":1},"s":{"a":0,"k":[100,100],"ix":3},"r":{"a":0,"k":0,"ix":6},"o":{"a":0,"k":100,"ix":7},"sk":{"a":0,"k":0,"ix":4},"sa":{"a":0,"k":0,"ix":5},"nm":"Transform"}],"nm":"Group 2","np":2,"cix":2,"ix":2,"mn":"ADBE Vector Group","hd":false},{"ty":"fl","c":{"a":0,"k":[1,0,0,1],"ix":4},"o":{"a":0,"k":100,"ix":5},"r":1,"nm":"Fill 1","mn":"ADBE Vector Graphic - Fill","hd":false}],"ip":0,"op":120,"st":0,"bm":0},{"ddd":0,"ind":3,"ty":4,"nm":"Слой 19","tt":2,"sr":1,"ks":{"o":{"a":0,"k":100,"ix":11},"r":{"a":1,"k":[{"i":{"x":[0.474],"y":[1]},"o":{"x":[0.333],"y":[0]},"n":["0p474_1_0p333_0"],"t":0,"s":[0],"e":[-6]},{"i":{"x":[0.513],"y":[1]},"o":{"x":[0.333],"y":[0]},"n":["0p513_1_0p333_0"],"t":32,"s":[-6],"e":[4]},{"i":{"x":[0.48],"y":[1]},"o":{"x":[0.333],"y":[0]},"n":["0p48_1_0p333_0"],"t":72,"s":[4],"e":[0]},{"t":105}],"ix":10},"p":{"a":0,"k":[414.297,501.303,0],"ix":2},"a":{"a":0,"k":[-35.703,19.303,0],"ix":1},"s":{"a":0,"k":[100,100,100],"ix":6}},"ao":0,"shapes":[{"ty":"gr","it":[{"ind":0,"ty":"sh","ix":1,"ks":{"a":0,"k":{"i":[[92.019,0],[0,0],[0,92.019],[0,0],[-92.019,0],[0,0],[0,-92.019],[0,0]],"o":[[0,0],[-92.019,0],[0,0],[0,-92.019],[0,0],[92.019,0],[0,0],[0,92.019]],"v":[[159.766,370],[-231.173,370],[-398.481,202.692],[-398.481,-164.085],[-231.173,-331.393],[159.766,-331.393],[327.074,-164.085],[327.074,202.692]],"c":true},"ix":2},"nm":"Path 1","mn":"ADBE Vector Shape - Group","hd":false},{"ty":"st","c":{"a":0,"k":[0,0,0,1],"ix":3},"o":{"a":0,"k":100,"ix":4},"w":{"a":0,"k":50,"ix":5},"lc":2,"lj":2,"nm":"Stroke 1","mn":"ADBE Vector Graphic - Stroke","hd":false},{"ty":"tr","p":{"a":0,"k":[0,0],"ix":2},"a":{"a":0,"k":[0,0],"ix":1},"s":{"a":0,"k":[100,100],"ix":3},"r":{"a":0,"k":0,"ix":6},"o":{"a":0,"k":100,"ix":7},"sk":{"a":0,"k":0,"ix":4},"sa":{"a":0,"k":0,"ix":5},"nm":"Transform"}],"nm":"Group 1","np":2,"cix":2,"ix":1,"mn":"ADBE Vector Group","hd":false},{"ty":"tm","s":{"a":1,"k":[{"i":{"x":[0.076],"y":[1]},"o":{"x":[0.333],"y":[0]},"n":["0p076_1_0p333_0"],"t":0,"s":[6],"e":[0]},{"i":{"x":[0.509],"y":[1]},"o":{"x":[0.333],"y":[0]},"n":["0p509_1_0p333_0"],"t":22,"s":[0],"e":[0]},{"i":{"x":[0.341],"y":[1]},"o":{"x":[0.333],"y":[0]},"n":["0p341_1_0p333_0"],"t":76,"s":[0],"e":[6]},{"t":105}],"ix":1},"e":{"a":1,"k":[{"i":{"x":[0.076],"y":[1]},"o":{"x":[0.333],"y":[0]},"n":["0p076_1_0p333_0"],"t":0,"s":[86.5],"e":[100]},{"i":{"x":[0.509],"y":[1]},"o":{"x":[0.333],"y":[0]},"n":["0p509_1_0p333_0"],"t":22,"s":[100],"e":[100]},{"i":{"x":[0.341],"y":[1]},"o":{"x":[0.333],"y":[0]},"n":["0p341_1_0p333_0"],"t":76,"s":[100],"e":[86.5]},{"t":105}],"ix":2},"o":{"a":1,"k":[{"i":{"x":[0.23],"y":[1]},"o":{"x":[0.333],"y":[0]},"n":["0p23_1_0p333_0"],"t":0,"s":[-93],"e":[-113]},{"i":{"x":[0.55],"y":[1]},"o":{"x":[0.333],"y":[0]},"n":["0p55_1_0p333_0"],"t":18,"s":[-113],"e":[-113]},{"i":{"x":[0.426],"y":[1]},"o":{"x":[0.333],"y":[0]},"n":["0p426_1_0p333_0"],"t":76,"s":[-113],"e":[-93]},{"t":105}],"ix":3},"m":1,"ix":2,"nm":"Trim Paths 1","mn":"ADBE Vector Filter - Trim","hd":false}],"ip":0,"op":120,"st":0,"bm":0}],"markers":[{"tm":124,"cm":"1","dr":0}]}