{"v":"5.7.14","fr":30,"ip":0,"op":46,"w":576,"h":576,"nm":"Chart ","ddd":0,"assets":[],"layers":[{"ddd":0,"ind":1,"ty":4,"nm":"Layer 6","sr":1,"ks":{"o":{"a":0,"k":100},"r":{"a":0,"k":0},"p":{"a":1,"k":[{"i":{"x":0.206,"y":1},"o":{"x":0.333,"y":0},"t":0,"s":[469.327,72.59,0],"to":[-56,17.5,0],"ti":[0,0,0]},{"i":{"x":0.667,"y":1},"o":{"x":0.774,"y":0},"t":10,"s":[133.327,177.59,0],"to":[0,0,0],"ti":[-56,17.5,0]},{"t":20,"s":[469.327,72.59,0]}]},"a":{"a":0,"k":[0,0,0]},"s":{"a":0,"k":[100,100,100]}},"ao":0,"shapes":[{"ty":"gr","it":[{"ind":0,"ty":"sh","ks":{"a":0,"k":{"i":[[0,0],[0,0],[0,0]],"o":[[0,0],[0,0],[0,0]],"v":[[-8.487,36.322],[30.941,-15.657],[-30.941,-36.322]],"c":false}},"nm":"Path 1","hd":false},{"ty":"st","c":{"a":0,"k":[1,0.651,0.902]},"o":{"a":0,"k":100},"w":{"a":0,"k":15},"lc":2,"lj":2,"bm":0,"nm":"Stroke 1","hd":false},{"ty":"tr","p":{"a":0,"k":[0,0]},"a":{"a":0,"k":[0,0]},"s":{"a":0,"k":[100,100]},"r":{"a":0,"k":0},"o":{"a":0,"k":100},"sk":{"a":0,"k":0},"sa":{"a":0,"k":0},"nm":"Transform"}],"nm":"Group 1","bm":0,"hd":false}],"ip":0,"op":47,"st":0,"bm":0},{"ddd":0,"ind":2,"ty":4,"nm":"Layer 7","sr":1,"ks":{"o":{"a":0,"k":100},"r":{"a":0,"k":0},"p":{"a":0,"k":[262.929,130.293,0]},"a":{"a":0,"k":[0,0,0]},"s":{"a":0,"k":[100,100,100]}},"ao":0,"shapes":[{"ty":"gr","it":[{"ind":0,"ty":"sh","ks":{"a":0,"k":{"i":[[0,0],[0,0]],"o":[[0,0],[0,0]],"v":[[187.327,-57.902],[-187.327,57.902]],"c":false}},"nm":"Path 1","hd":false},{"ty":"st","c":{"a":0,"k":[1,0.651,0.902]},"o":{"a":0,"k":100},"w":{"a":0,"k":15},"lc":2,"lj":2,"bm":0,"nm":"Stroke 1","hd":false},{"ty":"tr","p":{"a":0,"k":[0,0]},"a":{"a":0,"k":[0,0]},"s":{"a":0,"k":[100,100]},"r":{"a":0,"k":0},"o":{"a":0,"k":100},"sk":{"a":0,"k":0},"sa":{"a":0,"k":0},"nm":"Transform"}],"nm":"Group 1","bm":0,"hd":false},{"ty":"tm","s":{"a":1,"k":[{"i":{"x":[0.206],"y":[1]},"o":{"x":[0.333],"y":[0]},"t":0,"s":[0]},{"i":{"x":[0.667],"y":[1]},"o":{"x":[0.774],"y":[0]},"t":10,"s":[97]},{"t":20,"s":[0]}]},"e":{"a":0,"k":100},"o":{"a":0,"k":0},"m":1,"nm":"Trim Paths 1","hd":false}],"ip":0,"op":47,"st":0,"bm":0},{"ddd":0,"ind":3,"ty":4,"nm":"Layer 5","sr":1,"ks":{"o":{"a":0,"k":100},"r":{"a":0,"k":0},"p":{"a":0,"k":[262.929,130.293,0]},"a":{"a":0,"k":[0,0,0]},"s":{"a":0,"k":[100,100,100]}},"ao":0,"shapes":[{"ty":"gr","it":[{"ind":0,"ty":"sh","ks":{"a":0,"k":{"i":[[0,0],[0,0]],"o":[[0,0],[0,0]],"v":[[187.327,-57.902],[-187.327,57.902]],"c":false}},"nm":"Path 1","hd":false},{"ty":"st","c":{"a":0,"k":[1,0.651,0.902]},"o":{"a":0,"k":100},"w":{"a":0,"k":15},"lc":2,"lj":2,"bm":0,"nm":"Stroke 1","hd":false},{"ty":"tr","p":{"a":0,"k":[0,0]},"a":{"a":0,"k":[0,0]},"s":{"a":0,"k":[100,100]},"r":{"a":0,"k":0},"o":{"a":0,"k":100},"sk":{"a":0,"k":0},"sa":{"a":0,"k":0},"nm":"Transform"}],"nm":"Group 1","bm":0,"hd":false},{"ty":"tm","s":{"a":1,"k":[{"i":{"x":[0.206],"y":[1]},"o":{"x":[0.333],"y":[0]},"t":0,"s":[0]},{"i":{"x":[0.667],"y":[1]},"o":{"x":[0.774],"y":[0]},"t":10,"s":[97]},{"t":20,"s":[0]}]},"e":{"a":0,"k":100},"o":{"a":0,"k":0},"m":1,"nm":"Trim Paths 1","hd":false}],"ip":0,"op":47,"st":0,"bm":0},{"ddd":0,"ind":4,"ty":4,"nm":"Layer 4","sr":1,"ks":{"o":{"a":0,"k":100},"r":{"a":0,"k":0},"p":{"a":0,"k":[468.042,333.444,0]},"a":{"a":0,"k":[0,0,0]},"s":{"a":0,"k":[100,100,100]}},"ao":0,"shapes":[{"ty":"gr","it":[{"ind":0,"ty":"sh","ks":{"a":1,"k":[{"i":{"x":0.187,"y":1},"o":{"x":0.333,"y":0},"t":6,"s":[{"i":[[0,0],[0,0],[4.829,0],[0,0],[0,4.971],[0,0],[-4.829,0],[0,0],[0,-4.971],[0,0]],"o":[[0,0],[0,4.971],[0,0],[-4.829,0],[0,0],[0,-4.971],[0,0],[4.829,0],[0,0],[0,0]],"v":[[40.09,9.333],[40.09,178.778],[31.346,187.778],[-31.346,187.778],[-40.09,178.778],[-40.09,-178.778],[-31.346,-187.778],[31.346,-187.778],[40.09,-178.778],[40.09,-26.944]],"c":false}]},{"i":{"x":0.667,"y":1},"o":{"x":0.864,"y":0},"t":16,"s":[{"i":[[0,0],[0,0],[4.829,0],[0,0],[0,4.971],[0,0],[-4.829,0],[0,0],[0,-4.971],[0,0]],"o":[[0,0],[0,4.971],[0,0],[-4.829,0],[0,0],[0,-4.971],[0,0],[4.829,0],[0,0],[0,0]],"v":[[40.313,157.333],[40.09,178.778],[31.346,187.778],[-31.346,187.778],[-40.09,178.778],[-40.13,75.222],[-31.387,66.222],[31.306,66.222],[40.049,75.222],[40.313,121.056]],"c":false}]},{"t":26,"s":[{"i":[[0,0],[0,0],[4.829,0],[0,0],[0,4.971],[0,0],[-4.829,0],[0,0],[0,-4.971],[0,0]],"o":[[0,0],[0,4.971],[0,0],[-4.829,0],[0,0],[0,-4.971],[0,0],[4.829,0],[0,0],[0,0]],"v":[[40.09,9.333],[40.09,178.778],[31.346,187.778],[-31.346,187.778],[-40.09,178.778],[-40.09,-178.778],[-31.346,-187.778],[31.346,-187.778],[40.09,-178.778],[40.09,-26.944]],"c":false}]}]},"nm":"Path 1","hd":false},{"ty":"st","c":{"a":0,"k":[0.753,0.749,1]},"o":{"a":0,"k":100},"w":{"a":0,"k":15},"lc":2,"lj":1,"ml":10,"bm":0,"nm":"Stroke 1","hd":false},{"ty":"tr","p":{"a":0,"k":[0,0]},"a":{"a":0,"k":[0,0]},"s":{"a":0,"k":[100,100]},"r":{"a":0,"k":0},"o":{"a":0,"k":100},"sk":{"a":0,"k":0},"sa":{"a":0,"k":0},"nm":"Transform"}],"nm":"Group 1","bm":0,"hd":false}],"ip":0,"op":47,"st":0,"bm":0},{"ddd":0,"ind":5,"ty":4,"nm":"Layer 3","sr":1,"ks":{"o":{"a":0,"k":100},"r":{"a":0,"k":0},"p":{"a":0,"k":[347.151,351.278,0]},"a":{"a":0,"k":[0,0,0]},"s":{"a":0,"k":[100,100,100]}},"ao":0,"shapes":[{"ty":"gr","it":[{"ind":0,"ty":"sh","ks":{"a":1,"k":[{"i":{"x":0.187,"y":1},"o":{"x":0.333,"y":0},"t":4,"s":[{"i":[[0,0],[0,0],[4.829,0],[0,0],[0,4.971],[0,0],[-4.829,0],[0,0],[0,-4.971],[0,0]],"o":[[0,0],[0,4.971],[0,0],[-4.829,0],[0,0],[0,-4.971],[0,0],[4.829,0],[0,0],[0,0]],"v":[[40.09,-8.5],[40.09,160.944],[31.346,169.944],[-31.346,169.944],[-40.09,160.944],[-40.09,-160.944],[-31.346,-169.944],[31.346,-169.944],[40.09,-160.944],[40.09,-44.778]],"c":false}]},{"i":{"x":0.667,"y":1},"o":{"x":0.864,"y":0},"t":14,"s":[{"i":[[0,0],[0,0],[4.829,0],[0,0],[0,4.971],[0,0],[-4.829,0],[0,0],[0,-4.971],[0,0]],"o":[[0,0],[0,4.971],[0,0],[-4.829,0],[0,0],[0,-4.971],[0,0],[4.829,0],[0,0],[0,0]],"v":[[40.81,19.5],[40.09,160.944],[31.346,169.944],[-31.346,169.944],[-40.09,160.944],[-39.849,-25.944],[-31.106,-34.944],[31.587,-34.944],[40.33,-25.944],[40.81,-16.778]],"c":false}]},{"t":24,"s":[{"i":[[0,0],[0,0],[4.829,0],[0,0],[0,4.971],[0,0],[-4.829,0],[0,0],[0,-4.971],[0,0]],"o":[[0,0],[0,4.971],[0,0],[-4.829,0],[0,0],[0,-4.971],[0,0],[4.829,0],[0,0],[0,0]],"v":[[40.09,-8.5],[40.09,160.944],[31.346,169.944],[-31.346,169.944],[-40.09,160.944],[-40.09,-160.944],[-31.346,-169.944],[31.346,-169.944],[40.09,-160.944],[40.09,-44.778]],"c":false}]}]},"nm":"Path 1","hd":false},{"ty":"st","c":{"a":0,"k":[0.753,0.749,1]},"o":{"a":0,"k":100},"w":{"a":0,"k":15},"lc":2,"lj":1,"ml":10,"bm":0,"nm":"Stroke 1","hd":false},{"ty":"tr","p":{"a":0,"k":[0,0]},"a":{"a":0,"k":[0,0]},"s":{"a":0,"k":[100,100]},"r":{"a":0,"k":0},"o":{"a":0,"k":100},"sk":{"a":0,"k":0},"sa":{"a":0,"k":0},"nm":"Transform"}],"nm":"Group 1","bm":0,"hd":false}],"ip":0,"op":47,"st":0,"bm":0},{"ddd":0,"ind":6,"ty":4,"nm":"Layer 2","sr":1,"ks":{"o":{"a":0,"k":100},"r":{"a":0,"k":0},"p":{"a":0,"k":[226.259,369.611,0]},"a":{"a":0,"k":[0,0,0]},"s":{"a":0,"k":[100,100,100]}},"ao":0,"shapes":[{"ty":"gr","it":[{"ind":0,"ty":"sh","ks":{"a":1,"k":[{"i":{"x":0.187,"y":1},"o":{"x":0.333,"y":0},"t":2,"s":[{"i":[[0,0],[0,0],[4.829,0],[0,0],[0,4.971],[0,0],[-4.829,0],[0,0],[0,-4.971],[0,0]],"o":[[0,0],[0,4.971],[0,0],[-4.829,0],[0,0],[0,-4.971],[0,0],[4.829,0],[0,0],[0,0]],"v":[[40.09,-26.833],[40.09,142.611],[31.346,151.611],[-31.346,151.611],[-40.09,142.611],[-40.09,-142.611],[-31.346,-151.611],[31.346,-151.611],[40.09,-142.611],[40.09,-63.111]],"c":false}]},{"i":{"x":0.667,"y":1},"o":{"x":0.864,"y":0},"t":12,"s":[{"i":[[0,0],[0,0],[4.829,0],[0,0],[0,4.971],[0,0],[-4.829,0],[0,0],[0,-4.971],[0,0]],"o":[[0,0],[0,4.971],[0,0],[-4.829,0],[0,0],[0,-4.971],[0,0],[4.829,0],[0,0],[0,0]],"v":[[40.135,132.167],[40.09,142.611],[31.346,151.611],[-31.346,151.611],[-40.09,142.611],[-40.044,73.389],[-31.301,64.389],[31.392,64.389],[40.135,73.389],[40.135,112.889]],"c":false}]},{"t":22,"s":[{"i":[[0,0],[0,0],[4.829,0],[0,0],[0,4.971],[0,0],[-4.829,0],[0,0],[0,-4.971],[0,0]],"o":[[0,0],[0,4.971],[0,0],[-4.829,0],[0,0],[0,-4.971],[0,0],[4.829,0],[0,0],[0,0]],"v":[[40.09,-26.833],[40.09,142.611],[31.346,151.611],[-31.346,151.611],[-40.09,142.611],[-40.09,-142.611],[-31.346,-151.611],[31.346,-151.611],[40.09,-142.611],[40.09,-63.111]],"c":false}]}]},"nm":"Path 1","hd":false},{"ty":"st","c":{"a":0,"k":[0.753,0.749,1]},"o":{"a":0,"k":100},"w":{"a":0,"k":15},"lc":2,"lj":1,"ml":10,"bm":0,"nm":"Stroke 1","hd":false},{"ty":"tr","p":{"a":0,"k":[0,0]},"a":{"a":0,"k":[0,0]},"s":{"a":0,"k":[100,100]},"r":{"a":0,"k":0},"o":{"a":0,"k":100},"sk":{"a":0,"k":0},"sa":{"a":0,"k":0},"nm":"Transform"}],"nm":"Group 1","bm":0,"hd":false}],"ip":0,"op":47,"st":0,"bm":0},{"ddd":0,"ind":7,"ty":4,"nm":"Layer 1","sr":1,"ks":{"o":{"a":0,"k":100},"r":{"a":0,"k":0},"p":{"a":0,"k":[107.958,387.556,0]},"a":{"a":0,"k":[0,0,0]},"s":{"a":0,"k":[100,100,100]}},"ao":0,"shapes":[{"ty":"gr","it":[{"ind":0,"ty":"sh","ks":{"a":1,"k":[{"i":{"x":0.187,"y":1},"o":{"x":0.333,"y":0},"t":0,"s":[{"i":[[0,0],[0,0],[4.829,0],[0,0],[0,4.971],[0,0],[-4.829,0],[0,0],[0,-4.971],[0,0]],"o":[[0,0],[0,4.971],[0,0],[-4.829,0],[0,0],[0,-4.971],[0,0],[4.829,0],[0,0],[0,0]],"v":[[40.09,-44.778],[40.09,124.667],[31.346,133.667],[-31.346,133.667],[-40.09,124.667],[-40.09,-124.667],[-31.346,-133.667],[31.346,-133.667],[40.09,-124.667],[40.09,-81.056]],"c":false}]},{"i":{"x":0.667,"y":1},"o":{"x":0.864,"y":0},"t":10,"s":[{"i":[[0,0],[0,0],[4.829,0],[0,0],[0,4.971],[0,0],[-4.829,0],[0,0],[0,-4.971],[0,0]],"o":[[0,0],[0,4.971],[0,0],[-4.829,0],[0,0],[0,-4.971],[0,0],[4.829,0],[0,0],[0,0]],"v":[[40.137,116.222],[40.09,124.667],[31.346,133.667],[-31.346,133.667],[-40.09,124.667],[-40.09,-4.667],[-31.346,-13.667],[31.346,-13.667],[40.09,-4.667],[40.137,79.944]],"c":false}]},{"t":20,"s":[{"i":[[0,0],[0,0],[4.829,0],[0,0],[0,4.971],[0,0],[-4.829,0],[0,0],[0,-4.971],[0,0]],"o":[[0,0],[0,4.971],[0,0],[-4.829,0],[0,0],[0,-4.971],[0,0],[4.829,0],[0,0],[0,0]],"v":[[40.09,-44.778],[40.09,124.667],[31.346,133.667],[-31.346,133.667],[-40.09,124.667],[-40.09,-124.667],[-31.346,-133.667],[31.346,-133.667],[40.09,-124.667],[40.09,-81.056]],"c":false}]}]},"nm":"Path 1","hd":false},{"ty":"st","c":{"a":0,"k":[0.753,0.749,1]},"o":{"a":0,"k":100},"w":{"a":0,"k":15},"lc":2,"lj":1,"ml":10,"bm":0,"nm":"Stroke 1","hd":false},{"ty":"tr","p":{"a":0,"k":[0,0]},"a":{"a":0,"k":[0,0]},"s":{"a":0,"k":[100,100]},"r":{"a":0,"k":0},"o":{"a":0,"k":100},"sk":{"a":0,"k":0},"sa":{"a":0,"k":0},"nm":"Transform"}],"nm":"Group 1","bm":0,"hd":false}],"ip":0,"op":47,"st":0,"bm":0}],"markers":[]}