{"v":"5.8.1","fr":30,"ip":0,"op":46,"w":576,"h":576,"nm":"Target Audience","ddd":0,"assets":[],"layers":[{"ddd":0,"ind":1,"ty":4,"nm":"Layer 8","sr":1,"ks":{"o":{"a":0,"k":100,"ix":11},"r":{"a":0,"k":0,"ix":10},"p":{"a":0,"k":[288.194,287.921,0],"ix":2,"l":2},"a":{"a":0,"k":[0,0,0],"ix":1,"l":2},"s":{"a":0,"k":[100,100,100],"ix":6,"l":2}},"ao":0,"shapes":[],"ip":0,"op":90,"st":0,"bm":0},{"ddd":0,"ind":2,"ty":4,"nm":"Layer 7","parent":7,"sr":1,"ks":{"o":{"a":0,"k":100,"ix":11},"r":{"a":0,"k":0,"ix":10},"p":{"a":0,"k":[-169.348,3.088,0],"ix":2,"l":2},"a":{"a":0,"k":[0,0,0],"ix":1,"l":2},"s":{"a":0,"k":[100,100,100],"ix":6,"l":2}},"ao":0,"shapes":[{"ty":"gr","it":[{"ind":0,"ty":"sh","ix":1,"ks":{"a":1,"k":[{"i":{"x":0.29,"y":1},"o":{"x":0.676,"y":0},"t":0,"s":[{"i":[[0,0],[0,0]],"o":[[0,0],[0,0]],"v":[[-41.93,0],[41.93,0]],"c":false}]},{"i":{"x":0.29,"y":1},"o":{"x":1,"y":0},"t":10,"s":[{"i":[[0,0],[0,0]],"o":[[0,0],[0,0]],"v":[[-91.93,0],[-8.07,0]],"c":false}]},{"i":{"x":0.29,"y":1},"o":{"x":0.676,"y":0},"t":15,"s":[{"i":[[0,0],[0,0]],"o":[[0,0],[0,0]],"v":[[-91.93,0],[-8.07,0]],"c":false}]},{"i":{"x":0.29,"y":1},"o":{"x":0.676,"y":0},"t":25,"s":[{"i":[[0,0],[0,0]],"o":[[0,0],[0,0]],"v":[[8.07,0],[51.93,0]],"c":false}]},{"i":{"x":0.29,"y":1},"o":{"x":0.676,"y":0},"t":30,"s":[{"i":[[0,0],[0,0]],"o":[[0,0],[0,0]],"v":[[8.07,0],[51.93,0]],"c":false}]},{"t":40,"s":[{"i":[[0,0],[0,0]],"o":[[0,0],[0,0]],"v":[[-41.93,0],[41.93,0]],"c":false}]}],"ix":2},"nm":"Path 1","mn":"ADBE Vector Shape - Group","hd":false},{"ty":"st","c":{"a":0,"k":[0,0,0,1],"ix":3},"o":{"a":0,"k":100,"ix":4},"w":{"a":0,"k":17.5,"ix":5},"lc":2,"lj":2,"bm":0,"nm":"Stroke 1","mn":"ADBE Vector Graphic - Stroke","hd":false},{"ty":"tr","p":{"a":0,"k":[0,0],"ix":2},"a":{"a":0,"k":[0,0],"ix":1},"s":{"a":0,"k":[100,100],"ix":3},"r":{"a":0,"k":0,"ix":6},"o":{"a":0,"k":100,"ix":7},"sk":{"a":0,"k":0,"ix":4},"sa":{"a":0,"k":0,"ix":5},"nm":"Transform"}],"nm":"Group 1","np":2,"cix":2,"bm":0,"ix":1,"mn":"ADBE Vector Group","hd":false}],"ip":0,"op":90,"st":0,"bm":0},{"ddd":0,"ind":3,"ty":4,"nm":"Layer 6","parent":7,"sr":1,"ks":{"o":{"a":0,"k":100,"ix":11},"r":{"a":0,"k":0,"ix":10},"p":{"a":0,"k":[168.961,3.088,0],"ix":2,"l":2},"a":{"a":0,"k":[0,0,0],"ix":1,"l":2},"s":{"a":0,"k":[100,100,100],"ix":6,"l":2}},"ao":0,"shapes":[{"ty":"gr","it":[{"ind":0,"ty":"sh","ix":1,"ks":{"a":1,"k":[{"i":{"x":0.29,"y":1},"o":{"x":0.676,"y":0},"t":0,"s":[{"i":[[0,0],[0,0]],"o":[[0,0],[0,0]],"v":[[-41.93,0],[41.93,0]],"c":false}]},{"i":{"x":0.29,"y":1},"o":{"x":1,"y":0},"t":10,"s":[{"i":[[0,0],[0,0]],"o":[[0,0],[0,0]],"v":[[8.07,0],[91.93,0]],"c":false}]},{"i":{"x":0.29,"y":1},"o":{"x":0.676,"y":0},"t":15,"s":[{"i":[[0,0],[0,0]],"o":[[0,0],[0,0]],"v":[[8.07,0],[91.93,0]],"c":false}]},{"i":{"x":0.29,"y":1},"o":{"x":0.676,"y":0},"t":25,"s":[{"i":[[0,0],[0,0]],"o":[[0,0],[0,0]],"v":[[-51.93,0],[-8.07,0]],"c":false}]},{"i":{"x":0.29,"y":1},"o":{"x":0.676,"y":0},"t":30,"s":[{"i":[[0,0],[0,0]],"o":[[0,0],[0,0]],"v":[[-51.93,0],[-8.07,0]],"c":false}]},{"t":40,"s":[{"i":[[0,0],[0,0]],"o":[[0,0],[0,0]],"v":[[-41.93,0],[41.93,0]],"c":false}]}],"ix":2},"nm":"Path 1","mn":"ADBE Vector Shape - Group","hd":false},{"ty":"st","c":{"a":0,"k":[0,0,0,1],"ix":3},"o":{"a":0,"k":100,"ix":4},"w":{"a":0,"k":17.5,"ix":5},"lc":2,"lj":2,"bm":0,"nm":"Stroke 1","mn":"ADBE Vector Graphic - Stroke","hd":false},{"ty":"tr","p":{"a":0,"k":[0,0],"ix":2},"a":{"a":0,"k":[0,0],"ix":1},"s":{"a":0,"k":[100,100],"ix":3},"r":{"a":0,"k":0,"ix":6},"o":{"a":0,"k":100,"ix":7},"sk":{"a":0,"k":0,"ix":4},"sa":{"a":0,"k":0,"ix":5},"nm":"Transform"}],"nm":"Group 1","np":2,"cix":2,"bm":0,"ix":1,"mn":"ADBE Vector Group","hd":false}],"ip":0,"op":90,"st":0,"bm":0},{"ddd":0,"ind":4,"ty":4,"nm":"Layer 5","parent":7,"sr":1,"ks":{"o":{"a":0,"k":100,"ix":11},"r":{"a":0,"k":0,"ix":10},"p":{"a":0,"k":[0,169.482,0],"ix":2,"l":2},"a":{"a":0,"k":[0,0,0],"ix":1,"l":2},"s":{"a":0,"k":[100,100,100],"ix":6,"l":2}},"ao":0,"shapes":[{"ty":"gr","it":[{"ind":0,"ty":"sh","ix":1,"ks":{"a":1,"k":[{"i":{"x":0.29,"y":1},"o":{"x":0.676,"y":0},"t":0,"s":[{"i":[[0,0],[0,0]],"o":[[0,0],[0,0]],"v":[[0,41.93],[0,-41.93]],"c":false}]},{"i":{"x":0.29,"y":1},"o":{"x":1,"y":0},"t":10,"s":[{"i":[[0,0],[0,0]],"o":[[0,0],[0,0]],"v":[[0,91.93],[0,8.07]],"c":false}]},{"i":{"x":0.29,"y":1},"o":{"x":0.676,"y":0},"t":15,"s":[{"i":[[0,0],[0,0]],"o":[[0,0],[0,0]],"v":[[0,91.93],[0,8.07]],"c":false}]},{"i":{"x":0.29,"y":1},"o":{"x":0.676,"y":0},"t":25,"s":[{"i":[[0,0],[0,0]],"o":[[0,0],[0,0]],"v":[[0,-8.07],[0,-51.93]],"c":false}]},{"i":{"x":0.29,"y":1},"o":{"x":0.676,"y":0},"t":30,"s":[{"i":[[0,0],[0,0]],"o":[[0,0],[0,0]],"v":[[0,-8.07],[0,-51.93]],"c":false}]},{"t":40,"s":[{"i":[[0,0],[0,0]],"o":[[0,0],[0,0]],"v":[[0,41.93],[0,-41.93]],"c":false}]}],"ix":2},"nm":"Path 1","mn":"ADBE Vector Shape - Group","hd":false},{"ty":"st","c":{"a":0,"k":[0,0,0,1],"ix":3},"o":{"a":0,"k":100,"ix":4},"w":{"a":0,"k":17.5,"ix":5},"lc":2,"lj":2,"bm":0,"nm":"Stroke 1","mn":"ADBE Vector Graphic - Stroke","hd":false},{"ty":"tr","p":{"a":0,"k":[0,0],"ix":2},"a":{"a":0,"k":[0,0],"ix":1},"s":{"a":0,"k":[100,100],"ix":3},"r":{"a":0,"k":0,"ix":6},"o":{"a":0,"k":100,"ix":7},"sk":{"a":0,"k":0,"ix":4},"sa":{"a":0,"k":0,"ix":5},"nm":"Transform"}],"nm":"Group 1","np":2,"cix":2,"bm":0,"ix":1,"mn":"ADBE Vector Group","hd":false}],"ip":0,"op":90,"st":0,"bm":0},{"ddd":0,"ind":5,"ty":4,"nm":"Layer 4","parent":7,"sr":1,"ks":{"o":{"a":0,"k":100,"ix":11},"r":{"a":0,"k":0,"ix":10},"p":{"a":0,"k":[0,-169.324,0],"ix":2,"l":2},"a":{"a":0,"k":[0,0,0],"ix":1,"l":2},"s":{"a":0,"k":[100,100,100],"ix":6,"l":2}},"ao":0,"shapes":[{"ty":"gr","it":[{"ind":0,"ty":"sh","ix":1,"ks":{"a":1,"k":[{"i":{"x":0.29,"y":1},"o":{"x":0.676,"y":0},"t":0,"s":[{"i":[[0,0],[0,0]],"o":[[0,0],[0,0]],"v":[[0,41.93],[0,-41.93]],"c":false}]},{"i":{"x":0.29,"y":1},"o":{"x":1,"y":0},"t":10,"s":[{"i":[[0,0],[0,0]],"o":[[0,0],[0,0]],"v":[[0,-8.07],[0,-91.93]],"c":false}]},{"i":{"x":0.29,"y":1},"o":{"x":0.676,"y":0},"t":15,"s":[{"i":[[0,0],[0,0]],"o":[[0,0],[0,0]],"v":[[0,-8.07],[0,-91.93]],"c":false}]},{"i":{"x":0.29,"y":1},"o":{"x":0.676,"y":0},"t":25,"s":[{"i":[[0,0],[0,0]],"o":[[0,0],[0,0]],"v":[[0,51.93],[0,8.07]],"c":false}]},{"i":{"x":0.29,"y":1},"o":{"x":0.676,"y":0},"t":30,"s":[{"i":[[0,0],[0,0]],"o":[[0,0],[0,0]],"v":[[0,51.93],[0,8.07]],"c":false}]},{"t":40,"s":[{"i":[[0,0],[0,0]],"o":[[0,0],[0,0]],"v":[[0,41.93],[0,-41.93]],"c":false}]}],"ix":2},"nm":"Path 1","mn":"ADBE Vector Shape - Group","hd":false},{"ty":"st","c":{"a":0,"k":[0,0,0,1],"ix":3},"o":{"a":0,"k":100,"ix":4},"w":{"a":0,"k":17.5,"ix":5},"lc":2,"lj":2,"bm":0,"nm":"Stroke 1","mn":"ADBE Vector Graphic - Stroke","hd":false},{"ty":"tr","p":{"a":0,"k":[0,0],"ix":2},"a":{"a":0,"k":[0,0],"ix":1},"s":{"a":0,"k":[100,100],"ix":3},"r":{"a":0,"k":0,"ix":6},"o":{"a":0,"k":100,"ix":7},"sk":{"a":0,"k":0,"ix":4},"sa":{"a":0,"k":0,"ix":5},"nm":"Transform"}],"nm":"Group 1","np":2,"cix":2,"bm":0,"ix":1,"mn":"ADBE Vector Group","hd":false}],"ip":0,"op":90,"st":0,"bm":0},{"ddd":0,"ind":6,"ty":4,"nm":"Layer 9","sr":1,"ks":{"o":{"a":0,"k":100,"ix":11},"r":{"a":1,"k":[{"i":{"x":[0.29],"y":[1]},"o":{"x":[0.676],"y":[0]},"t":0,"s":[0]},{"i":{"x":[0.29],"y":[1]},"o":{"x":[1],"y":[0]},"t":10,"s":[90]},{"i":{"x":[0.29],"y":[1]},"o":{"x":[0.676],"y":[0]},"t":15,"s":[90]},{"i":{"x":[0.29],"y":[1]},"o":{"x":[0.676],"y":[0]},"t":25,"s":[-90]},{"i":{"x":[0.29],"y":[1]},"o":{"x":[0.676],"y":[0]},"t":30,"s":[-90]},{"t":40,"s":[0]}],"ix":10},"p":{"a":0,"k":[287.808,287.705,0],"ix":2,"l":2},"a":{"a":0,"k":[0,0,0],"ix":1,"l":2},"s":{"a":0,"k":[100,100,100],"ix":6,"l":2}},"ao":0,"shapes":[{"ty":"gr","it":[{"ind":0,"ty":"sh","ix":1,"ks":{"a":1,"k":[{"i":{"x":0.3,"y":1},"o":{"x":0.676,"y":0},"t":0,"s":[{"i":[[0,-93.493],[93.493,0],[0,93.493],[-93.493,0]],"o":[[0,93.493],[-93.493,0],[0,-93.493],[93.493,0]],"v":[[169.283,0],[0,169.283],[-169.283,0],[0,-169.283]],"c":true}]},{"i":{"x":0.3,"y":1},"o":{"x":1,"y":0},"t":10,"s":[{"i":[[0,-120.561],[120.561,0],[0,120.561],[-120.561,0]],"o":[[0,120.561],[-120.561,0],[0,-120.561],[120.561,0]],"v":[[218.295,0],[0,218.295],[-218.295,0],[0,-218.295]],"c":true}]},{"i":{"x":0.3,"y":1},"o":{"x":0.67,"y":0},"t":15,"s":[{"i":[[0,-120.561],[120.561,0],[0,120.561],[-120.561,0]],"o":[[0,120.561],[-120.561,0],[0,-120.561],[120.561,0]],"v":[[218.295,0],[0,218.295],[-218.295,0],[0,-218.295]],"c":true}]},{"i":{"x":0.3,"y":1},"o":{"x":0.67,"y":0},"t":25,"s":[{"i":[[0,-77.978],[77.978,0],[0,77.978],[-77.978,0]],"o":[[0,77.978],[-77.978,0],[0,-77.978],[77.978,0]],"v":[[141.192,0],[0,141.192],[-141.192,0],[0,-141.192]],"c":true}]},{"i":{"x":0.29,"y":1},"o":{"x":0.67,"y":0},"t":30,"s":[{"i":[[0,-77.978],[77.978,0],[0,77.978],[-77.978,0]],"o":[[0,77.978],[-77.978,0],[0,-77.978],[77.978,0]],"v":[[141.192,0],[0,141.192],[-141.192,0],[0,-141.192]],"c":true}]},{"t":40,"s":[{"i":[[0,-93.493],[93.493,0],[0,93.493],[-93.493,0]],"o":[[0,93.493],[-93.493,0],[0,-93.493],[93.493,0]],"v":[[169.283,0],[0,169.283],[-169.283,0],[0,-169.283]],"c":true}]}],"ix":2},"nm":"Path 1","mn":"ADBE Vector Shape - Group","hd":false},{"ty":"st","c":{"a":0,"k":[0,0,0,1],"ix":3},"o":{"a":0,"k":100,"ix":4},"w":{"a":0,"k":17.5,"ix":5},"lc":2,"lj":2,"bm":0,"nm":"Stroke 1","mn":"ADBE Vector Graphic - Stroke","hd":false},{"ty":"tr","p":{"a":0,"k":[0,0],"ix":2},"a":{"a":0,"k":[0,0],"ix":1},"s":{"a":0,"k":[100,100],"ix":3},"r":{"a":0,"k":0,"ix":6},"o":{"a":0,"k":100,"ix":7},"sk":{"a":0,"k":0,"ix":4},"sa":{"a":0,"k":0,"ix":5},"nm":"Transform"}],"nm":"Group 1","np":2,"cix":2,"bm":0,"ix":1,"mn":"ADBE Vector Group","hd":false}],"ip":0,"op":90,"st":0,"bm":0},{"ddd":0,"ind":7,"ty":4,"nm":"Layer 3","sr":1,"ks":{"o":{"a":0,"k":100,"ix":11},"r":{"a":1,"k":[{"i":{"x":[0.29],"y":[1]},"o":{"x":[0.676],"y":[0]},"t":0,"s":[0]},{"i":{"x":[0.29],"y":[1]},"o":{"x":[1],"y":[0]},"t":10,"s":[90]},{"i":{"x":[0.29],"y":[1]},"o":{"x":[0.676],"y":[0]},"t":15,"s":[90]},{"i":{"x":[0.29],"y":[1]},"o":{"x":[0.676],"y":[0]},"t":25,"s":[-90]},{"i":{"x":[0.29],"y":[1]},"o":{"x":[0.676],"y":[0]},"t":30,"s":[-90]},{"t":40,"s":[0]}],"ix":10},"p":{"a":0,"k":[287.808,287.705,0],"ix":2,"l":2},"a":{"a":0,"k":[0,0,0],"ix":1,"l":2},"s":{"a":0,"k":[100,100,100],"ix":6,"l":2}},"ao":0,"shapes":[{"ty":"gr","it":[{"ind":0,"ty":"sh","ix":1,"ks":{"a":1,"k":[{"i":{"x":0.29,"y":1},"o":{"x":0.676,"y":0},"t":0,"s":[{"i":[[0,0],[0,-30.27],[93.493,0],[0,93.493],[-93.493,0],[-29.514,-25.042]],"o":[[13.918,24.587],[0,93.493],[-93.493,0],[0,-93.493],[41.738,0],[0,0]],"v":[[147.42,-83.272],[169.283,0],[0,169.283],[-169.283,0],[0,-169.283],[109.461,-129.137]],"c":false}]},{"i":{"x":0.29,"y":1},"o":{"x":1,"y":0},"t":10,"s":[{"i":[[0,0],[0,-39.034],[120.561,0],[0,120.561],[-120.561,0],[-38.058,-32.292]],"o":[[17.948,31.706],[0,120.561],[-120.561,0],[0,-120.561],[53.822,0],[0,0]],"v":[[190.101,-107.381],[218.295,0],[0,218.295],[-218.295,0],[0,-218.295],[141.152,-166.525]],"c":false}]},{"i":{"x":0.29,"y":1},"o":{"x":0.676,"y":0},"t":15,"s":[{"i":[[0,0],[0,-39.034],[120.561,0],[0,120.561],[-120.561,0],[-38.058,-32.292]],"o":[[17.948,31.706],[0,120.561],[-120.561,0],[0,-120.561],[53.822,0],[0,0]],"v":[[190.101,-107.381],[218.295,0],[0,218.295],[-218.295,0],[0,-218.295],[141.152,-166.525]],"c":false}]},{"i":{"x":0.29,"y":1},"o":{"x":0.676,"y":0},"t":25,"s":[{"i":[[0,0],[0,-25.247],[77.978,0],[0,77.978],[-77.978,0],[-24.616,-20.886]],"o":[[11.609,20.507],[0,77.978],[-77.978,0],[0,-77.978],[34.812,0],[0,0]],"v":[[122.957,-69.454],[141.192,0],[0,141.192],[-141.192,0],[0,-141.192],[91.297,-107.708]],"c":false}]},{"i":{"x":0.29,"y":1},"o":{"x":0.676,"y":0},"t":30,"s":[{"i":[[0,0],[0,-25.247],[77.978,0],[0,77.978],[-77.978,0],[-24.616,-20.886]],"o":[[11.609,20.507],[0,77.978],[-77.978,0],[0,-77.978],[34.812,0],[0,0]],"v":[[122.957,-69.454],[141.192,0],[0,141.192],[-141.192,0],[0,-141.192],[91.297,-107.708]],"c":false}]},{"t":40,"s":[{"i":[[0,0],[0,-30.27],[93.493,0],[0,93.493],[-93.493,0],[-29.514,-25.042]],"o":[[13.918,24.587],[0,93.493],[-93.493,0],[0,-93.493],[41.738,0],[0,0]],"v":[[147.42,-83.272],[169.283,0],[0,169.283],[-169.283,0],[0,-169.283],[109.461,-129.137]],"c":false}]}],"ix":2},"nm":"Path 1","mn":"ADBE Vector Shape - Group","hd":false},{"ty":"st","c":{"a":0,"k":[0,0,0,1],"ix":3},"o":{"a":0,"k":100,"ix":4},"w":{"a":0,"k":17.5,"ix":5},"lc":2,"lj":2,"bm":0,"nm":"Stroke 1","mn":"ADBE Vector Graphic - Stroke","hd":false},{"ty":"tr","p":{"a":0,"k":[0,0],"ix":2},"a":{"a":0,"k":[0,0],"ix":1},"s":{"a":0,"k":[100,100],"ix":3},"r":{"a":0,"k":0,"ix":6},"o":{"a":0,"k":100,"ix":7},"sk":{"a":0,"k":0,"ix":4},"sa":{"a":0,"k":0,"ix":5},"nm":"Transform"}],"nm":"Group 1","np":2,"cix":2,"bm":0,"ix":1,"mn":"ADBE Vector Group","hd":false}],"ip":0,"op":90,"st":0,"bm":0},{"ddd":0,"ind":8,"ty":3,"nm":"NULL CONTROL","sr":1,"ks":{"o":{"a":0,"k":0,"ix":11},"r":{"a":0,"k":0,"ix":10},"p":{"a":1,"k":[{"i":{"x":0.833,"y":0.833},"o":{"x":0.167,"y":0.167},"t":10,"s":[287.691,333.346,0],"to":[0,5,0],"ti":[0,-5,0]},{"t":30,"s":[287.691,363.346,0]}],"ix":2,"l":2,"x":"var $bm_rt;\nvar p = 0.8;\nvar a = 50;\nvar s = 1.70158;\nfunction easeandwizz_outBounce(t, b, c, d) {\n    if ((t /= d) < 1 / 2.75) {\n        return $bm_sum($bm_mul(c, $bm_mul($bm_mul(7.5625, t), t)), b);\n    } else if (t < 2 / 2.75) {\n        return $bm_sum($bm_mul(c, $bm_sum($bm_mul($bm_mul(7.5625, t -= 1.5 / 2.75), t), 0.75)), b);\n    } else if (t < 2.5 / 2.75) {\n        return $bm_sum($bm_mul(c, $bm_sum($bm_mul($bm_mul(7.5625, t -= 2.25 / 2.75), t), 0.9375)), b);\n    } else {\n        return $bm_sum($bm_mul(c, $bm_sum($bm_mul($bm_mul(7.5625, t -= 2.625 / 2.75), t), 0.984375)), b);\n    }\n}\nfunction easeAndWizz() {\n    var t, d, sX, eX, sY, eY, sZ, eZ, val1, val2, val2, val3;\n    var n = 0;\n    if (numKeys > 0) {\n        n = nearestKey(time).index;\n        if (key(n).time > time) {\n            n--;\n        }\n    }\n    try {\n        var key1 = key(n);\n        var key2 = key($bm_sum(n, 1));\n    } catch (e) {\n        return null;\n    }\n    var dim = 1;\n    try {\n        key(1)[1].length;\n        dim = 2;\n        key(1)[2].length;\n        dim = 3;\n    } catch (e) {\n    }\n    t = $bm_sub(time, key1.time);\n    d = $bm_sub(key2.time, key1.time);\n    sX = key1[0];\n    eX = $bm_sub(key2[0], key1[0]);\n    if (dim >= 2) {\n        sY = key1[1];\n        eY = $bm_sub(key2[1], key1[1]);\n        if (dim >= 3) {\n            sZ = key1[2];\n            eZ = $bm_sub(key2[2], key1[2]);\n        }\n    }\n    if (time < key1.time || time > key2.time) {\n        return value;\n    } else {\n        val1 = easeandwizz_outBounce(t, sX, eX, d, a, p, s);\n        switch (dim) {\n        case 1:\n            return val1;\n            break;\n        case 2:\n            val2 = easeandwizz_outBounce(t, sY, eY, d, a, p, s);\n            return [\n                val1,\n                val2\n            ];\n            break;\n        case 3:\n            val2 = easeandwizz_outBounce(t, sY, eY, d, a, p, s);\n            val3 = easeandwizz_outBounce(t, sZ, eZ, d, a, p, s);\n            return [\n                val1,\n                val2,\n                val3\n            ];\n            break;\n        default:\n            return null;\n        }\n    }\n}\n$bm_rt = easeAndWizz() || value;"},"a":{"a":0,"k":[60,60,0],"ix":1,"l":2},"s":{"a":0,"k":[100,100,100],"ix":6,"l":2}},"ao":0,"ip":0,"op":90,"st":0,"bm":0},{"ddd":0,"ind":9,"ty":4,"nm":"Layer 2","parent":8,"sr":1,"ks":{"o":{"a":0,"k":100,"ix":11},"r":{"a":0,"k":0,"ix":10},"p":{"a":1,"k":[{"i":{"x":0,"y":1},"o":{"x":0.333,"y":0},"t":2,"s":[60,90,0],"to":[0,-5,0],"ti":[0,5,0]},{"t":12,"s":[60,60,0]}],"ix":2,"l":2},"a":{"a":0,"k":[0,35.3,0],"ix":1,"l":2},"s":{"a":0,"k":[100,100,100],"ix":6,"l":2}},"ao":0,"shapes":[{"ty":"gr","it":[{"ind":0,"ty":"sh","ix":1,"ks":{"a":0,"k":{"i":[[0,0],[39.754,0],[1.837,-39.3]],"o":[[-1.837,-39.3],[-39.754,0],[0,0]],"v":[[74.028,35.3],[0,-35.3],[-74.028,35.3]],"c":false},"ix":2},"nm":"Path 1","mn":"ADBE Vector Shape - Group","hd":false},{"ty":"st","c":{"a":0,"k":[0,0,0,1],"ix":3},"o":{"a":0,"k":100,"ix":4},"w":{"a":0,"k":17.5,"ix":5},"lc":2,"lj":2,"bm":0,"nm":"Stroke 1","mn":"ADBE Vector Graphic - Stroke","hd":false},{"ty":"tr","p":{"a":0,"k":[0,0],"ix":2},"a":{"a":0,"k":[0,0],"ix":1},"s":{"a":0,"k":[100,100],"ix":3},"r":{"a":0,"k":0,"ix":6},"o":{"a":0,"k":100,"ix":7},"sk":{"a":0,"k":0,"ix":4},"sa":{"a":0,"k":0,"ix":5},"nm":"Transform"}],"nm":"Group 1","np":2,"cix":2,"bm":0,"ix":1,"mn":"ADBE Vector Group","hd":false}],"ip":0,"op":90,"st":0,"bm":0},{"ddd":0,"ind":10,"ty":3,"nm":"NULL CONTROL","sr":1,"ks":{"o":{"a":0,"k":0,"ix":11},"r":{"a":0,"k":0,"ix":10},"p":{"a":1,"k":[{"i":{"x":0.833,"y":0.833},"o":{"x":0.167,"y":0.167},"t":12,"s":[287.691,262.668,0],"to":[0,5,0],"ti":[0,-5,0]},{"t":32,"s":[287.691,292.668,0]}],"ix":2,"l":2,"x":"var $bm_rt;\nvar p = 0.8;\nvar a = 50;\nvar s = 1.70158;\nfunction easeandwizz_outBounce(t, b, c, d) {\n    if ((t /= d) < 1 / 2.75) {\n        return $bm_sum($bm_mul(c, $bm_mul($bm_mul(7.5625, t), t)), b);\n    } else if (t < 2 / 2.75) {\n        return $bm_sum($bm_mul(c, $bm_sum($bm_mul($bm_mul(7.5625, t -= 1.5 / 2.75), t), 0.75)), b);\n    } else if (t < 2.5 / 2.75) {\n        return $bm_sum($bm_mul(c, $bm_sum($bm_mul($bm_mul(7.5625, t -= 2.25 / 2.75), t), 0.9375)), b);\n    } else {\n        return $bm_sum($bm_mul(c, $bm_sum($bm_mul($bm_mul(7.5625, t -= 2.625 / 2.75), t), 0.984375)), b);\n    }\n}\nfunction easeAndWizz() {\n    var t, d, sX, eX, sY, eY, sZ, eZ, val1, val2, val2, val3;\n    var n = 0;\n    if (numKeys > 0) {\n        n = nearestKey(time).index;\n        if (key(n).time > time) {\n            n--;\n        }\n    }\n    try {\n        var key1 = key(n);\n        var key2 = key($bm_sum(n, 1));\n    } catch (e) {\n        return null;\n    }\n    var dim = 1;\n    try {\n        key(1)[1].length;\n        dim = 2;\n        key(1)[2].length;\n        dim = 3;\n    } catch (e) {\n    }\n    t = $bm_sub(time, key1.time);\n    d = $bm_sub(key2.time, key1.time);\n    sX = key1[0];\n    eX = $bm_sub(key2[0], key1[0]);\n    if (dim >= 2) {\n        sY = key1[1];\n        eY = $bm_sub(key2[1], key1[1]);\n        if (dim >= 3) {\n            sZ = key1[2];\n            eZ = $bm_sub(key2[2], key1[2]);\n        }\n    }\n    if (time < key1.time || time > key2.time) {\n        return value;\n    } else {\n        val1 = easeandwizz_outBounce(t, sX, eX, d, a, p, s);\n        switch (dim) {\n        case 1:\n            return val1;\n            break;\n        case 2:\n            val2 = easeandwizz_outBounce(t, sY, eY, d, a, p, s);\n            return [\n                val1,\n                val2\n            ];\n            break;\n        case 3:\n            val2 = easeandwizz_outBounce(t, sY, eY, d, a, p, s);\n            val3 = easeandwizz_outBounce(t, sZ, eZ, d, a, p, s);\n            return [\n                val1,\n                val2,\n                val3\n            ];\n            break;\n        default:\n            return null;\n        }\n    }\n}\n$bm_rt = easeAndWizz() || value;"},"a":{"a":0,"k":[60,60,0],"ix":1,"l":2},"s":{"a":0,"k":[100,100,100],"ix":6,"l":2}},"ao":0,"ip":0,"op":90,"st":0,"bm":0},{"ddd":0,"ind":11,"ty":4,"nm":"Layer 1","parent":10,"sr":1,"ks":{"o":{"a":0,"k":100,"ix":11},"r":{"a":0,"k":0,"ix":10},"p":{"a":1,"k":[{"i":{"x":0,"y":1},"o":{"x":0.333,"y":0},"t":0,"s":[60,90,0],"to":[0,-5,0],"ti":[0,5,0]},{"t":10,"s":[60,60,0]}],"ix":2,"l":2},"a":{"a":0,"k":[0,40.223,0],"ix":1,"l":2},"s":{"a":0,"k":[100,100,100],"ix":6,"l":2}},"ao":0,"shapes":[{"ty":"gr","it":[{"ind":0,"ty":"sh","ix":1,"ks":{"a":0,"k":{"i":[[0,-22.214],[22.214,0],[0,22.214],[-22.214,0]],"o":[[0,22.214],[-22.214,0],[0,-22.214],[22.214,0]],"v":[[40.223,0],[0,40.223],[-40.223,0],[0,-40.223]],"c":true},"ix":2},"nm":"Path 1","mn":"ADBE Vector Shape - Group","hd":false},{"ty":"st","c":{"a":0,"k":[0,0,0,1],"ix":3},"o":{"a":0,"k":100,"ix":4},"w":{"a":0,"k":17.5,"ix":5},"lc":2,"lj":2,"bm":0,"nm":"Stroke 1","mn":"ADBE Vector Graphic - Stroke","hd":false},{"ty":"tr","p":{"a":0,"k":[0,0],"ix":2},"a":{"a":0,"k":[0,0],"ix":1},"s":{"a":0,"k":[100,100],"ix":3},"r":{"a":0,"k":0,"ix":6},"o":{"a":0,"k":100,"ix":7},"sk":{"a":0,"k":0,"ix":4},"sa":{"a":0,"k":0,"ix":5},"nm":"Transform"}],"nm":"Group 1","np":2,"cix":2,"bm":0,"ix":1,"mn":"ADBE Vector Group","hd":false}],"ip":0,"op":90,"st":0,"bm":0}],"markers":[]}