{"v":"5.3.4","fr":60,"ip":0,"op":180,"w":1000,"h":1000,"nm":"attach","ddd":0,"assets":[],"layers":[{"ddd":0,"ind":1,"ty":4,"nm":"Слой 22","parent":4,"sr":1,"ks":{"o":{"a":0,"k":100,"ix":11},"r":{"a":0,"k":0,"ix":10},"p":{"a":0,"k":[0,0,0],"ix":2},"a":{"a":0,"k":[0,0,0],"ix":1},"s":{"a":0,"k":[100,100,100],"ix":6}},"ao":0,"shapes":[{"ty":"gr","it":[{"ind":0,"ty":"sh","ix":1,"ks":{"a":1,"k":[{"i":{"x":0.539,"y":1},"o":{"x":0.333,"y":0},"n":"0p539_1_0p333_0","t":143,"s":[{"i":[[0,0],[0,0],[-35.437,8.367],[-48.313,-48.313],[82.76,-82.761],[0,0],[0,0],[42.229,42.229],[0,0],[-46.839,46.839],[0,0]],"o":[[0,0],[29.743,-29.743],[63.167,-14.914],[75.417,75.417],[0,0],[0,0],[-46.839,46.839],[0,0],[-42.229,-42.229],[0,0],[0,0]],"v":[[32.84,-351.99],[33.677,-352.828],[133.31,-409.727],[311.082,-358.125],[297.785,-71.72],[296.241,-70.175],[94.317,131.749],[-67.625,140.13],[-67.625,140.13],[-59.244,-21.812],[158.331,-239.387]],"c":false}],"e":[{"i":[[0,0],[0,0],[-36.926,9.691],[-48.313,-48.313],[82.76,-82.76],[0,0],[0,0],[42.229,42.229],[0,0],[-46.839,46.839],[0,0]],"o":[[0,0],[29.743,-29.743],[65.821,-17.273],[75.417,75.417],[0,0],[0,0],[-46.839,46.839],[0,0],[-42.229,-42.229],[0,0],[0,0]],"v":[[23.84,-343.99],[24.677,-344.828],[126.962,-404.084],[311.082,-358.125],[297.785,-71.72],[296.241,-70.175],[94.317,131.749],[-67.625,140.13],[-67.625,140.13],[-59.244,-21.812],[158.331,-239.387]],"c":false}]},{"t":209}],"ix":2},"nm":"Path 1","mn":"ADBE Vector Shape - Group","hd":false},{"ty":"st","c":{"a":0,"k":[0,0,0,1],"ix":3},"o":{"a":0,"k":100,"ix":4},"w":{"a":0,"k":50,"ix":5},"lc":2,"lj":2,"nm":"Stroke 1","mn":"ADBE Vector Graphic - Stroke","hd":false},{"ty":"tr","p":{"a":0,"k":[0,0],"ix":2},"a":{"a":0,"k":[0,0],"ix":1},"s":{"a":0,"k":[100,100],"ix":3},"r":{"a":0,"k":0,"ix":6},"o":{"a":0,"k":100,"ix":7},"sk":{"a":0,"k":0,"ix":4},"sa":{"a":0,"k":0,"ix":5},"nm":"Transform"}],"nm":"Group 1","np":2,"cix":2,"ix":1,"mn":"ADBE Vector Group","hd":false}],"ip":109,"op":155,"st":31,"bm":0},{"ddd":0,"ind":2,"ty":4,"nm":"Слой 21","sr":1,"ks":{"o":{"a":0,"k":100,"ix":11},"r":{"a":0,"k":0,"ix":10},"p":{"a":1,"k":[{"i":{"x":0.301,"y":0.996},"o":{"x":0.333,"y":0},"n":"0p301_0p996_0p333_0","t":145,"s":[461,538,0],"e":[149,824,0],"to":[0,0,0],"ti":[0,0,0]},{"t":178}],"ix":2},"a":{"a":0,"k":[-15,35,0],"ix":1},"s":{"a":0,"k":[100,100,100],"ix":6}},"ao":0,"shapes":[{"ty":"gr","it":[{"ind":0,"ty":"sh","ix":1,"ks":{"a":1,"k":[{"i":{"x":0.415,"y":0.999},"o":{"x":0.333,"y":0},"n":"0p415_0p999_0p333_0","t":141,"s":[{"i":[[0,0],[0,0],[0,0],[0,0]],"o":[[0,0],[0,0],[0,0],[0,0]],"v":[[418.102,35],[-15,468.102],[-448.102,35],[-15,-398.102]],"c":true}],"e":[{"i":[[0,0],[0,0],[0,0],[0,0]],"o":[[0,0],[0,0],[0,0],[0,0]],"v":[[-233.501,247.083],[-233.527,247],[-229.574,250.953],[-229.584,251]],"c":true}]},{"t":178}],"ix":2},"nm":"Path 1","mn":"ADBE Vector Shape - Group","hd":false},{"ty":"st","c":{"a":0,"k":[0,0,0,1],"ix":3},"o":{"a":0,"k":100,"ix":4},"w":{"a":0,"k":50,"ix":5},"lc":2,"lj":2,"nm":"Stroke 1","mn":"ADBE Vector Graphic - Stroke","hd":false},{"ty":"fl","c":{"a":0,"k":[1,1,1,1],"ix":4},"o":{"a":0,"k":100,"ix":5},"r":1,"nm":"Fill 1","mn":"ADBE Vector Graphic - Fill","hd":true},{"ty":"tr","p":{"a":0,"k":[0,0],"ix":2},"a":{"a":0,"k":[0,0],"ix":1},"s":{"a":0,"k":[100,100],"ix":3},"r":{"a":0,"k":0,"ix":6},"o":{"a":0,"k":100,"ix":7},"sk":{"a":0,"k":0,"ix":4},"sa":{"a":0,"k":0,"ix":5},"nm":"Transform"}],"nm":"Group 1","np":3,"cix":2,"ix":1,"mn":"ADBE Vector Group","hd":false}],"ip":109,"op":180,"st":0,"bm":0},{"ddd":0,"ind":3,"ty":4,"nm":"Слой 20","td":1,"sr":1,"ks":{"o":{"a":0,"k":100,"ix":11},"r":{"a":0,"k":0,"ix":10},"p":{"a":1,"k":[{"i":{"x":0.301,"y":0.996},"o":{"x":0.333,"y":0},"n":"0p301_0p996_0p333_0","t":145,"s":[461,538,0],"e":[149,824,0],"to":[0,0,0],"ti":[0,0,0]},{"t":178}],"ix":2},"a":{"a":0,"k":[-15,35,0],"ix":1},"s":{"a":0,"k":[100,100,100],"ix":6}},"ao":0,"shapes":[{"ty":"gr","it":[{"ind":0,"ty":"sh","ix":1,"ks":{"a":1,"k":[{"i":{"x":0.415,"y":0.999},"o":{"x":0.333,"y":0},"n":"0p415_0p999_0p333_0","t":141,"s":[{"i":[[0,0],[0,0],[0,0],[0,0]],"o":[[0,0],[0,0],[0,0],[0,0]],"v":[[418.102,35],[-15,468.102],[-448.102,35],[-15,-398.102]],"c":true}],"e":[{"i":[[0,0],[0,0],[0,0],[0,0]],"o":[[0,0],[0,0],[0,0],[0,0]],"v":[[-233.501,247.083],[-233.527,247],[-229.574,250.953],[-229.584,251]],"c":true}]},{"t":178}],"ix":2},"nm":"Path 1","mn":"ADBE Vector Shape - Group","hd":false},{"ty":"st","c":{"a":0,"k":[0,0,0,1],"ix":3},"o":{"a":0,"k":100,"ix":4},"w":{"a":0,"k":50,"ix":5},"lc":2,"lj":2,"nm":"Stroke 1","mn":"ADBE Vector Graphic - Stroke","hd":false},{"ty":"fl","c":{"a":0,"k":[1,1,1,1],"ix":4},"o":{"a":0,"k":100,"ix":5},"r":1,"nm":"Fill 1","mn":"ADBE Vector Graphic - Fill","hd":true},{"ty":"tr","p":{"a":0,"k":[0,0],"ix":2},"a":{"a":0,"k":[0,0],"ix":1},"s":{"a":0,"k":[100,100],"ix":3},"r":{"a":0,"k":0,"ix":6},"o":{"a":0,"k":100,"ix":7},"sk":{"a":0,"k":0,"ix":4},"sa":{"a":0,"k":0,"ix":5},"nm":"Transform"}],"nm":"Group 1","np":3,"cix":2,"ix":1,"mn":"ADBE Vector Group","hd":false},{"ty":"fl","c":{"a":0,"k":[1,0,0,1],"ix":4},"o":{"a":0,"k":100,"ix":5},"r":1,"nm":"Fill 1","mn":"ADBE Vector Graphic - Fill","hd":false}],"ip":109,"op":180,"st":0,"bm":0},{"ddd":0,"ind":4,"ty":4,"nm":"Слой 19","tt":2,"sr":1,"ks":{"o":{"a":0,"k":100,"ix":11},"r":{"a":0,"k":0,"ix":10},"p":{"a":0,"k":[547.488,456.339,0],"ix":2},"a":{"a":0,"k":[47.488,-43.661,0],"ix":1},"s":{"a":0,"k":[100,100,100],"ix":6}},"ao":0,"shapes":[{"ty":"gr","it":[{"ind":0,"ty":"sh","ix":1,"ks":{"a":0,"k":{"i":[[0,0],[0,0],[100.693,100.693],[0,0],[-121.829,121.829],[0,0],[0,0],[-75.417,-75.417],[82.76,-82.76],[0,0],[0,0],[42.229,42.229],[0,0],[-46.839,46.839],[0,0]],"o":[[0,0],[-99.182,99.182],[0,0],[-100.693,-100.693],[0,0],[0,0],[82.76,-82.76],[75.417,75.417],[0,0],[0,0],[-46.839,46.839],[0,0],[-42.229,-42.229],[0,0],[0,0]],"v":[[330.757,93.406],[174.059,250.104],[-189.351,247.356],[-195.35,241.357],[-175.451,-144.699],[23.84,-343.99],[24.677,-344.828],[311.082,-358.125],[297.785,-71.72],[296.241,-70.175],[94.317,131.749],[-67.625,140.13],[-67.625,140.13],[-59.244,-21.812],[158.331,-239.387]],"c":false},"ix":2},"nm":"Path 1","mn":"ADBE Vector Shape - Group","hd":false},{"ty":"st","c":{"a":0,"k":[0,0,0,1],"ix":3},"o":{"a":0,"k":100,"ix":4},"w":{"a":0,"k":50,"ix":5},"lc":2,"lj":2,"nm":"Stroke 1","mn":"ADBE Vector Graphic - Stroke","hd":false},{"ty":"tr","p":{"a":0,"k":[0,0],"ix":2},"a":{"a":0,"k":[0,0],"ix":1},"s":{"a":0,"k":[100,100],"ix":3},"r":{"a":0,"k":0,"ix":6},"o":{"a":0,"k":100,"ix":7},"sk":{"a":0,"k":0,"ix":4},"sa":{"a":0,"k":0,"ix":5},"nm":"Transform"}],"nm":"Group 1","np":2,"cix":2,"ix":1,"mn":"ADBE Vector Group","hd":false}],"ip":109,"op":180,"st":0,"bm":0},{"ddd":0,"ind":5,"ty":4,"nm":"Слой 16","parent":8,"sr":1,"ks":{"o":{"a":0,"k":100,"ix":11},"r":{"a":0,"k":0,"ix":10},"p":{"a":0,"k":[0,0,0],"ix":2},"a":{"a":0,"k":[0,0,0],"ix":1},"s":{"a":0,"k":[100,100,100],"ix":6}},"ao":0,"shapes":[{"ty":"gr","it":[{"ind":0,"ty":"sh","ix":1,"ks":{"a":1,"k":[{"i":{"x":0.833,"y":0.833},"o":{"x":0.461,"y":0},"n":"0p833_0p833_0p461_0","t":35,"s":[{"i":[[0,0],[0,0],[-36.926,9.691],[-48.313,-48.313],[82.76,-82.76],[0,0],[0,0],[42.229,42.229],[0,0],[-46.839,46.839],[0,0]],"o":[[0,0],[29.743,-29.743],[65.821,-17.273],[75.417,75.417],[0,0],[0,0],[-46.839,46.839],[0,0],[-42.229,-42.229],[0,0],[0,0]],"v":[[23.84,-343.99],[24.677,-344.828],[126.962,-404.084],[311.082,-358.125],[297.785,-71.72],[296.241,-70.175],[94.317,131.749],[-67.625,140.13],[-67.625,140.13],[-59.244,-21.812],[158.331,-239.387]],"c":false}],"e":[{"i":[[0,0],[0,0],[-34.106,11.517],[-46.247,-47.798],[56.585,-55.028],[0,0],[0,0],[36.759,40.723],[0,0],[-58.278,54.659],[0,0]],"o":[[0,0],[32.275,-31.194],[64.016,-21.617],[77.177,79.765],[0,0],[0,0],[-48.913,51.836],[0,0],[-37.485,-35.492],[0,0],[0,0]],"v":[[0.448,-277.813],[1.329,-278.693],[98.145,-351.499],[276.505,-314.564],[262.289,-65.445],[260.665,-63.821],[95.844,102.129],[-54.931,112.67],[-54.931,112.67],[-29.217,-41.62],[144.38,-213.502]],"c":false}]},{"i":{"x":0.833,"y":0.833},"o":{"x":0.167,"y":0.167},"n":"0p833_0p833_0p167_0p167","t":65,"s":[{"i":[[0,0],[0,0],[-34.106,11.517],[-46.247,-47.798],[56.585,-55.028],[0,0],[0,0],[36.759,40.723],[0,0],[-58.278,54.659],[0,0]],"o":[[0,0],[32.275,-31.194],[64.016,-21.617],[77.177,79.765],[0,0],[0,0],[-48.913,51.836],[0,0],[-37.485,-35.492],[0,0],[0,0]],"v":[[0.448,-277.813],[1.329,-278.693],[98.145,-351.499],[276.505,-314.564],[262.289,-65.445],[260.665,-63.821],[95.844,102.129],[-54.931,112.67],[-54.931,112.67],[-29.217,-41.62],[144.38,-213.502]],"c":false}],"e":[{"i":[[0,0],[0,0],[-34.567,11.011],[-46.701,-47.911],[62.334,-61.118],[0,0],[0,0],[37.961,41.054],[0,0],[-55.766,52.942],[0,0]],"o":[[0,0],[22.645,-17.679],[65.909,-20.567],[76.791,78.81],[0,0],[0,0],[-48.458,50.739],[0,0],[-38.527,-36.972],[0,0],[0,0]],"v":[[31.194,-311.973],[32.065,-312.844],[107.886,-360.262],[284.099,-324.13],[270.084,-66.823],[268.478,-65.217],[95.509,108.634],[-57.719,118.701],[-57.719,118.701],[-35.812,-37.27],[147.444,-219.187]],"c":false}]},{"i":{"x":0.833,"y":0.833},"o":{"x":0.167,"y":0.167},"n":"0p833_0p833_0p167_0p167","t":70,"s":[{"i":[[0,0],[0,0],[-34.567,11.011],[-46.701,-47.911],[62.334,-61.118],[0,0],[0,0],[37.961,41.054],[0,0],[-55.766,52.942],[0,0]],"o":[[0,0],[22.645,-17.679],[65.909,-20.567],[76.791,78.81],[0,0],[0,0],[-48.458,50.739],[0,0],[-38.527,-36.972],[0,0],[0,0]],"v":[[31.194,-311.973],[32.065,-312.844],[107.886,-360.262],[284.099,-324.13],[270.084,-66.823],[268.478,-65.217],[95.509,108.634],[-57.719,118.701],[-57.719,118.701],[-35.812,-37.27],[147.444,-219.187]],"c":false}],"e":[{"i":[[0,0],[0,0],[-24.575,7.808],[-46.973,-47.979],[65.783,-64.773],[0,0],[0,0],[38.681,41.252],[0,0],[-54.258,51.911],[0,0]],"o":[[0,0],[14.371,-11.966],[67.044,-19.937],[76.559,78.237],[0,0],[0,0],[-48.184,50.08],[0,0],[-39.152,-37.859],[0,0],[0,0]],"v":[[48.94,-334.582],[49.805,-335.447],[110.686,-367.824],[288.655,-329.871],[274.762,-67.65],[273.166,-66.054],[95.308,112.537],[-59.391,122.319],[-59.392,122.319],[-39.768,-34.66],[149.282,-222.598]],"c":false}]},{"i":{"x":0.833,"y":0.833},"o":{"x":0.167,"y":0.167},"n":"0p833_0p833_0p167_0p167","t":73,"s":[{"i":[[0,0],[0,0],[-24.575,7.808],[-46.973,-47.979],[65.783,-64.773],[0,0],[0,0],[38.681,41.252],[0,0],[-54.258,51.911],[0,0]],"o":[[0,0],[14.371,-11.966],[67.044,-19.937],[76.559,78.237],[0,0],[0,0],[-48.184,50.08],[0,0],[-39.152,-37.859],[0,0],[0,0]],"v":[[48.94,-334.582],[49.805,-335.447],[110.686,-367.824],[288.655,-329.871],[274.762,-67.65],[273.166,-66.054],[95.308,112.537],[-59.391,122.319],[-59.392,122.319],[-39.768,-34.66],[149.282,-222.598]],"c":false}],"e":[{"i":[[0,0],[0,0],[-11.251,3.537],[-47.336,-48.069],[70.382,-69.645],[0,0],[0,0],[39.643,41.517],[0,0],[-52.248,50.537],[0,0]],"o":[[0,0],[3.339,-4.35],[68.558,-19.097],[76.249,77.473],[0,0],[0,0],[-47.82,49.202],[0,0],[-39.986,-39.043],[0,0],[0,0]],"v":[[91.119,-367.074],[91.977,-367.932],[114.418,-377.906],[294.73,-337.524],[280.998,-68.752],[279.416,-67.17],[95.039,117.741],[-61.622,127.144],[-61.622,127.143],[-45.044,-31.18],[151.733,-227.146]],"c":false}]},{"i":{"x":0.833,"y":0.833},"o":{"x":0.167,"y":0.167},"n":"0p833_0p833_0p167_0p167","t":77,"s":[{"i":[[0,0],[0,0],[-11.251,3.537],[-47.336,-48.069],[70.382,-69.645],[0,0],[0,0],[39.643,41.517],[0,0],[-52.248,50.537],[0,0]],"o":[[0,0],[3.339,-4.35],[68.558,-19.097],[76.249,77.473],[0,0],[0,0],[-47.82,49.202],[0,0],[-39.986,-39.043],[0,0],[0,0]],"v":[[91.119,-367.074],[91.977,-367.932],[114.418,-377.906],[294.73,-337.524],[280.998,-68.752],[279.416,-67.17],[95.039,117.741],[-61.622,127.144],[-61.622,127.143],[-45.044,-31.18],[151.733,-227.146]],"c":false}],"e":[{"i":[[0,0],[0,0],[-1.258,0.333],[-47.608,-48.137],[73.831,-73.3],[0,0],[0,0],[40.363,41.715],[0,0],[-50.741,49.507],[0,0]],"o":[[0,0],[-4.934,1.363],[69.693,-18.467],[76.017,76.9],[0,0],[0,0],[-47.547,48.544],[0,0],[-40.611,-39.931],[0,0],[0,0]],"v":[[110.106,-385.734],[110.958,-386.586],[117.218,-385.468],[299.287,-343.264],[285.676,-69.579],[284.104,-68.008],[94.838,121.644],[-63.295,130.762],[-63.295,130.762],[-49.001,-28.57],[153.572,-230.557]],"c":false}]},{"i":{"x":0.833,"y":0.833},"o":{"x":0.167,"y":0.167},"n":"0p833_0p833_0p167_0p167","t":80,"s":[{"i":[[0,0],[0,0],[-1.258,0.333],[-47.608,-48.137],[73.831,-73.3],[0,0],[0,0],[40.363,41.715],[0,0],[-50.741,49.507],[0,0]],"o":[[0,0],[-4.934,1.363],[69.693,-18.467],[76.017,76.9],[0,0],[0,0],[-47.547,48.544],[0,0],[-40.611,-39.931],[0,0],[0,0]],"v":[[110.106,-385.734],[110.958,-386.586],[117.218,-385.468],[299.287,-343.264],[285.676,-69.579],[284.104,-68.008],[94.838,121.644],[-63.295,130.762],[-63.295,130.762],[-49.001,-28.57],[153.572,-230.557]],"c":false}],"e":[{"i":[[0,0],[0,0],[-8.901,2.338],[-47.759,-48.175],[75.744,-75.327],[0,0],[0,0],[40.763,41.826],[0,0],[-49.905,48.935],[0,0]],"o":[[0,0],[-3.702,1.256],[68.863,-18.211],[75.889,76.582],[0,0],[0,0],[-47.395,48.178],[0,0],[-40.958,-40.423],[0,0],[0,0]],"v":[[114.139,-388.779],[114.987,-389.628],[119.306,-389.457],[301.814,-346.449],[288.271,-70.038],[286.705,-68.472],[94.726,123.809],[-64.223,132.769],[-64.223,132.769],[-51.196,-27.122],[154.592,-232.449]],"c":false}]},{"i":{"x":0.833,"y":0.833},"o":{"x":0.167,"y":0.167},"n":"0p833_0p833_0p167_0p167","t":83,"s":[{"i":[[0,0],[0,0],[-8.901,2.338],[-47.759,-48.175],[75.744,-75.327],[0,0],[0,0],[40.763,41.826],[0,0],[-49.905,48.935],[0,0]],"o":[[0,0],[-3.702,1.256],[68.863,-18.211],[75.889,76.582],[0,0],[0,0],[-47.395,48.178],[0,0],[-40.958,-40.423],[0,0],[0,0]],"v":[[114.139,-388.779],[114.987,-389.628],[119.306,-389.457],[301.814,-346.449],[288.271,-70.038],[286.705,-68.472],[94.726,123.809],[-64.223,132.769],[-64.223,132.769],[-51.196,-27.122],[154.592,-232.449]],"c":false}],"e":[{"i":[[0,0],[0,0],[-19.092,5.012],[-47.961,-48.225],[78.296,-78.03],[0,0],[0,0],[41.296,41.972],[0,0],[-48.79,48.173],[0,0]],"o":[[0,0],[-2.059,1.114],[67.757,-17.87],[75.717,76.158],[0,0],[0,0],[-47.193,47.691],[0,0],[-41.42,-41.08],[0,0],[0,0]],"v":[[98.752,-387.214],[99.597,-388.059],[122.09,-394.776],[305.184,-350.695],[291.73,-70.649],[290.172,-69.091],[94.577,126.696],[-65.46,135.446],[-65.46,135.446],[-54.123,-25.191],[155.951,-234.972]],"c":false}]},{"i":{"x":0.833,"y":0.833},"o":{"x":0.167,"y":0.167},"n":"0p833_0p833_0p167_0p167","t":87,"s":[{"i":[[0,0],[0,0],[-19.092,5.012],[-47.961,-48.225],[78.296,-78.03],[0,0],[0,0],[41.296,41.972],[0,0],[-48.79,48.173],[0,0]],"o":[[0,0],[-2.059,1.114],[67.757,-17.87],[75.717,76.158],[0,0],[0,0],[-47.193,47.691],[0,0],[-41.42,-41.08],[0,0],[0,0]],"v":[[98.752,-387.214],[99.597,-388.059],[122.09,-394.776],[305.184,-350.695],[291.73,-70.649],[290.172,-69.091],[94.577,126.696],[-65.46,135.446],[-65.46,135.446],[-54.123,-25.191],[155.951,-234.972]],"c":false}],"e":[{"i":[[0,0],[0,0],[-29.283,7.685],[-48.162,-48.275],[80.847,-80.733],[0,0],[0,0],[41.829,42.119],[0,0],[-47.675,47.41],[0,0]],"o":[[0,0],[-0.416,0.971],[66.651,-17.529],[75.545,75.735],[0,0],[0,0],[-46.99,47.204],[0,0],[-41.882,-41.737],[0,0],[0,0]],"v":[[79.312,-382.433],[80.153,-383.274],[124.874,-400.095],[308.554,-354.94],[295.19,-71.261],[293.64,-69.711],[94.428,129.583],[-66.697,138.122],[-66.697,138.122],[-57.049,-23.26],[157.311,-237.495]],"c":false}]},{"i":{"x":0.833,"y":0.833},"o":{"x":0.167,"y":0.167},"n":"0p833_0p833_0p167_0p167","t":91,"s":[{"i":[[0,0],[0,0],[-29.283,7.685],[-48.162,-48.275],[80.847,-80.733],[0,0],[0,0],[41.829,42.119],[0,0],[-47.675,47.41],[0,0]],"o":[[0,0],[-0.416,0.971],[66.651,-17.529],[75.545,75.735],[0,0],[0,0],[-46.99,47.204],[0,0],[-41.882,-41.737],[0,0],[0,0]],"v":[[79.312,-382.433],[80.153,-383.274],[124.874,-400.095],[308.554,-354.94],[295.19,-71.261],[293.64,-69.711],[94.428,129.583],[-66.697,138.122],[-66.697,138.122],[-57.049,-23.26],[157.311,-237.495]],"c":false}],"e":[{"i":[[0,0],[0,0],[-36.926,9.691],[-48.313,-48.313],[82.76,-82.76],[0,0],[0,0],[42.229,42.229],[0,0],[-46.839,46.839],[0,0]],"o":[[0,0],[0.817,0.864],[65.821,-17.273],[75.417,75.417],[0,0],[0,0],[-46.839,46.839],[0,0],[-42.229,-42.229],[0,0],[0,0]],"v":[[57.796,-370.048],[58.633,-370.885],[126.962,-404.084],[311.082,-358.125],[297.785,-71.72],[296.241,-70.175],[94.317,131.749],[-67.625,140.13],[-67.625,140.13],[-59.244,-21.812],[158.331,-239.387]],"c":false}]},{"i":{"x":0.667,"y":1},"o":{"x":0.167,"y":0.167},"n":"0p667_1_0p167_0p167","t":94,"s":[{"i":[[0,0],[0,0],[-36.926,9.691],[-48.313,-48.313],[82.76,-82.76],[0,0],[0,0],[42.229,42.229],[0,0],[-46.839,46.839],[0,0]],"o":[[0,0],[0.817,0.864],[65.821,-17.273],[75.417,75.417],[0,0],[0,0],[-46.839,46.839],[0,0],[-42.229,-42.229],[0,0],[0,0]],"v":[[57.796,-370.048],[58.633,-370.885],[126.962,-404.084],[311.082,-358.125],[297.785,-71.72],[296.241,-70.175],[94.317,131.749],[-67.625,140.13],[-67.625,140.13],[-59.244,-21.812],[158.331,-239.387]],"c":false}],"e":[{"i":[[0,0],[0,0],[-35.437,8.367],[-48.313,-48.313],[82.76,-82.761],[0,0],[0,0],[42.229,42.229],[0,0],[-46.839,46.839],[0,0]],"o":[[0,0],[29.743,-29.743],[63.167,-14.914],[75.417,75.417],[0,0],[0,0],[-46.839,46.839],[0,0],[-42.229,-42.229],[0,0],[0,0]],"v":[[32.84,-351.99],[33.677,-352.828],[133.31,-409.727],[311.082,-358.125],[297.785,-71.72],[296.241,-70.175],[94.317,131.749],[-67.625,140.13],[-67.625,140.13],[-59.244,-21.812],[158.331,-239.387]],"c":false}]},{"t":109}],"ix":2},"nm":"Path 1","mn":"ADBE Vector Shape - Group","hd":false},{"ty":"st","c":{"a":0,"k":[0,0,0,1],"ix":3},"o":{"a":0,"k":100,"ix":4},"w":{"a":0,"k":50,"ix":5},"lc":2,"lj":2,"nm":"Stroke 1","mn":"ADBE Vector Graphic - Stroke","hd":false},{"ty":"tr","p":{"a":0,"k":[0,0],"ix":2},"a":{"a":0,"k":[0,0],"ix":1},"s":{"a":0,"k":[100,100],"ix":3},"r":{"a":0,"k":0,"ix":6},"o":{"a":0,"k":100,"ix":7},"sk":{"a":0,"k":0,"ix":4},"sa":{"a":0,"k":0,"ix":5},"nm":"Transform"}],"nm":"Group 1","np":2,"cix":2,"ix":1,"mn":"ADBE Vector Group","hd":false}],"ip":65,"op":109,"st":0,"bm":0},{"ddd":0,"ind":6,"ty":4,"nm":"Слой 17","sr":1,"ks":{"o":{"a":0,"k":100,"ix":11},"r":{"a":0,"k":0,"ix":10},"p":{"a":1,"k":[{"i":{"x":0.521,"y":1},"o":{"x":0.333,"y":0},"n":"0p521_1_0p333_0","t":50,"s":[89,-55,0],"e":[559,431,0],"to":[54,1395.33337402344,0],"ti":[-152.445037841797,102.169326782227,0]},{"i":{"x":0.516,"y":1},"o":{"x":0.333,"y":0},"n":"0p516_1_0p333_0","t":80,"s":[559,431,0],"e":[461,538,0],"to":[-74,100.333335876465,0],"ti":[0,0,0]},{"t":109}],"ix":2},"a":{"a":0,"k":[-15,35,0],"ix":1},"s":{"a":0,"k":[100,100,100],"ix":6}},"ao":0,"shapes":[{"ty":"gr","it":[{"ind":0,"ty":"sh","ix":1,"ks":{"a":1,"k":[{"i":{"x":0.833,"y":0.833},"o":{"x":0.568,"y":0},"n":"0p833_0p833_0p568_0","t":46,"s":[{"i":[[0,0],[0,0],[0,0],[0,0]],"o":[[0,0],[0,0],[0,0],[0,0]],"v":[[-8,35],[-15,42],[-22,35],[-15,28]],"c":true}],"e":[{"i":[[0,0],[0.414,60.719],[0,0],[-21.547,-88.367]],"o":[[0,0],[-37.586,-89.281],[0,0],[9.954,40.822]],"v":[[40.133,345],[51,128.134],[-54.133,-55],[-79,215.867]],"c":true}]},{"i":{"x":0.833,"y":0.833},"o":{"x":0.167,"y":0.167},"n":"0p833_0p833_0p167_0p167","t":53,"s":[{"i":[[0,0],[0.414,60.719],[0,0],[-21.547,-88.367]],"o":[[0,0],[-37.586,-89.281],[0,0],[9.954,40.822]],"v":[[40.133,345],[51,128.134],[-54.133,-55],[-79,215.867]],"c":true}],"e":[{"i":[[0,0],[0.306,44.879],[0,0],[-15.926,-65.315]],"o":[[0,0],[-27.781,-65.99],[0,0],[7.357,30.173]],"v":[[119.403,264.131],[33.783,197.49],[-137.577,-31.522],[-62.304,75.032]],"c":true}]},{"i":{"x":0.833,"y":0.833},"o":{"x":0.167,"y":0.167},"n":"0p833_0p833_0p167_0p167","t":59,"s":[{"i":[[0,0],[0.306,44.879],[0,0],[-15.926,-65.315]],"o":[[0,0],[-27.781,-65.99],[0,0],[7.357,30.173]],"v":[[119.403,264.131],[33.783,197.49],[-137.577,-31.522],[-62.304,75.032]],"c":true}],"e":[{"i":[[0,0],[105.365,-4.086],[0,0],[-71.504,23.468]],"o":[[0,0],[-68.635,-32.086],[0,0],[24.301,-7.976]],"v":[[243.038,81.696],[53.174,192.168],[-179.299,36.217],[-53.957,-7.385]],"c":true}]},{"i":{"x":0.833,"y":0.833},"o":{"x":0.167,"y":0.167},"n":"0p833_0p833_0p167_0p167","t":62,"s":[{"i":[[0,0],[105.365,-4.086],[0,0],[-71.504,23.468]],"o":[[0,0],[-68.635,-32.086],[0,0],[24.301,-7.976]],"v":[[243.038,81.696],[53.174,192.168],[-179.299,36.217],[-53.957,-7.385]],"c":true}],"e":[{"i":[[0,0],[150.913,3.724],[0,0],[-11.696,82.409]],"o":[[0,0],[-62.395,-29.169],[0,0],[3.267,-23.02]],"v":[[236.216,68.36],[30.976,177.426],[-196.999,47.016],[-74.415,-49.26]],"c":true}]},{"i":{"x":0.833,"y":0.833},"o":{"x":0.167,"y":0.167},"n":"0p833_0p833_0p167_0p167","t":66,"s":[{"i":[[0,0],[150.913,3.724],[0,0],[-11.696,82.409]],"o":[[0,0],[-62.395,-29.169],[0,0],[3.267,-23.02]],"v":[[236.216,68.36],[30.976,177.426],[-196.999,47.016],[-74.415,-49.26]],"c":true}],"e":[{"i":[[0,0],[171.745,-56.148],[0,0],[-50.603,109.227]],"o":[[0,0],[-19.653,-10.716],[0,0],[3.176,-6.856]],"v":[[330.148,41.959],[4.529,300.085],[-293.672,-3.651],[4.878,-259.29]],"c":true}]},{"i":{"x":0.119,"y":1},"o":{"x":0.167,"y":0.167},"n":"0p119_1_0p167_0p167","t":71,"s":[{"i":[[0,0],[171.745,-56.148],[0,0],[-50.603,109.227]],"o":[[0,0],[-19.653,-10.716],[0,0],[3.176,-6.856]],"v":[[330.148,41.959],[4.529,300.085],[-293.672,-3.651],[4.878,-259.29]],"c":true}],"e":[{"i":[[0,0],[0,0],[0,0],[0,0]],"o":[[0,0],[0,0],[0,0],[0,0]],"v":[[361.878,35],[-15,411.878],[-391.878,35],[-15,-341.878]],"c":true}]},{"i":{"x":0.534,"y":1},"o":{"x":0.333,"y":0},"n":"0p534_1_0p333_0","t":76,"s":[{"i":[[0,0],[0,0],[0,0],[0,0]],"o":[[0,0],[0,0],[0,0],[0,0]],"v":[[361.878,35],[-15,411.878],[-391.878,35],[-15,-341.878]],"c":true}],"e":[{"i":[[0,0],[0,0],[0,0],[0,0]],"o":[[0,0],[0,0],[0,0],[0,0]],"v":[[418.102,35],[-15,468.102],[-448.102,35],[-15,-398.102]],"c":true}]},{"t":105}],"ix":2},"nm":"Path 1","mn":"ADBE Vector Shape - Group","hd":false},{"ty":"st","c":{"a":0,"k":[0,0,0,1],"ix":3},"o":{"a":0,"k":100,"ix":4},"w":{"a":0,"k":50,"ix":5},"lc":2,"lj":2,"nm":"Stroke 1","mn":"ADBE Vector Graphic - Stroke","hd":false},{"ty":"fl","c":{"a":0,"k":[1,1,1,1],"ix":4},"o":{"a":0,"k":100,"ix":5},"r":1,"nm":"Fill 1","mn":"ADBE Vector Graphic - Fill","hd":true},{"ty":"tr","p":{"a":0,"k":[0,0],"ix":2},"a":{"a":0,"k":[0,0],"ix":1},"s":{"a":0,"k":[100,100],"ix":3},"r":{"a":0,"k":0,"ix":6},"o":{"a":0,"k":100,"ix":7},"sk":{"a":0,"k":0,"ix":4},"sa":{"a":0,"k":0,"ix":5},"nm":"Transform"}],"nm":"Group 1","np":3,"cix":2,"ix":1,"mn":"ADBE Vector Group","hd":false}],"ip":0,"op":109,"st":0,"bm":0},{"ddd":0,"ind":7,"ty":4,"nm":"Слой 18","td":1,"sr":1,"ks":{"o":{"a":0,"k":100,"ix":11},"r":{"a":0,"k":0,"ix":10},"p":{"a":1,"k":[{"i":{"x":0.521,"y":1},"o":{"x":0.333,"y":0},"n":"0p521_1_0p333_0","t":50,"s":[89,-55,0],"e":[559,431,0],"to":[54,1395.33337402344,0],"ti":[-152.445037841797,102.169326782227,0]},{"i":{"x":0.516,"y":1},"o":{"x":0.333,"y":0},"n":"0p516_1_0p333_0","t":80,"s":[559,431,0],"e":[461,538,0],"to":[-74,100.333335876465,0],"ti":[0,0,0]},{"t":109}],"ix":2},"a":{"a":0,"k":[-15,35,0],"ix":1},"s":{"a":0,"k":[100,100,100],"ix":6}},"ao":0,"shapes":[{"ty":"gr","it":[{"ind":0,"ty":"sh","ix":1,"ks":{"a":1,"k":[{"i":{"x":0.833,"y":0.833},"o":{"x":0.568,"y":0},"n":"0p833_0p833_0p568_0","t":46,"s":[{"i":[[0,0],[0,0],[0,0],[0,0]],"o":[[0,0],[0,0],[0,0],[0,0]],"v":[[-8,35],[-15,42],[-22,35],[-15,28]],"c":true}],"e":[{"i":[[0,0],[0.414,60.719],[0,0],[-21.547,-88.367]],"o":[[0,0],[-37.586,-89.281],[0,0],[9.954,40.822]],"v":[[40.133,345],[51,128.134],[-54.133,-55],[-79,215.867]],"c":true}]},{"i":{"x":0.833,"y":0.833},"o":{"x":0.167,"y":0.167},"n":"0p833_0p833_0p167_0p167","t":53,"s":[{"i":[[0,0],[0.414,60.719],[0,0],[-21.547,-88.367]],"o":[[0,0],[-37.586,-89.281],[0,0],[9.954,40.822]],"v":[[40.133,345],[51,128.134],[-54.133,-55],[-79,215.867]],"c":true}],"e":[{"i":[[0,0],[0.306,44.879],[0,0],[-15.926,-65.315]],"o":[[0,0],[-27.781,-65.99],[0,0],[7.357,30.173]],"v":[[119.403,264.131],[33.783,197.49],[-137.577,-31.522],[-62.304,75.032]],"c":true}]},{"i":{"x":0.833,"y":0.833},"o":{"x":0.167,"y":0.167},"n":"0p833_0p833_0p167_0p167","t":59,"s":[{"i":[[0,0],[0.306,44.879],[0,0],[-15.926,-65.315]],"o":[[0,0],[-27.781,-65.99],[0,0],[7.357,30.173]],"v":[[119.403,264.131],[33.783,197.49],[-137.577,-31.522],[-62.304,75.032]],"c":true}],"e":[{"i":[[0,0],[105.365,-4.086],[0,0],[-71.504,23.468]],"o":[[0,0],[-68.635,-32.086],[0,0],[24.301,-7.976]],"v":[[243.038,81.696],[53.174,192.168],[-179.299,36.217],[-53.957,-7.385]],"c":true}]},{"i":{"x":0.833,"y":0.833},"o":{"x":0.167,"y":0.167},"n":"0p833_0p833_0p167_0p167","t":62,"s":[{"i":[[0,0],[105.365,-4.086],[0,0],[-71.504,23.468]],"o":[[0,0],[-68.635,-32.086],[0,0],[24.301,-7.976]],"v":[[243.038,81.696],[53.174,192.168],[-179.299,36.217],[-53.957,-7.385]],"c":true}],"e":[{"i":[[0,0],[150.913,3.724],[0,0],[-11.696,82.409]],"o":[[0,0],[-62.395,-29.169],[0,0],[3.267,-23.02]],"v":[[236.216,68.36],[30.976,177.426],[-196.999,47.016],[-74.415,-49.26]],"c":true}]},{"i":{"x":0.833,"y":0.833},"o":{"x":0.167,"y":0.167},"n":"0p833_0p833_0p167_0p167","t":66,"s":[{"i":[[0,0],[150.913,3.724],[0,0],[-11.696,82.409]],"o":[[0,0],[-62.395,-29.169],[0,0],[3.267,-23.02]],"v":[[236.216,68.36],[30.976,177.426],[-196.999,47.016],[-74.415,-49.26]],"c":true}],"e":[{"i":[[0,0],[171.745,-56.148],[0,0],[-50.603,109.227]],"o":[[0,0],[-19.653,-10.716],[0,0],[3.176,-6.856]],"v":[[330.148,41.959],[4.529,300.085],[-293.672,-3.651],[4.878,-259.29]],"c":true}]},{"i":{"x":0.119,"y":1},"o":{"x":0.167,"y":0.167},"n":"0p119_1_0p167_0p167","t":71,"s":[{"i":[[0,0],[171.745,-56.148],[0,0],[-50.603,109.227]],"o":[[0,0],[-19.653,-10.716],[0,0],[3.176,-6.856]],"v":[[330.148,41.959],[4.529,300.085],[-293.672,-3.651],[4.878,-259.29]],"c":true}],"e":[{"i":[[0,0],[0,0],[0,0],[0,0]],"o":[[0,0],[0,0],[0,0],[0,0]],"v":[[361.878,35],[-15,411.878],[-391.878,35],[-15,-341.878]],"c":true}]},{"i":{"x":0.534,"y":1},"o":{"x":0.333,"y":0},"n":"0p534_1_0p333_0","t":76,"s":[{"i":[[0,0],[0,0],[0,0],[0,0]],"o":[[0,0],[0,0],[0,0],[0,0]],"v":[[361.878,35],[-15,411.878],[-391.878,35],[-15,-341.878]],"c":true}],"e":[{"i":[[0,0],[0,0],[0,0],[0,0]],"o":[[0,0],[0,0],[0,0],[0,0]],"v":[[418.102,35],[-15,468.102],[-448.102,35],[-15,-398.102]],"c":true}]},{"t":105}],"ix":2},"nm":"Path 1","mn":"ADBE Vector Shape - Group","hd":false},{"ty":"st","c":{"a":0,"k":[0,0,0,1],"ix":3},"o":{"a":0,"k":100,"ix":4},"w":{"a":0,"k":50,"ix":5},"lc":2,"lj":2,"nm":"Stroke 1","mn":"ADBE Vector Graphic - Stroke","hd":false},{"ty":"fl","c":{"a":0,"k":[1,1,1,1],"ix":4},"o":{"a":0,"k":100,"ix":5},"r":1,"nm":"Fill 1","mn":"ADBE Vector Graphic - Fill","hd":true},{"ty":"tr","p":{"a":0,"k":[0,0],"ix":2},"a":{"a":0,"k":[0,0],"ix":1},"s":{"a":0,"k":[100,100],"ix":3},"r":{"a":0,"k":0,"ix":6},"o":{"a":0,"k":100,"ix":7},"sk":{"a":0,"k":0,"ix":4},"sa":{"a":0,"k":0,"ix":5},"nm":"Transform"}],"nm":"Group 1","np":3,"cix":2,"ix":1,"mn":"ADBE Vector Group","hd":false},{"ty":"fl","c":{"a":0,"k":[1,0,0,1],"ix":4},"o":{"a":0,"k":100,"ix":5},"r":1,"nm":"Fill 1","mn":"ADBE Vector Graphic - Fill","hd":false}],"ip":0,"op":109,"st":0,"bm":0},{"ddd":0,"ind":8,"ty":4,"nm":"Слой 15","tt":2,"sr":1,"ks":{"o":{"a":0,"k":100,"ix":11},"r":{"a":1,"k":[{"i":{"x":[0.455],"y":[1]},"o":{"x":[0.333],"y":[0]},"n":["0p455_1_0p333_0"],"t":7,"s":[0],"e":[-55]},{"i":{"x":[0.447],"y":[1]},"o":{"x":[0.333],"y":[0]},"n":["0p447_1_0p333_0"],"t":38,"s":[-55],"e":[8]},{"i":{"x":[0.44],"y":[1]},"o":{"x":[0.333],"y":[0]},"n":["0p44_1_0p333_0"],"t":68,"s":[8],"e":[0]},{"t":97}],"ix":10},"p":{"a":0,"k":[547.488,456.339,0],"ix":2},"a":{"a":0,"k":[47.488,-43.661,0],"ix":1},"s":{"a":0,"k":[100,100,100],"ix":6}},"ao":0,"shapes":[{"ty":"gr","it":[{"ind":0,"ty":"sh","ix":1,"ks":{"a":1,"k":[{"i":{"x":0.472,"y":1},"o":{"x":0.333,"y":0},"n":"0p472_1_0p333_0","t":4,"s":[{"i":[[0,0],[0,0],[100.693,100.693],[0,0],[-121.829,121.829],[0,0],[0,0],[-75.417,-75.417],[82.76,-82.76],[0,0],[0,0],[42.229,42.229],[0,0],[-46.839,46.839],[0,0]],"o":[[0,0],[-99.182,99.182],[0,0],[-100.693,-100.693],[0,0],[0,0],[82.76,-82.76],[75.417,75.417],[0,0],[0,0],[-46.839,46.839],[0,0],[-42.229,-42.229],[0,0],[0,0]],"v":[[330.757,93.406],[174.059,250.104],[-189.351,247.356],[-195.35,241.357],[-175.451,-144.699],[23.84,-343.99],[24.677,-344.828],[311.082,-358.125],[297.785,-71.72],[296.241,-70.175],[94.317,131.749],[-67.625,140.13],[-67.625,140.13],[-59.244,-21.812],[158.331,-239.387]],"c":false}],"e":[{"i":[[0,0],[0,0],[101.128,101.128],[0,0],[-122.354,122.354],[0,0],[0,0],[-75.742,-75.742],[83.118,-83.118],[0,0],[0,0],[42.411,42.412],[0,0],[-47.041,47.041],[0,0]],"o":[[0,0],[-99.61,99.61],[0,0],[-101.128,-101.128],[0,0],[0,0],[83.118,-83.118],[75.742,75.742],[0,0],[0,0],[-47.041,47.041],[0,0],[-42.412,-42.411],[0,0],[0,0]],"v":[[331.992,93.991],[174.618,251.365],[-190.361,248.605],[-196.386,242.581],[-176.401,-145.142],[23.75,-345.293],[24.591,-346.134],[312.232,-359.489],[298.878,-71.847],[297.327,-70.296],[94.531,132.499],[-68.11,140.916],[-68.11,140.916],[-59.693,-21.725],[158.822,-240.239]],"c":false}]},{"i":{"x":0.466,"y":1},"o":{"x":0.333,"y":0},"n":"0p466_1_0p333_0","t":35,"s":[{"i":[[0,0],[0,0],[101.128,101.128],[0,0],[-122.354,122.354],[0,0],[0,0],[-75.742,-75.742],[83.118,-83.118],[0,0],[0,0],[42.411,42.412],[0,0],[-47.041,47.041],[0,0]],"o":[[0,0],[-99.61,99.61],[0,0],[-101.128,-101.128],[0,0],[0,0],[83.118,-83.118],[75.742,75.742],[0,0],[0,0],[-47.041,47.041],[0,0],[-42.412,-42.411],[0,0],[0,0]],"v":[[331.992,93.991],[174.618,251.365],[-190.361,248.605],[-196.386,242.581],[-176.401,-145.142],[23.75,-345.293],[24.591,-346.134],[312.232,-359.489],[298.878,-71.847],[297.327,-70.296],[94.531,132.499],[-68.11,140.916],[-68.11,140.916],[-59.693,-21.725],[158.822,-240.239]],"c":false}],"e":[{"i":[[0,0],[0,0],[87.494,87.494],[0,0],[-105.859,105.859],[0,0],[0,0],[-65.531,-65.531],[71.912,-71.912],[0,0],[0,0],[36.694,36.694],[0,0],[-40.699,40.699],[0,0]],"o":[[0,0],[-86.181,86.181],[0,0],[-87.494,-87.494],[0,0],[0,0],[71.912,-71.912],[65.531,65.531],[0,0],[0,0],[-40.699,40.699],[0,0],[-36.694,-36.694],[0,0],[0,0]],"v":[[293.249,75.64],[157.091,211.798],[-158.683,209.41],[-163.896,204.198],[-146.605,-131.254],[26.562,-304.422],[27.29,-305.149],[276.153,-316.704],[264.599,-67.841],[263.257,-66.499],[87.801,108.957],[-52.913,116.239],[-52.913,116.239],[-45.631,-24.475],[143.424,-213.53]],"c":false}]},{"i":{"x":0.459,"y":1},"o":{"x":0.333,"y":0},"n":"0p459_1_0p333_0","t":65,"s":[{"i":[[0,0],[0,0],[87.494,87.494],[0,0],[-105.859,105.859],[0,0],[0,0],[-65.531,-65.531],[71.912,-71.912],[0,0],[0,0],[36.694,36.694],[0,0],[-40.699,40.699],[0,0]],"o":[[0,0],[-86.181,86.181],[0,0],[-87.494,-87.494],[0,0],[0,0],[71.912,-71.912],[65.531,65.531],[0,0],[0,0],[-40.699,40.699],[0,0],[-36.694,-36.694],[0,0],[0,0]],"v":[[293.249,75.64],[157.091,211.798],[-158.683,209.41],[-163.896,204.198],[-146.605,-131.254],[26.562,-304.422],[27.29,-305.149],[276.153,-316.704],[264.599,-67.841],[263.257,-66.499],[87.801,108.957],[-52.913,116.239],[-52.913,116.239],[-45.631,-24.475],[143.424,-213.53]],"c":false}],"e":[{"i":[[0,0],[0,0],[100.693,100.693],[0,0],[-121.829,121.829],[0,0],[0,0],[-75.417,-75.417],[82.76,-82.76],[0,0],[0,0],[42.229,42.229],[0,0],[-46.839,46.839],[0,0]],"o":[[0,0],[-99.182,99.182],[0,0],[-100.693,-100.693],[0,0],[0,0],[82.76,-82.76],[75.417,75.417],[0,0],[0,0],[-46.839,46.839],[0,0],[-42.229,-42.229],[0,0],[0,0]],"v":[[330.757,93.406],[174.059,250.104],[-189.351,247.356],[-195.35,241.357],[-175.451,-144.699],[23.84,-343.99],[24.677,-344.828],[311.082,-358.125],[297.785,-71.72],[296.241,-70.175],[94.317,131.749],[-67.625,140.13],[-67.625,140.13],[-59.244,-21.812],[158.331,-239.387]],"c":false}]},{"t":94}],"ix":2},"nm":"Path 1","mn":"ADBE Vector Shape - Group","hd":false},{"ty":"st","c":{"a":0,"k":[0,0,0,1],"ix":3},"o":{"a":0,"k":100,"ix":4},"w":{"a":0,"k":50,"ix":5},"lc":2,"lj":2,"nm":"Stroke 1","mn":"ADBE Vector Graphic - Stroke","hd":false},{"ty":"tr","p":{"a":0,"k":[0,0],"ix":2},"a":{"a":0,"k":[0,0],"ix":1},"s":{"a":0,"k":[100,100],"ix":3},"r":{"a":0,"k":0,"ix":6},"o":{"a":0,"k":100,"ix":7},"sk":{"a":0,"k":0,"ix":4},"sa":{"a":0,"k":0,"ix":5},"nm":"Transform"}],"nm":"Group 1","np":2,"cix":2,"ix":1,"mn":"ADBE Vector Group","hd":false}],"ip":0,"op":109,"st":0,"bm":0}],"markers":[]}