{"v":"5.3.4","fr":60,"ip":0,"op":73,"w":704,"h":732,"nm":"cart","ddd":0,"assets":[],"layers":[{"ddd":0,"ind":1,"ty":4,"nm":"Слой 37","sr":1,"ks":{"o":{"a":0,"k":100,"ix":11},"r":{"a":0,"k":0,"ix":10},"p":{"a":0,"k":[408,380,0],"ix":2},"a":{"a":0,"k":[0,0,0],"ix":1},"s":{"a":0,"k":[100,100,100],"ix":6}},"ao":0,"shapes":[{"ty":"gr","it":[{"ind":0,"ty":"sh","ix":1,"ks":{"a":1,"k":[{"i":{"x":0.833,"y":0.833},"o":{"x":0.333,"y":0},"n":"0p833_0p833_0p333_0","t":5,"s":[{"i":[[0,0],[0,0],[0,0]],"o":[[0,0],[0,0],[0,0]],"v":[[0,-314.277],[0.444,-314.444],[0.138,-314.638]],"c":false}],"e":[{"i":[[0,0],[0,0],[0,0]],"o":[[0,0],[0,0],[0,0]],"v":[[55,-89.388],[0,-34],[-55.5,-89.5]],"c":false}]},{"i":{"x":0.387,"y":1},"o":{"x":0.167,"y":0.167},"n":"0p387_1_0p167_0p167","t":18,"s":[{"i":[[0,0],[0,0],[0,0]],"o":[[0,0],[0,0],[0,0]],"v":[[55,-89.388],[0,-34],[-55.5,-89.5]],"c":false}],"e":[{"i":[[0,0],[0,0],[0,0]],"o":[[0,0],[0,0],[0,0]],"v":[[-2.194,67.418],[0,66],[-2.5,63.5]],"c":false}]},{"t":31}],"ix":2},"nm":"Path 1","mn":"ADBE Vector Shape - Group","hd":false},{"ty":"st","c":{"a":0,"k":[0,0,0,1],"ix":3},"o":{"a":0,"k":100,"ix":4},"w":{"a":0,"k":40,"ix":5},"lc":2,"lj":2,"nm":"Stroke 1","mn":"ADBE Vector Graphic - Stroke","hd":false},{"ty":"tr","p":{"a":0,"k":[0,0],"ix":2},"a":{"a":0,"k":[0,0],"ix":1},"s":{"a":0,"k":[100,100],"ix":3},"r":{"a":0,"k":0,"ix":6},"o":{"a":0,"k":100,"ix":7},"sk":{"a":0,"k":0,"ix":4},"sa":{"a":0,"k":0,"ix":5},"nm":"Transform"}],"nm":"Group 1","np":2,"cix":2,"ix":1,"mn":"ADBE Vector Group","hd":false},{"ty":"gr","it":[{"ind":0,"ty":"sh","ix":1,"ks":{"a":1,"k":[{"i":{"x":0.833,"y":0.833},"o":{"x":0.333,"y":0},"n":"0p833_0p833_0p333_0","t":5,"s":[{"i":[[0,0],[0,0]],"o":[[0,0],[0,0]],"v":[[0,-314],[0.444,-314.444]],"c":false}],"e":[{"i":[[0,0],[0,0]],"o":[[0,0],[0,0]],"v":[[0,-314],[0,-34]],"c":false}]},{"i":{"x":0.387,"y":1},"o":{"x":0.167,"y":0.167},"n":"0p387_1_0p167_0p167","t":18,"s":[{"i":[[0,0],[0,0]],"o":[[0,0],[0,0]],"v":[[0,-314],[0,-34]],"c":false}],"e":[{"i":[[0,0],[0,0]],"o":[[0,0],[0,0]],"v":[[0,66],[0,66]],"c":false}]},{"t":31}],"ix":2},"nm":"Path 1","mn":"ADBE Vector Shape - Group","hd":false},{"ty":"st","c":{"a":0,"k":[0,0,0,1],"ix":3},"o":{"a":0,"k":100,"ix":4},"w":{"a":0,"k":40,"ix":5},"lc":2,"lj":2,"nm":"Stroke 1","mn":"ADBE Vector Graphic - Stroke","hd":false},{"ty":"tr","p":{"a":0,"k":[0,0],"ix":2},"a":{"a":0,"k":[0,0],"ix":1},"s":{"a":0,"k":[100,100],"ix":3},"r":{"a":0,"k":0,"ix":6},"o":{"a":0,"k":100,"ix":7},"sk":{"a":0,"k":0,"ix":4},"sa":{"a":0,"k":0,"ix":5},"nm":"Transform"}],"nm":"Group 2","np":2,"cix":2,"ix":2,"mn":"ADBE Vector Group","hd":false}],"ip":7,"op":30,"st":0,"bm":0},{"ddd":0,"ind":2,"ty":4,"nm":"Слой 36","sr":1,"ks":{"o":{"a":0,"k":100,"ix":11},"r":{"a":0,"k":0,"ix":10},"p":{"a":0,"k":[420,380,0],"ix":2},"a":{"a":0,"k":[0,0,0],"ix":1},"s":{"a":0,"k":[100,100,100],"ix":6}},"ao":0,"shapes":[{"ty":"gr","it":[{"ind":0,"ty":"sh","ix":1,"ks":{"a":1,"k":[{"i":{"x":0.491,"y":0.992},"o":{"x":0.333,"y":0},"n":"0p491_0p992_0p333_0","t":9,"s":[{"i":[[0,-29.823],[29.823,0],[0,29.823],[-29.823,0]],"o":[[0,29.823],[-29.823,0],[0,-29.823],[29.823,0]],"v":[[-80.219,270.759],[-134.219,324.759],[-188.219,270.759],[-134.219,216.759]],"c":true}],"e":[{"i":[[0,-22.301],[29.823,0],[0,22.301],[-29.823,0]],"o":[[0,22.301],[-29.823,0],[0,-22.301],[29.823,0]],"v":[[-64.219,284.379],[-118.219,324.759],[-172.219,284.379],[-118.219,244]],"c":true}]},{"i":{"x":0.48,"y":0.992},"o":{"x":0.333,"y":0},"n":"0p48_0p992_0p333_0","t":25,"s":[{"i":[[0,-22.301],[29.823,0],[0,22.301],[-29.823,0]],"o":[[0,22.301],[-29.823,0],[0,-22.301],[29.823,0]],"v":[[-64.219,284.379],[-118.219,324.759],[-172.219,284.379],[-118.219,244]],"c":true}],"e":[{"i":[[0,-33.347],[29.823,0],[0,33.347],[-29.823,0]],"o":[[0,33.347],[-29.823,0],[0,-33.347],[29.823,0]],"v":[[-78.219,230.379],[-132.219,290.759],[-186.219,230.379],[-132.219,170]],"c":true}]},{"i":{"x":0.5,"y":0.992},"o":{"x":0.333,"y":0},"n":"0p5_0p992_0p333_0","t":39,"s":[{"i":[[0,-33.347],[29.823,0],[0,33.347],[-29.823,0]],"o":[[0,33.347],[-29.823,0],[0,-33.347],[29.823,0]],"v":[[-78.219,230.379],[-132.219,290.759],[-186.219,230.379],[-132.219,170]],"c":true}],"e":[{"i":[[0,-30.376],[29.823,0],[0,30.376],[-29.823,0]],"o":[[0,30.376],[-29.823,0],[0,-30.376],[29.823,0]],"v":[[-80.219,273],[-134.219,328],[-188.219,273],[-134.219,218]],"c":true}]},{"i":{"x":0.442,"y":0.991},"o":{"x":0.333,"y":0},"n":"0p442_0p991_0p333_0","t":55,"s":[{"i":[[0,-30.376],[29.823,0],[0,30.376],[-29.823,0]],"o":[[0,30.376],[-29.823,0],[0,-30.376],[29.823,0]],"v":[[-80.219,273],[-134.219,328],[-188.219,273],[-134.219,218]],"c":true}],"e":[{"i":[[0,-29.823],[29.823,0],[0,29.823],[-29.823,0]],"o":[[0,29.823],[-29.823,0],[0,-29.823],[29.823,0]],"v":[[-80.219,270.759],[-134.219,324.759],[-188.219,270.759],[-134.219,216.759]],"c":true}]},{"t":70}],"ix":2},"nm":"Path 1","mn":"ADBE Vector Shape - Group","hd":false},{"ty":"st","c":{"a":0,"k":[0,0,0,1],"ix":3},"o":{"a":0,"k":100,"ix":4},"w":{"a":0,"k":40,"ix":5},"lc":1,"lj":1,"ml":10,"ml2":{"a":0,"k":10,"ix":8},"nm":"Stroke 1","mn":"ADBE Vector Graphic - Stroke","hd":false},{"ty":"tr","p":{"a":0,"k":[0,0],"ix":2},"a":{"a":0,"k":[0,0],"ix":1},"s":{"a":0,"k":[100,100],"ix":3},"r":{"a":0,"k":0,"ix":6},"o":{"a":0,"k":100,"ix":7},"sk":{"a":0,"k":0,"ix":4},"sa":{"a":0,"k":0,"ix":5},"nm":"Transform"}],"nm":"Group 1","np":2,"cix":2,"ix":1,"mn":"ADBE Vector Group","hd":false}],"ip":0,"op":73,"st":0,"bm":0},{"ddd":0,"ind":3,"ty":4,"nm":"Слой 35","sr":1,"ks":{"o":{"a":0,"k":100,"ix":11},"r":{"a":0,"k":0,"ix":10},"p":{"a":0,"k":[408,370,0],"ix":2},"a":{"a":0,"k":[0,0,0],"ix":1},"s":{"a":0,"k":[100,104.237,100],"ix":6}},"ao":0,"shapes":[{"ty":"gr","it":[{"ind":0,"ty":"sh","ix":1,"ks":{"a":1,"k":[{"i":{"x":0.833,"y":0.833},"o":{"x":0.333,"y":0},"n":"0p833_0p833_0p333_0","t":9,"s":[{"i":[[0,-29.823],[29.823,0],[0,29.823],[-29.823,0]],"o":[[0,29.823],[-29.823,0],[0,-29.823],[29.823,0]],"v":[[228.777,270.759],[174.777,324.759],[120.777,270.759],[174.777,216.759]],"c":true}],"e":[{"i":[[0,-28.749],[29.823,0],[0,28.749],[-29.823,0]],"o":[[0,28.749],[-29.823,0],[0,-28.749],[29.823,0]],"v":[[242.777,272.705],[188.777,324.759],[134.777,272.705],[188.777,220.65]],"c":true}]},{"i":{"x":0.49,"y":0.992},"o":{"x":0.167,"y":0.167},"n":"0p49_0p992_0p167_0p167","t":24,"s":[{"i":[[0,-28.749],[29.823,0],[0,28.749],[-29.823,0]],"o":[[0,28.749],[-29.823,0],[0,-28.749],[29.823,0]],"v":[[242.777,272.705],[188.777,324.759],[134.777,272.705],[188.777,220.65]],"c":true}],"e":[{"i":[[0,-32.033],[29.823,0],[0,32.033],[-29.823,0]],"o":[[0,32.033],[-29.823,0],[0,-32.033],[29.823,0]],"v":[[228.777,254],[174.777,312],[120.777,254],[174.777,196]],"c":true}]},{"i":{"x":0.5,"y":0.992},"o":{"x":0.333,"y":0},"n":"0p5_0p992_0p333_0","t":39,"s":[{"i":[[0,-32.033],[29.823,0],[0,32.033],[-29.823,0]],"o":[[0,32.033],[-29.823,0],[0,-32.033],[29.823,0]],"v":[[228.777,254],[174.777,312],[120.777,254],[174.777,196]],"c":true}],"e":[{"i":[[0,-26.1],[29.823,0],[0,26.1],[-29.823,0]],"o":[[0,26.1],[-29.823,0],[0,-26.1],[29.823,0]],"v":[[228.777,277.501],[174.777,324.759],[120.777,277.501],[174.777,230.244]],"c":true}]},{"i":{"x":0.43,"y":0.991},"o":{"x":0.333,"y":0},"n":"0p43_0p991_0p333_0","t":55,"s":[{"i":[[0,-26.1],[29.823,0],[0,26.1],[-29.823,0]],"o":[[0,26.1],[-29.823,0],[0,-26.1],[29.823,0]],"v":[[228.777,277.501],[174.777,324.759],[120.777,277.501],[174.777,230.244]],"c":true}],"e":[{"i":[[0,-29.823],[29.823,0],[0,29.823],[-29.823,0]],"o":[[0,29.823],[-29.823,0],[0,-29.823],[29.823,0]],"v":[[228.777,270.759],[174.777,324.759],[120.777,270.759],[174.777,216.759]],"c":true}]},{"t":70}],"ix":2},"nm":"Path 1","mn":"ADBE Vector Shape - Group","hd":false},{"ty":"st","c":{"a":0,"k":[0,0,0,1],"ix":3},"o":{"a":0,"k":100,"ix":4},"w":{"a":0,"k":40,"ix":5},"lc":1,"lj":1,"ml":10,"ml2":{"a":0,"k":10,"ix":8},"nm":"Stroke 1","mn":"ADBE Vector Graphic - Stroke","hd":false},{"ty":"tr","p":{"a":0,"k":[0,0],"ix":2},"a":{"a":0,"k":[0,0],"ix":1},"s":{"a":0,"k":[100,100],"ix":3},"r":{"a":0,"k":0,"ix":6},"o":{"a":0,"k":100,"ix":7},"sk":{"a":0,"k":0,"ix":4},"sa":{"a":0,"k":0,"ix":5},"nm":"Transform"}],"nm":"Group 1","np":2,"cix":2,"ix":1,"mn":"ADBE Vector Group","hd":false}],"ip":0,"op":73,"st":0,"bm":0},{"ddd":0,"ind":5,"ty":4,"nm":"Слой 34","sr":1,"ks":{"o":{"a":0,"k":100,"ix":11},"r":{"a":1,"k":[{"i":{"x":[0.44],"y":[1]},"o":{"x":[0.333],"y":[0]},"n":["0p44_1_0p333_0"],"t":9,"s":[0],"e":[-4]},{"i":{"x":[0.415],"y":[1]},"o":{"x":[0.333],"y":[0]},"n":["0p415_1_0p333_0"],"t":29,"s":[-4],"e":[3]},{"i":{"x":[0.469],"y":[1]},"o":{"x":[0.333],"y":[0]},"n":["0p469_1_0p333_0"],"t":47,"s":[3],"e":[0]},{"t":70}],"ix":10},"p":{"a":1,"k":[{"i":{"x":0.425,"y":1},"o":{"x":0.333,"y":0},"n":"0p425_1_0p333_0","t":9,"s":[408,380,0],"e":[408,412,0],"to":[0,0,0],"ti":[0,0,0]},{"i":{"x":0.425,"y":1},"o":{"x":0.333,"y":0},"n":"0p425_1_0p333_0","t":24,"s":[408,412,0],"e":[408,352,0],"to":[0,0,0],"ti":[0,0,0]},{"i":{"x":0.44,"y":1},"o":{"x":0.333,"y":0},"n":"0p44_1_0p333_0","t":39,"s":[408,352,0],"e":[408,390,0],"to":[0,0,0],"ti":[0,0,0]},{"i":{"x":0.425,"y":1},"o":{"x":0.333,"y":0},"n":"0p425_1_0p333_0","t":55,"s":[408,390,0],"e":[408,380,0],"to":[0,0,0],"ti":[0,0,0]},{"t":70}],"ix":2},"a":{"a":0,"k":[0,0,0],"ix":1},"s":{"a":0,"k":[100,100,100],"ix":6}},"ao":0,"shapes":[{"ty":"gr","it":[{"ind":0,"ty":"sh","ix":1,"ks":{"a":0,"k":{"i":[[0,0],[0,0],[0,38.5],[0,0]],"o":[[0,0],[-38.5,0],[0,0],[0,0]],"v":[[198,195.388],[-180,195.388],[-250,125.388],[-250,31]],"c":false},"ix":2},"nm":"Path 1","mn":"ADBE Vector Shape - Group","hd":false},{"ty":"st","c":{"a":0,"k":[0,0,0,1],"ix":3},"o":{"a":0,"k":100,"ix":4},"w":{"a":0,"k":40,"ix":5},"lc":2,"lj":2,"nm":"Stroke 1","mn":"ADBE Vector Graphic - Stroke","hd":false},{"ty":"tr","p":{"a":0,"k":[0,0],"ix":2},"a":{"a":0,"k":[0,0],"ix":1},"s":{"a":0,"k":[100,100],"ix":3},"r":{"a":0,"k":0,"ix":6},"o":{"a":0,"k":100,"ix":7},"sk":{"a":0,"k":0,"ix":4},"sa":{"a":0,"k":0,"ix":5},"nm":"Transform"}],"nm":"Group 1","np":2,"cix":2,"ix":1,"mn":"ADBE Vector Group","hd":false}],"ip":0,"op":73,"st":0,"bm":0},{"ddd":0,"ind":6,"ty":4,"nm":"Слой 33","sr":1,"ks":{"o":{"a":0,"k":100,"ix":11},"r":{"a":1,"k":[{"i":{"x":[0.44],"y":[1]},"o":{"x":[0.333],"y":[0]},"n":["0p44_1_0p333_0"],"t":12,"s":[0],"e":[-4]},{"i":{"x":[0.415],"y":[1]},"o":{"x":[0.333],"y":[0]},"n":["0p415_1_0p333_0"],"t":32,"s":[-4],"e":[3]},{"i":{"x":[0.469],"y":[1]},"o":{"x":[0.333],"y":[0]},"n":["0p469_1_0p333_0"],"t":50,"s":[3],"e":[0]},{"t":73}],"ix":10},"p":{"a":1,"k":[{"i":{"x":0.425,"y":1},"o":{"x":0.333,"y":0},"n":"0p425_1_0p333_0","t":12,"s":[408,380,0],"e":[408,412,0],"to":[0,0,0],"ti":[0,0,0]},{"i":{"x":0.425,"y":1},"o":{"x":0.333,"y":0},"n":"0p425_1_0p333_0","t":27,"s":[408,412,0],"e":[408,352,0],"to":[0,0,0],"ti":[0,0,0]},{"i":{"x":0.44,"y":1},"o":{"x":0.333,"y":0},"n":"0p44_1_0p333_0","t":42,"s":[408,352,0],"e":[408,390,0],"to":[0,0,0],"ti":[0,0,0]},{"i":{"x":0.425,"y":1},"o":{"x":0.333,"y":0},"n":"0p425_1_0p333_0","t":58,"s":[408,390,0],"e":[408,380,0],"to":[0,0,0],"ti":[0,0,0]},{"t":73}],"ix":2},"a":{"a":0,"k":[0,0,0],"ix":1},"s":{"a":0,"k":[100,100,100],"ix":6}},"ao":0,"shapes":[{"ty":"gr","it":[{"ind":0,"ty":"sh","ix":1,"ks":{"a":0,"k":{"i":[[0,0],[0,0],[0,0],[0,0],[-38.5,0],[0,0],[0,38.5],[0,0]],"o":[[0,0],[0,0],[0,0],[0,38.5],[0,0],[38.5,0],[0,0],[0,0]],"v":[[-359,-318],[-250,-271.898],[-250,-262.898],[-250,18.388],[-180,88.388],[180,88.388],[250,18.388],[250,-156.898]],"c":false},"ix":2},"nm":"Path 1","mn":"ADBE Vector Shape - Group","hd":false},{"ty":"st","c":{"a":0,"k":[0,0,0,1],"ix":3},"o":{"a":0,"k":100,"ix":4},"w":{"a":0,"k":40,"ix":5},"lc":2,"lj":2,"nm":"Stroke 1","mn":"ADBE Vector Graphic - Stroke","hd":false},{"ty":"tr","p":{"a":0,"k":[0,0],"ix":2},"a":{"a":0,"k":[0,0],"ix":1},"s":{"a":0,"k":[100,100],"ix":3},"r":{"a":0,"k":0,"ix":6},"o":{"a":0,"k":100,"ix":7},"sk":{"a":0,"k":0,"ix":4},"sa":{"a":0,"k":0,"ix":5},"nm":"Transform"}],"nm":"Group 1","np":2,"cix":2,"ix":1,"mn":"ADBE Vector Group","hd":false}],"ip":0,"op":73,"st":0,"bm":0}],"markers":[]}