{"v":"5.3.4","fr":60,"ip":0,"op":120,"w":904,"h":804,"nm":"new message","ddd":0,"assets":[],"layers":[{"ddd":0,"ind":1,"ty":4,"nm":"dot","sr":1,"ks":{"o":{"a":0,"k":100,"ix":11},"r":{"a":0,"k":0,"ix":10},"p":{"a":1,"k":[{"i":{"x":0.667,"y":1},"o":{"x":0.562,"y":0},"n":"0p667_1_0p562_0","t":53,"s":[633.984,194.215,0],"e":[724.104,190.215,0],"to":[0,0,0],"ti":[0,0,0]},{"i":{"x":0.667,"y":1},"o":{"x":0.676,"y":0},"n":"0p667_1_0p676_0","t":63,"s":[724.104,190.215,0],"e":[724.104,190.715,0],"to":[0,0,0],"ti":[0,0,0]},{"i":{"x":0.301,"y":1},"o":{"x":0.333,"y":0},"n":"0p301_1_0p333_0","t":93,"s":[724.104,190.715,0],"e":[772.984,351.215,0],"to":[39,8.5,0],"ti":[7.5,-45.5,0]},{"t":101}],"ix":2},"a":{"a":0,"k":[313.984,-267.785,0],"ix":1},"s":{"a":0,"k":[100,100,100],"ix":6}},"ao":0,"shapes":[{"ty":"gr","it":[{"ind":0,"ty":"sh","ix":1,"ks":{"a":1,"k":[{"i":{"x":0.256,"y":1},"o":{"x":0.333,"y":0},"n":"0p256_1_0p333_0","t":53,"s":[{"i":[[0,0.986],[-0.986,0],[0,-0.986],[0.986,0]],"o":[[0,-0.986],[0.986,0],[0,0.986],[-0.986,0]],"v":[[312.2,-267.785],[313.984,-269.569],[315.769,-267.785],[313.984,-266]],"c":true}],"e":[{"i":[[0,-84.005],[84.005,0],[0,84.005],[-84.005,0]],"o":[[0,84.005],[-84.005,0],[0,-84.005],[84.005,0]],"v":[[466.088,-267.785],[313.984,-115.681],[161.881,-267.785],[313.984,-419.889]],"c":true}]},{"i":{"x":0.622,"y":1},"o":{"x":0.333,"y":0},"n":"0p622_1_0p333_0","t":63,"s":[{"i":[[0,-84.005],[84.005,0],[0,84.005],[-84.005,0]],"o":[[0,84.005],[-84.005,0],[0,-84.005],[84.005,0]],"v":[[466.088,-267.785],[313.984,-115.681],[161.881,-267.785],[313.984,-419.889]],"c":true}],"e":[{"i":[[0,-84.005],[84.005,0],[0,84.005],[-84.005,0]],"o":[[0,84.005],[-84.005,0],[0,-84.005],[84.005,0]],"v":[[466.088,-267.785],[313.984,-115.681],[161.881,-267.785],[313.984,-419.889]],"c":true}]},{"i":{"x":0.484,"y":1},"o":{"x":0.333,"y":0},"n":"0p484_1_0p333_0","t":93,"s":[{"i":[[0,-84.005],[84.005,0],[0,84.005],[-84.005,0]],"o":[[0,84.005],[-84.005,0],[0,-84.005],[84.005,0]],"v":[[466.088,-267.785],[313.984,-115.681],[161.881,-267.785],[313.984,-419.889]],"c":true}],"e":[{"i":[[0,-0.395],[0.395,0],[0,0.395],[-0.395,0]],"o":[[0,0.395],[-0.395,0],[0,-0.395],[0.395,0]],"v":[[314.7,-267.785],[313.984,-267.069],[313.269,-267.785],[313.984,-268.5]],"c":true}]},{"t":101}],"ix":2},"nm":"Path 1","mn":"ADBE Vector Shape - Group","hd":false},{"ty":"st","c":{"a":0,"k":[0,0,0,1],"ix":3},"o":{"a":0,"k":100,"ix":4},"w":{"a":0,"k":50,"ix":5},"lc":2,"lj":2,"nm":"Stroke 1","mn":"ADBE Vector Graphic - Stroke","hd":false},{"ty":"fl","c":{"a":0,"k":[0,0,0,1],"ix":4},"o":{"a":0,"k":100,"ix":5},"r":1,"nm":"Fill 1","mn":"ADBE Vector Graphic - Fill","hd":false},{"ty":"tr","p":{"a":0,"k":[0,0],"ix":2},"a":{"a":0,"k":[0,0],"ix":1},"s":{"a":0,"k":[100,100],"ix":3},"r":{"a":0,"k":0,"ix":6},"o":{"a":0,"k":100,"ix":7},"sk":{"a":0,"k":0,"ix":4},"sa":{"a":0,"k":0,"ix":5},"nm":"Transform"}],"nm":"Group 1","np":3,"cix":2,"ix":1,"mn":"ADBE Vector Group","hd":false}],"ip":54,"op":100,"st":-15,"bm":0},{"ddd":0,"ind":2,"ty":4,"nm":"Слой 13","sr":1,"ks":{"o":{"a":0,"k":100,"ix":11},"r":{"a":0,"k":0,"ix":10},"p":{"a":1,"k":[{"i":{"x":0.358,"y":0.993},"o":{"x":0.333,"y":0},"n":"0p358_0p993_0p333_0","t":27,"s":[404.612,4,0],"e":[404.612,395,0],"to":[0,0,0],"ti":[0,0,0]},{"t":60}],"ix":2},"a":{"a":0,"k":[0.612,-65,0],"ix":1},"s":{"a":0,"k":[100,100,100],"ix":6}},"ao":0,"shapes":[{"ty":"gr","it":[{"ind":0,"ty":"sh","ix":1,"ks":{"a":1,"k":[{"i":{"x":0.393,"y":1},"o":{"x":0.333,"y":0},"n":"0p393_1_0p333_0","t":27,"s":[{"i":[[0,0],[0,0]],"o":[[0,0],[0,0]],"v":[[-142.277,-65],[143,-65]],"c":false}],"e":[{"i":[[0,0],[0,0]],"o":[[0,0],[0,0]],"v":[[-176.777,-65],[178,-65]],"c":false}]},{"t":60}],"ix":2},"nm":"Path 1","mn":"ADBE Vector Shape - Group","hd":false},{"ty":"st","c":{"a":0,"k":[0,0,0,1],"ix":3},"o":{"a":0,"k":100,"ix":4},"w":{"a":0,"k":50,"ix":5},"lc":2,"lj":2,"nm":"Stroke 1","mn":"ADBE Vector Graphic - Stroke","hd":false},{"ty":"tr","p":{"a":0,"k":[0,0],"ix":2},"a":{"a":0,"k":[0,0],"ix":1},"s":{"a":0,"k":[100,100],"ix":3},"r":{"a":0,"k":0,"ix":6},"o":{"a":0,"k":100,"ix":7},"sk":{"a":0,"k":0,"ix":4},"sa":{"a":0,"k":0,"ix":5},"nm":"Transform"}],"nm":"Group 1","np":2,"cix":2,"ix":1,"mn":"ADBE Vector Group","hd":false}],"ip":38,"op":132,"st":-28,"bm":0},{"ddd":0,"ind":3,"ty":4,"nm":"Слой 14","sr":1,"ks":{"o":{"a":0,"k":100,"ix":11},"r":{"a":0,"k":0,"ix":10},"p":{"a":1,"k":[{"i":{"x":0.358,"y":0.993},"o":{"x":0.333,"y":0},"n":"0p358_0p993_0p333_0","t":24,"s":[404.612,155.388,0],"e":[404.612,546.388,0],"to":[0,0,0],"ti":[0,0,0]},{"t":57}],"ix":2},"a":{"a":0,"k":[0.612,86.388,0],"ix":1},"s":{"a":0,"k":[100,100,100],"ix":6}},"ao":0,"shapes":[{"ty":"gr","it":[{"ind":0,"ty":"sh","ix":1,"ks":{"a":1,"k":[{"i":{"x":0.393,"y":1},"o":{"x":0.333,"y":0},"n":"0p393_1_0p333_0","t":24,"s":[{"i":[[0,0],[0,0]],"o":[[0,0],[0,0]],"v":[[-144.777,86.388],[143.75,86.388]],"c":false}],"e":[{"i":[[0,0],[0,0]],"o":[[0,0],[0,0]],"v":[[-176.777,86.388],[178,86.388]],"c":false}]},{"t":57}],"ix":2},"nm":"Path 1","mn":"ADBE Vector Shape - Group","hd":false},{"ty":"st","c":{"a":0,"k":[0,0,0,1],"ix":3},"o":{"a":0,"k":100,"ix":4},"w":{"a":0,"k":50,"ix":5},"lc":2,"lj":2,"nm":"Stroke 1","mn":"ADBE Vector Graphic - Stroke","hd":false},{"ty":"tr","p":{"a":0,"k":[0,0],"ix":2},"a":{"a":0,"k":[0,0],"ix":1},"s":{"a":0,"k":[100,100],"ix":3},"r":{"a":0,"k":0,"ix":6},"o":{"a":0,"k":100,"ix":7},"sk":{"a":0,"k":0,"ix":4},"sa":{"a":0,"k":0,"ix":5},"nm":"Transform"}],"nm":"Group 1","np":2,"cix":2,"ix":1,"mn":"ADBE Vector Group","hd":false}],"ip":31,"op":134,"st":-28,"bm":0},{"ddd":0,"ind":4,"ty":4,"nm":"Слой 12","sr":1,"ks":{"o":{"a":0,"k":100,"ix":11},"r":{"a":0,"k":0,"ix":10},"p":{"a":1,"k":[{"i":{"x":0.338,"y":0.961},"o":{"x":0.333,"y":0},"n":"0p338_0p961_0p333_0","t":0,"s":[404.612,546.388,0],"e":[404.612,492.388,0],"to":[0,0,0],"ti":[0,0,0]},{"i":{"x":0.393,"y":0.99},"o":{"x":0.333,"y":0},"n":"0p393_0p99_0p333_0","t":24,"s":[404.612,492.388,0],"e":[404.612,769.388,0],"to":[0,0,0],"ti":[0,0,0]},{"t":57}],"ix":2},"a":{"a":0,"k":[0.612,86.388,0],"ix":1},"s":{"a":0,"k":[100,100,100],"ix":6}},"ao":0,"shapes":[{"ty":"gr","it":[{"ind":0,"ty":"sh","ix":1,"ks":{"a":1,"k":[{"i":{"x":0.374,"y":1},"o":{"x":0.333,"y":0},"n":"0p374_1_0p333_0","t":0,"s":[{"i":[[0,0],[0,0]],"o":[[0,0],[0,0]],"v":[[-176.777,86.388],[178,86.388]],"c":false}],"e":[{"i":[[0,0],[0,0]],"o":[[0,0],[0,0]],"v":[[-200.777,86.388],[202,86.388]],"c":false}]},{"i":{"x":0.423,"y":1},"o":{"x":0.333,"y":0},"n":"0p423_1_0p333_0","t":24,"s":[{"i":[[0,0],[0,0]],"o":[[0,0],[0,0]],"v":[[-200.777,86.388],[202,86.388]],"c":false}],"e":[{"i":[[0,0],[0,0]],"o":[[0,0],[0,0]],"v":[[-68.27,86.388],[69.493,86.388]],"c":false}]},{"t":57}],"ix":2},"nm":"Path 1","mn":"ADBE Vector Shape - Group","hd":false},{"ty":"st","c":{"a":0,"k":[0,0,0,1],"ix":3},"o":{"a":0,"k":100,"ix":4},"w":{"a":0,"k":50,"ix":5},"lc":2,"lj":2,"nm":"Stroke 1","mn":"ADBE Vector Graphic - Stroke","hd":false},{"ty":"tr","p":{"a":0,"k":[0,0],"ix":2},"a":{"a":0,"k":[0,0],"ix":1},"s":{"a":0,"k":[100,100],"ix":3},"r":{"a":0,"k":0,"ix":6},"o":{"a":0,"k":100,"ix":7},"sk":{"a":0,"k":0,"ix":4},"sa":{"a":0,"k":0,"ix":5},"nm":"Transform"}],"nm":"Group 1","np":2,"cix":2,"ix":1,"mn":"ADBE Vector Group","hd":false}],"ip":0,"op":44,"st":8,"bm":0},{"ddd":0,"ind":5,"ty":4,"nm":"Слой 11","sr":1,"ks":{"o":{"a":0,"k":100,"ix":11},"r":{"a":0,"k":0,"ix":10},"p":{"a":1,"k":[{"i":{"x":0.338,"y":0.961},"o":{"x":0.333,"y":0},"n":"0p338_0p961_0p333_0","t":2,"s":[404.612,395,0],"e":[404.612,341,0],"to":[0,0,0],"ti":[0,0,0]},{"i":{"x":0.393,"y":0.994},"o":{"x":0.333,"y":0},"n":"0p393_0p994_0p333_0","t":26,"s":[404.612,341,0],"e":[404.612,769,0],"to":[0,0,0],"ti":[0,0,0]},{"t":59}],"ix":2},"a":{"a":0,"k":[0.612,-65,0],"ix":1},"s":{"a":0,"k":[100,100,100],"ix":6}},"ao":0,"shapes":[{"ty":"gr","it":[{"ind":0,"ty":"sh","ix":1,"ks":{"a":1,"k":[{"i":{"x":0.374,"y":1},"o":{"x":0.333,"y":0},"n":"0p374_1_0p333_0","t":2,"s":[{"i":[[0,0],[0,0]],"o":[[0,0],[0,0]],"v":[[-176.777,-65],[178,-65]],"c":false}],"e":[{"i":[[0,0],[0,0]],"o":[[0,0],[0,0]],"v":[[-200.777,-65],[202,-65]],"c":false}]},{"i":{"x":0.423,"y":1},"o":{"x":0.333,"y":0},"n":"0p423_1_0p333_0","t":26,"s":[{"i":[[0,0],[0,0]],"o":[[0,0],[0,0]],"v":[[-200.777,-65],[202,-65]],"c":false}],"e":[{"i":[[0,0],[0,0]],"o":[[0,0],[0,0]],"v":[[-72.777,-65],[74,-65]],"c":false}]},{"t":59}],"ix":2},"nm":"Path 1","mn":"ADBE Vector Shape - Group","hd":false},{"ty":"st","c":{"a":0,"k":[0,0,0,1],"ix":3},"o":{"a":0,"k":100,"ix":4},"w":{"a":0,"k":50,"ix":5},"lc":2,"lj":2,"nm":"Stroke 1","mn":"ADBE Vector Graphic - Stroke","hd":false},{"ty":"tr","p":{"a":0,"k":[0,0],"ix":2},"a":{"a":0,"k":[0,0],"ix":1},"s":{"a":0,"k":[100,100],"ix":3},"r":{"a":0,"k":0,"ix":6},"o":{"a":0,"k":100,"ix":7},"sk":{"a":0,"k":0,"ix":4},"sa":{"a":0,"k":0,"ix":5},"nm":"Transform"}],"nm":"Group 1","np":2,"cix":2,"ix":1,"mn":"ADBE Vector Group","hd":false}],"ip":0,"op":47,"st":8,"bm":0},{"ddd":0,"ind":6,"ty":4,"nm":"Слой 10","sr":1,"ks":{"o":{"a":0,"k":100,"ix":11},"r":{"a":0,"k":0,"ix":10},"p":{"a":0,"k":[404,460,0],"ix":2},"a":{"a":0,"k":[0,0,0],"ix":1},"s":{"a":0,"k":[100,100,100],"ix":6}},"ao":0,"shapes":[{"ty":"gr","it":[{"ind":0,"ty":"sh","ix":1,"ks":{"a":0,"k":{"i":[[-52.836,-54.329],[0,0],[0,0],[0,165.652],[0,0],[165.652,0],[0,0],[0,-165.652],[0,0]],"o":[[0,0],[0,0],[165.652,0],[0,0],[0,-165.652],[0,0],[-165.652,0],[0,0],[0,81.304]],"v":[[-278.514,218.497],[-352,310],[85.815,310],[387,8.815],[387,-0.799],[85.815,-301.985],[-68.815,-301.985],[-370,-0.799],[-370,8.815]],"c":true},"ix":2},"nm":"Path 1","mn":"ADBE Vector Shape - Group","hd":false},{"ty":"st","c":{"a":0,"k":[0,0,0,1],"ix":3},"o":{"a":0,"k":100,"ix":4},"w":{"a":0,"k":50,"ix":5},"lc":2,"lj":2,"nm":"Stroke 1","mn":"ADBE Vector Graphic - Stroke","hd":false},{"ty":"tr","p":{"a":0,"k":[0,0],"ix":2},"a":{"a":0,"k":[0,0],"ix":1},"s":{"a":0,"k":[100,100],"ix":3},"r":{"a":0,"k":0,"ix":6},"o":{"a":0,"k":100,"ix":7},"sk":{"a":0,"k":0,"ix":4},"sa":{"a":0,"k":0,"ix":5},"nm":"Transform"}],"nm":"Group 1","np":2,"cix":2,"ix":1,"mn":"ADBE Vector Group","hd":false}],"ip":0,"op":125,"st":8,"bm":0}],"markers":[]}