{"v":"5.7.14","fr":30,"ip":0,"op":26,"w":576,"h":576,"nm":"Student Notes","ddd":0,"assets":[],"layers":[{"ddd":0,"ind":1,"ty":4,"nm":"Layer 7","sr":1,"ks":{"o":{"a":0,"k":100},"r":{"a":1,"k":[{"i":{"x":[0.27],"y":[1]},"o":{"x":[0.333],"y":[0]},"t":0,"s":[0]},{"i":{"x":[0.667],"y":[1]},"o":{"x":[0.75],"y":[0]},"t":10,"s":[31]},{"t":20,"s":[0]}]},"p":{"a":1,"k":[{"i":{"x":0.27,"y":1},"o":{"x":0.333,"y":0},"t":0,"s":[318.642,390.457,0],"to":[0,6.333,0],"ti":[0,0,0]},{"i":{"x":0.667,"y":1},"o":{"x":0.75,"y":0},"t":10,"s":[318.642,428.457,0],"to":[0,0,0],"ti":[0,6.333,0]},{"t":20,"s":[318.642,390.457,0]}]},"a":{"a":0,"k":[318.642,390.457,0]},"s":{"a":0,"k":[100,100,100]}},"ao":0,"shapes":[{"ty":"gr","it":[{"ind":0,"ty":"sh","ks":{"a":0,"k":{"i":[[0,0],[0,0],[0,0]],"o":[[0,0],[0,0],[0,0]],"v":[[-41.698,47.271],[18.765,-47.271],[41.698,-32.604]],"c":false}},"nm":"Path 1","hd":false},{"ty":"st","c":{"a":0,"k":[1,0.337254911661,0.250980407,1]},"o":{"a":0,"k":100},"w":{"a":0,"k":17.5},"lc":2,"lj":2,"bm":0,"nm":"Stroke 1","hd":false},{"ty":"tr","p":{"a":0,"k":[389.189,213.608]},"a":{"a":0,"k":[0,0]},"s":{"a":0,"k":[100,100]},"r":{"a":0,"k":0},"o":{"a":0,"k":100},"sk":{"a":0,"k":0},"sa":{"a":0,"k":0},"nm":"Transform"}],"nm":"Group 1","bm":0,"hd":false},{"ty":"gr","it":[{"ind":0,"ty":"sh","ks":{"a":0,"k":{"i":[[0,0],[0,0],[0,0],[0,0],[-9.305,-5.951],[0,0],[5.951,-9.305]],"o":[[0,0],[0,0],[0,0],[5.951,-9.305],[0,0],[9.305,5.951],[0,0]],"v":[[-42.122,98.937],[-73.788,111.329],[-75.82,77.386],[38.969,-102.102],[66.593,-108.176],[66.593,-108.176],[72.667,-80.551]],"c":true}},"nm":"Path 1","hd":false},{"ty":"st","c":{"a":0,"k":[1,0.337254911661,0.250980407,1]},"o":{"a":0,"k":100},"w":{"a":0,"k":17.5},"lc":2,"lj":2,"bm":0,"nm":"Stroke 1","hd":false},{"ty":"tr","p":{"a":0,"k":[394.462,279.128]},"a":{"a":0,"k":[0,0]},"s":{"a":0,"k":[100,100]},"r":{"a":0,"k":0},"o":{"a":0,"k":100},"sk":{"a":0,"k":0},"sa":{"a":0,"k":0},"nm":"Transform"}],"nm":"Group 2","bm":0,"hd":false}],"ip":0,"op":90,"st":0,"bm":0},{"ddd":0,"ind":2,"ty":4,"nm":"Layer 11","sr":1,"ks":{"o":{"a":0,"k":100},"r":{"a":0,"k":0},"p":{"a":0,"k":[202.078,368.327,0]},"a":{"a":0,"k":[0,0,0]},"s":{"a":0,"k":[100,100,100]}},"ao":0,"shapes":[{"ty":"gr","it":[{"ind":0,"ty":"sh","ks":{"a":0,"k":{"i":[[0,0],[0,0]],"o":[[0,0],[0,0]],"v":[[-41.482,0],[41.482,0]],"c":false}},"nm":"Path 1","hd":false},{"ty":"st","c":{"a":0,"k":[0.031372550875,0.031372550875,0.031372550875,1]},"o":{"a":0,"k":100},"w":{"a":0,"k":17.5},"lc":2,"lj":2,"bm":0,"nm":"Stroke 1","hd":false},{"ty":"tr","p":{"a":0,"k":[0,0]},"a":{"a":0,"k":[0,0]},"s":{"a":0,"k":[100,100]},"r":{"a":0,"k":0},"o":{"a":0,"k":100},"sk":{"a":0,"k":0},"sa":{"a":0,"k":0},"nm":"Transform"}],"nm":"Group 1","bm":0,"hd":false},{"ty":"tm","s":{"a":0,"k":0},"e":{"a":1,"k":[{"i":{"x":[0.5],"y":[1]},"o":{"x":[0.167],"y":[0.167]},"t":14,"s":[0]},{"t":24,"s":[100]}]},"o":{"a":0,"k":0},"m":1,"nm":"Trim In Path","hd":false}],"ip":8,"op":98,"st":8,"bm":0},{"ddd":0,"ind":3,"ty":4,"nm":"Layer 10","sr":1,"ks":{"o":{"a":0,"k":100},"r":{"a":0,"k":0},"p":{"a":0,"k":[201.059,314.624,0]},"a":{"a":0,"k":[0,0,0]},"s":{"a":0,"k":[100,100,100]}},"ao":0,"shapes":[{"ty":"gr","it":[{"ind":0,"ty":"sh","ks":{"a":0,"k":{"i":[[0,0],[0,0]],"o":[[0,0],[0,0]],"v":[[-41.482,0],[41.482,0]],"c":false}},"nm":"Path 1","hd":false},{"ty":"st","c":{"a":0,"k":[0.031372550875,0.031372550875,0.031372550875,1]},"o":{"a":0,"k":100},"w":{"a":0,"k":17.5},"lc":2,"lj":2,"bm":0,"nm":"Stroke 1","hd":false},{"ty":"tr","p":{"a":0,"k":[0,0]},"a":{"a":0,"k":[0,0]},"s":{"a":0,"k":[100,100]},"r":{"a":0,"k":0},"o":{"a":0,"k":100},"sk":{"a":0,"k":0},"sa":{"a":0,"k":0},"nm":"Transform"}],"nm":"Group 1","bm":0,"hd":false},{"ty":"tm","s":{"a":0,"k":0},"e":{"a":1,"k":[{"i":{"x":[0.5],"y":[1]},"o":{"x":[0.167],"y":[0.167]},"t":12,"s":[0]},{"t":22,"s":[100]}]},"o":{"a":0,"k":0},"m":1,"nm":"Trim In Path","hd":false}],"ip":8,"op":98,"st":8,"bm":0},{"ddd":0,"ind":4,"ty":4,"nm":"Layer 9","sr":1,"ks":{"o":{"a":0,"k":100},"r":{"a":0,"k":0},"p":{"a":0,"k":[225.041,260.92,0]},"a":{"a":0,"k":[0,0,0]},"s":{"a":0,"k":[100,100,100]}},"ao":0,"shapes":[{"ty":"gr","it":[{"ind":0,"ty":"sh","ks":{"a":0,"k":{"i":[[0,0],[0,0]],"o":[[0,0],[0,0]],"v":[[-66.482,0],[66.482,0]],"c":false}},"nm":"Path 1","hd":false},{"ty":"st","c":{"a":0,"k":[0.031372550875,0.031372550875,0.031372550875,1]},"o":{"a":0,"k":100},"w":{"a":0,"k":17.5},"lc":2,"lj":2,"bm":0,"nm":"Stroke 1","hd":false},{"ty":"tr","p":{"a":0,"k":[0,0]},"a":{"a":0,"k":[0,0]},"s":{"a":0,"k":[100,100]},"r":{"a":0,"k":0},"o":{"a":0,"k":100},"sk":{"a":0,"k":0},"sa":{"a":0,"k":0},"nm":"Transform"}],"nm":"Group 1","bm":0,"hd":false},{"ty":"tm","s":{"a":0,"k":0},"e":{"a":1,"k":[{"i":{"x":[0.5],"y":[1]},"o":{"x":[0.167],"y":[0.167]},"t":10,"s":[0]},{"t":20,"s":[100]}]},"o":{"a":0,"k":0},"m":1,"nm":"Trim In Path","hd":false}],"ip":8,"op":98,"st":8,"bm":0},{"ddd":0,"ind":5,"ty":4,"nm":"Layer 8","sr":1,"ks":{"o":{"a":0,"k":100},"r":{"a":0,"k":0},"p":{"a":0,"k":[236.522,207.216,0]},"a":{"a":0,"k":[0,0,0]},"s":{"a":0,"k":[100,100,100]}},"ao":0,"shapes":[{"ty":"gr","it":[{"ind":0,"ty":"sh","ks":{"a":0,"k":{"i":[[0,0],[0,0]],"o":[[0,0],[0,0]],"v":[[-78.982,0],[78.982,0]],"c":false}},"nm":"Path 1","hd":false},{"ty":"st","c":{"a":0,"k":[0.031372550875,0.031372550875,0.031372550875,1]},"o":{"a":0,"k":100},"w":{"a":0,"k":17.5},"lc":2,"lj":2,"bm":0,"nm":"Stroke 1","hd":false},{"ty":"tr","p":{"a":0,"k":[0,0]},"a":{"a":0,"k":[0,0]},"s":{"a":0,"k":[100,100]},"r":{"a":0,"k":0},"o":{"a":0,"k":100},"sk":{"a":0,"k":0},"sa":{"a":0,"k":0},"nm":"Transform"}],"nm":"Group 1","bm":0,"hd":false},{"ty":"tm","s":{"a":0,"k":0},"e":{"a":1,"k":[{"i":{"x":[0.5],"y":[1]},"o":{"x":[0.167],"y":[0.167]},"t":8,"s":[0]},{"t":18,"s":[100]}]},"o":{"a":0,"k":0},"m":1,"nm":"Trim In Path","hd":false}],"ip":8,"op":98,"st":8,"bm":0},{"ddd":0,"ind":6,"ty":4,"nm":"Layer 6","sr":1,"ks":{"o":{"a":0,"k":100},"r":{"a":0,"k":0},"p":{"a":0,"k":[202.078,368.327,0]},"a":{"a":0,"k":[0,0,0]},"s":{"a":0,"k":[100,100,100]}},"ao":0,"shapes":[{"ty":"gr","it":[{"ind":0,"ty":"sh","ks":{"a":0,"k":{"i":[[0,0],[0,0]],"o":[[0,0],[0,0]],"v":[[-41.482,0],[41.482,0]],"c":false}},"nm":"Path 1","hd":false},{"ty":"st","c":{"a":0,"k":[0.031372550875,0.031372550875,0.031372550875,1]},"o":{"a":0,"k":100},"w":{"a":0,"k":17.5},"lc":2,"lj":2,"bm":0,"nm":"Stroke 1","hd":false},{"ty":"tr","p":{"a":0,"k":[0,0]},"a":{"a":0,"k":[0,0]},"s":{"a":0,"k":[100,100]},"r":{"a":0,"k":0},"o":{"a":0,"k":100},"sk":{"a":0,"k":0},"sa":{"a":0,"k":0},"nm":"Transform"}],"nm":"Group 1","bm":0,"hd":false},{"ty":"tm","s":{"a":0,"k":100},"e":{"a":1,"k":[{"i":{"x":[0.833],"y":[0.833]},"o":{"x":[0.5],"y":[0]},"t":6,"s":[0]},{"t":16,"s":[100]}]},"o":{"a":0,"k":0},"m":1,"nm":"Trim Out Path","hd":false}],"ip":0,"op":90,"st":0,"bm":0},{"ddd":0,"ind":7,"ty":4,"nm":"Layer 5","sr":1,"ks":{"o":{"a":0,"k":100},"r":{"a":0,"k":0},"p":{"a":0,"k":[201.059,314.624,0]},"a":{"a":0,"k":[0,0,0]},"s":{"a":0,"k":[100,100,100]}},"ao":0,"shapes":[{"ty":"gr","it":[{"ind":0,"ty":"sh","ks":{"a":0,"k":{"i":[[0,0],[0,0]],"o":[[0,0],[0,0]],"v":[[-41.482,0],[41.482,0]],"c":false}},"nm":"Path 1","hd":false},{"ty":"st","c":{"a":0,"k":[0.031372550875,0.031372550875,0.031372550875,1]},"o":{"a":0,"k":100},"w":{"a":0,"k":17.5},"lc":2,"lj":2,"bm":0,"nm":"Stroke 1","hd":false},{"ty":"tr","p":{"a":0,"k":[0,0]},"a":{"a":0,"k":[0,0]},"s":{"a":0,"k":[100,100]},"r":{"a":0,"k":0},"o":{"a":0,"k":100},"sk":{"a":0,"k":0},"sa":{"a":0,"k":0},"nm":"Transform"}],"nm":"Group 1","bm":0,"hd":false},{"ty":"tm","s":{"a":0,"k":100},"e":{"a":1,"k":[{"i":{"x":[0.833],"y":[0.833]},"o":{"x":[0.5],"y":[0]},"t":4,"s":[0]},{"t":14,"s":[100]}]},"o":{"a":0,"k":0},"m":1,"nm":"Trim Out Path","hd":false}],"ip":0,"op":90,"st":0,"bm":0},{"ddd":0,"ind":8,"ty":4,"nm":"Layer 4","sr":1,"ks":{"o":{"a":0,"k":100},"r":{"a":0,"k":0},"p":{"a":0,"k":[225.041,260.92,0]},"a":{"a":0,"k":[0,0,0]},"s":{"a":0,"k":[100,100,100]}},"ao":0,"shapes":[{"ty":"gr","it":[{"ind":0,"ty":"sh","ks":{"a":0,"k":{"i":[[0,0],[0,0]],"o":[[0,0],[0,0]],"v":[[-66.482,0],[66.482,0]],"c":false}},"nm":"Path 1","hd":false},{"ty":"st","c":{"a":0,"k":[0.031372550875,0.031372550875,0.031372550875,1]},"o":{"a":0,"k":100},"w":{"a":0,"k":17.5},"lc":2,"lj":2,"bm":0,"nm":"Stroke 1","hd":false},{"ty":"tr","p":{"a":0,"k":[0,0]},"a":{"a":0,"k":[0,0]},"s":{"a":0,"k":[100,100]},"r":{"a":0,"k":0},"o":{"a":0,"k":100},"sk":{"a":0,"k":0},"sa":{"a":0,"k":0},"nm":"Transform"}],"nm":"Group 1","bm":0,"hd":false},{"ty":"tm","s":{"a":0,"k":100},"e":{"a":1,"k":[{"i":{"x":[0.833],"y":[0.833]},"o":{"x":[0.5],"y":[0]},"t":2,"s":[0]},{"t":12,"s":[100]}]},"o":{"a":0,"k":0},"m":1,"nm":"Trim Out Path","hd":false}],"ip":0,"op":90,"st":0,"bm":0},{"ddd":0,"ind":9,"ty":4,"nm":"Layer 3","sr":1,"ks":{"o":{"a":0,"k":100},"r":{"a":0,"k":0},"p":{"a":0,"k":[236.522,207.216,0]},"a":{"a":0,"k":[0,0,0]},"s":{"a":0,"k":[100,100,100]}},"ao":0,"shapes":[{"ty":"gr","it":[{"ind":0,"ty":"sh","ks":{"a":0,"k":{"i":[[0,0],[0,0]],"o":[[0,0],[0,0]],"v":[[-78.982,0],[78.982,0]],"c":false}},"nm":"Path 1","hd":false},{"ty":"st","c":{"a":0,"k":[0.031372550875,0.031372550875,0.031372550875,1]},"o":{"a":0,"k":100},"w":{"a":0,"k":17.5},"lc":2,"lj":2,"bm":0,"nm":"Stroke 1","hd":false},{"ty":"tr","p":{"a":0,"k":[0,0]},"a":{"a":0,"k":[0,0]},"s":{"a":0,"k":[100,100]},"r":{"a":0,"k":0},"o":{"a":0,"k":100},"sk":{"a":0,"k":0},"sa":{"a":0,"k":0},"nm":"Transform"}],"nm":"Group 1","bm":0,"hd":false},{"ty":"tm","s":{"a":0,"k":100},"e":{"a":1,"k":[{"i":{"x":[0.833],"y":[0.833]},"o":{"x":[0.5],"y":[0]},"t":0,"s":[0]},{"t":10,"s":[100]}]},"o":{"a":0,"k":0},"m":1,"nm":"Trim Out Path","hd":false}],"ip":0,"op":90,"st":0,"bm":0},{"ddd":0,"ind":10,"ty":4,"nm":"Layer 2","sr":1,"ks":{"o":{"a":0,"k":100},"r":{"a":0,"k":0},"p":{"a":0,"k":[238.721,287.735,0]},"a":{"a":0,"k":[0,0,0]},"s":{"a":0,"k":[100,100,100]}},"ao":0,"shapes":[{"ty":"gr","it":[{"ind":0,"ty":"sh","ks":{"a":1,"k":[{"i":{"x":0.27,"y":1},"o":{"x":0.333,"y":0},"t":0,"s":[{"i":[[0,0],[0,0],[0,-13.807],[0,0],[-13.836,0.04],[0,0],[0,13.779],[0,0]],"o":[[0,0],[-13.807,0],[0,0],[0,13.836],[0,0],[13.779,-0.04],[0,0],[0,0]],"v":[[32.778,-180.786],[-107.392,-180.786],[-132.392,-155.786],[-132.392,155.786],[-107.319,180.786],[107.465,180.16],[132.392,155.16],[132.392,60.975]],"c":false}]},{"i":{"x":0.667,"y":1},"o":{"x":0.75,"y":0},"t":10,"s":[{"i":[[0,0],[0,0],[0,-13.807],[0,0],[-13.836,0.04],[0,0],[0,13.779],[0,0]],"o":[[0,0],[-13.807,0],[0,0],[0,13.836],[0,0],[13.779,-0.04],[0,0],[0,0]],"v":[[32.778,-180.786],[-107.392,-180.786],[-132.392,-155.786],[-132.392,155.786],[-107.319,180.786],[107.465,180.16],[132.392,155.16],[132.505,143.475]],"c":false}]},{"t":20,"s":[{"i":[[0,0],[0,0],[0,-13.807],[0,0],[-13.836,0.04],[0,0],[0,13.779],[0,0]],"o":[[0,0],[-13.807,0],[0,0],[0,13.836],[0,0],[13.779,-0.04],[0,0],[0,0]],"v":[[32.778,-180.786],[-107.392,-180.786],[-132.392,-155.786],[-132.392,155.786],[-107.319,180.786],[107.465,180.16],[132.392,155.16],[132.392,60.975]],"c":false}]}]},"nm":"Path 1","hd":false},{"ty":"st","c":{"a":0,"k":[0.031372550875,0.031372550875,0.031372550875,1]},"o":{"a":0,"k":100},"w":{"a":0,"k":17.5},"lc":2,"lj":2,"bm":0,"nm":"Stroke 1","hd":false},{"ty":"tr","p":{"a":0,"k":[0,0]},"a":{"a":0,"k":[0,0]},"s":{"a":0,"k":[100,100]},"r":{"a":0,"k":0},"o":{"a":0,"k":100},"sk":{"a":0,"k":0},"sa":{"a":0,"k":0},"nm":"Transform"}],"nm":"Group 1","bm":0,"hd":false}],"ip":0,"op":90,"st":0,"bm":0},{"ddd":0,"ind":11,"ty":4,"nm":"Layer 1","sr":1,"ks":{"o":{"a":0,"k":100},"r":{"a":0,"k":0},"p":{"a":0,"k":[350.056,165.445,0]},"a":{"a":0,"k":[0,0,0]},"s":{"a":0,"k":[100,100,100]}},"ao":0,"shapes":[{"ty":"gr","it":[{"ind":0,"ty":"sh","ks":{"a":1,"k":[{"i":{"x":0.27,"y":1},"o":{"x":0.333,"y":0},"t":0,"s":[{"i":[[0,0],[0,0],[13.807,0],[0,0]],"o":[[0,0],[0,-13.807],[0,0],[0,0]],"v":[[21.057,58.496],[21.057,-33.496],[-3.943,-58.496],[-21.057,-58.496]],"c":false}]},{"i":{"x":0.667,"y":1},"o":{"x":0.75,"y":0},"t":10,"s":[{"i":[[0,0],[0,0],[13.807,0],[0,0]],"o":[[0,0],[0,-13.807],[0,0],[0,0]],"v":[[21.17,214.496],[21.057,-33.496],[-3.943,-58.496],[-21.057,-58.496]],"c":false}]},{"t":20,"s":[{"i":[[0,0],[0,0],[13.807,0],[0,0]],"o":[[0,0],[0,-13.807],[0,0],[0,0]],"v":[[21.057,58.496],[21.057,-33.496],[-3.943,-58.496],[-21.057,-58.496]],"c":false}]}]},"nm":"Path 1","hd":false},{"ty":"st","c":{"a":0,"k":[0.031372550875,0.031372550875,0.031372550875,1]},"o":{"a":0,"k":100},"w":{"a":0,"k":17.5},"lc":2,"lj":2,"bm":0,"nm":"Stroke 1","hd":false},{"ty":"tr","p":{"a":0,"k":[0,0]},"a":{"a":0,"k":[0,0]},"s":{"a":0,"k":[100,100]},"r":{"a":0,"k":0},"o":{"a":0,"k":100},"sk":{"a":0,"k":0},"sa":{"a":0,"k":0},"nm":"Transform"}],"nm":"Group 1","bm":0,"hd":false}],"ip":0,"op":90,"st":0,"bm":0}],"markers":[]}