{"v":"5.7.14","fr":30,"ip":0,"op":46,"w":576,"h":576,"nm":"Handshake","ddd":0,"assets":[],"layers":[{"ddd":0,"ind":1,"ty":4,"nm":"Layer 12","parent":10,"sr":1,"ks":{"o":{"a":0,"k":100},"r":{"a":0,"k":0},"p":{"a":0,"k":[-29.866,116.597,0]},"a":{"a":0,"k":[0,0,0]},"s":{"a":0,"k":[100,100,100]}},"ao":0,"shapes":[{"ty":"gr","it":[{"ind":0,"ty":"sh","ks":{"a":0,"k":{"i":[[0,0],[0,0],[-7.317,-5.682],[0,0],[-5.682,7.317],[0,0],[7.317,5.682],[0,0],[8.069,-4.168]],"o":[[0,0],[-5.682,7.317],[0,0],[7.317,5.682],[0,0],[5.682,-7.317],[0,0],[-7.195,-5.542],[0,0]],"v":[[-3.702,-27.793],[-26.951,1.459],[-23.992,24.996],[-19.371,28.585],[4.166,25.625],[26.951,-3.713],[23.992,-27.25],[23.992,-27.25],[-1.025,-29.502]],"c":true}},"nm":"Path 1","hd":false},{"ty":"st","c":{"a":0,"k":[0,0,0]},"o":{"a":0,"k":100},"w":{"a":0,"k":15},"lc":2,"lj":1,"ml":10,"bm":0,"nm":"Stroke 1","hd":false},{"ty":"tr","p":{"a":0,"k":[0,0]},"a":{"a":0,"k":[0,0]},"s":{"a":0,"k":[100,100]},"r":{"a":0,"k":0},"o":{"a":0,"k":100},"sk":{"a":0,"k":0},"sa":{"a":0,"k":0},"nm":"Transform"}],"nm":"Group 1","bm":0,"hd":false},{"ty":"tm","s":{"a":0,"k":0},"e":{"a":1,"k":[{"i":{"x":[0.667],"y":[1]},"o":{"x":[0.167],"y":[0.167]},"t":12,"s":[0]},{"t":22,"s":[100]}]},"o":{"a":0,"k":0},"m":1,"nm":"Trim Paths 1","hd":false}],"ip":6,"op":53,"st":6,"bm":0},{"ddd":0,"ind":2,"ty":4,"nm":"Layer 11","parent":10,"sr":1,"ks":{"o":{"a":0,"k":100},"r":{"a":0,"k":0},"p":{"a":0,"k":[-60.413,91.251,0]},"a":{"a":0,"k":[0,0,0]},"s":{"a":0,"k":[100,100,100]}},"ao":0,"shapes":[{"ty":"gr","it":[{"ind":0,"ty":"sh","ks":{"a":0,"k":{"i":[[8.112,6.3],[0,0],[-6.3,8.112],[0,0],[-8.112,-6.3],[0,0],[6.3,-8.112],[0,0]],"o":[[0,0],[-8.112,-6.3],[0,0],[6.3,-8.112],[0,0],[8.112,6.3],[0,0],[-6.3,8.112]],"v":[[-26.456,35.862],[-28.196,34.51],[-31.477,8.414],[0.36,-32.581],[26.456,-35.862],[28.196,-34.51],[31.477,-8.414],[-0.36,32.581]],"c":true}},"nm":"Path 1","hd":false},{"ty":"st","c":{"a":0,"k":[0,0,0]},"o":{"a":0,"k":100},"w":{"a":0,"k":15},"lc":2,"lj":1,"ml":10,"bm":0,"nm":"Stroke 1","hd":false},{"ty":"tr","p":{"a":0,"k":[0,0]},"a":{"a":0,"k":[0,0]},"s":{"a":0,"k":[100,100]},"r":{"a":0,"k":0},"o":{"a":0,"k":100},"sk":{"a":0,"k":0},"sa":{"a":0,"k":0},"nm":"Transform"}],"nm":"Group 1","bm":0,"hd":false},{"ty":"tm","s":{"a":0,"k":0},"e":{"a":1,"k":[{"i":{"x":[0.667],"y":[1]},"o":{"x":[0.167],"y":[0.167]},"t":10,"s":[0]},{"t":20,"s":[100]}]},"o":{"a":0,"k":0},"m":1,"nm":"Trim Paths 1","hd":false}],"ip":6,"op":53,"st":6,"bm":0},{"ddd":0,"ind":3,"ty":4,"nm":"Layer 10","parent":10,"sr":1,"ks":{"o":{"a":0,"k":100},"r":{"a":0,"k":0},"p":{"a":0,"k":[-88.019,61.944,0]},"a":{"a":0,"k":[0,0,0]},"s":{"a":0,"k":[100,100,100]}},"ao":0,"shapes":[{"ty":"gr","it":[{"ind":0,"ty":"sh","ks":{"a":0,"k":{"i":[[8.593,6.673],[0,0],[-6.673,8.593],[0,0],[-8.593,-6.673],[0,0],[6.673,-8.593],[0,0]],"o":[[0,0],[-8.593,-6.673],[0,0],[6.673,-8.593],[0,0],[8.593,6.673],[0,0],[-6.673,8.593]],"v":[[-30.874,39.754],[-30.874,39.754],[-34.349,12.112],[3.232,-36.279],[30.874,-39.754],[30.874,-39.754],[34.349,-12.112],[-3.232,36.279]],"c":true}},"nm":"Path 1","hd":false},{"ty":"st","c":{"a":0,"k":[0,0,0]},"o":{"a":0,"k":100},"w":{"a":0,"k":15},"lc":2,"lj":1,"ml":10,"bm":0,"nm":"Stroke 1","hd":false},{"ty":"tr","p":{"a":0,"k":[0,0]},"a":{"a":0,"k":[0,0]},"s":{"a":0,"k":[100,100]},"r":{"a":0,"k":0},"o":{"a":0,"k":100},"sk":{"a":0,"k":0},"sa":{"a":0,"k":0},"nm":"Transform"}],"nm":"Group 1","bm":0,"hd":false},{"ty":"tm","s":{"a":0,"k":0},"e":{"a":1,"k":[{"i":{"x":[0.667],"y":[1]},"o":{"x":[0.167],"y":[0.167]},"t":8,"s":[0]},{"t":18,"s":[100]}]},"o":{"a":0,"k":0},"m":1,"nm":"Trim Paths 1","hd":false}],"ip":6,"op":53,"st":6,"bm":0},{"ddd":0,"ind":4,"ty":4,"nm":"Layer 9","parent":10,"sr":1,"ks":{"o":{"a":0,"k":100},"r":{"a":0,"k":0},"p":{"a":0,"k":[-126.185,46.241,0]},"a":{"a":0,"k":[0,0,0]},"s":{"a":0,"k":[100,100,100]}},"ao":0,"shapes":[{"ty":"gr","it":[{"ind":0,"ty":"sh","ks":{"a":0,"k":{"i":[[8.593,6.673],[0,0],[-6.673,8.593],[0,0],[-8.593,-6.673],[0,0],[6.673,-8.593],[0,0]],"o":[[0,0],[-8.593,-6.673],[0,0],[6.673,-8.593],[0,0],[8.593,6.673],[0,0],[-6.673,8.593]],"v":[[-20.654,26.594],[-20.654,26.594],[-24.129,-1.047],[-6.988,-23.119],[20.654,-26.594],[20.654,-26.594],[24.129,1.047],[6.988,23.119]],"c":true}},"nm":"Path 1","hd":false},{"ty":"st","c":{"a":0,"k":[0,0,0]},"o":{"a":0,"k":100},"w":{"a":0,"k":15},"lc":2,"lj":1,"ml":10,"bm":0,"nm":"Stroke 1","hd":false},{"ty":"tr","p":{"a":0,"k":[0,0]},"a":{"a":0,"k":[0,0]},"s":{"a":0,"k":[100,100]},"r":{"a":0,"k":0},"o":{"a":0,"k":100},"sk":{"a":0,"k":0},"sa":{"a":0,"k":0},"nm":"Transform"}],"nm":"Group 1","bm":0,"hd":false},{"ty":"tm","s":{"a":0,"k":0},"e":{"a":1,"k":[{"i":{"x":[0.667],"y":[1]},"o":{"x":[0.167],"y":[0.167]},"t":6,"s":[0]},{"t":16,"s":[100]}]},"o":{"a":0,"k":0},"m":1,"nm":"Trim Paths 1","hd":false}],"ip":6,"op":53,"st":6,"bm":0},{"ddd":0,"ind":5,"ty":4,"nm":"Layer 8","parent":10,"sr":1,"ks":{"o":{"a":0,"k":100},"r":{"a":0,"k":0},"p":{"a":0,"k":[-29.866,116.597,0]},"a":{"a":0,"k":[0,0,0]},"s":{"a":0,"k":[100,100,100]}},"ao":0,"shapes":[{"ty":"gr","it":[{"ind":0,"ty":"sh","ks":{"a":0,"k":{"i":[[0,0],[0,0],[-7.317,-5.682],[0,0],[-5.682,7.317],[0,0],[7.317,5.682],[0,0],[8.069,-4.168]],"o":[[0,0],[-5.682,7.317],[0,0],[7.317,5.682],[0,0],[5.682,-7.317],[0,0],[-7.195,-5.542],[0,0]],"v":[[-3.702,-27.793],[-26.951,1.459],[-23.992,24.996],[-19.371,28.585],[4.166,25.625],[26.951,-3.713],[23.992,-27.25],[23.992,-27.25],[-1.025,-29.502]],"c":true}},"nm":"Path 1","hd":false},{"ty":"st","c":{"a":0,"k":[0,0,0]},"o":{"a":0,"k":100},"w":{"a":0,"k":15},"lc":2,"lj":1,"ml":10,"bm":0,"nm":"Stroke 1","hd":false},{"ty":"tr","p":{"a":0,"k":[0,0]},"a":{"a":0,"k":[0,0]},"s":{"a":0,"k":[100,100]},"r":{"a":0,"k":0},"o":{"a":0,"k":100},"sk":{"a":0,"k":0},"sa":{"a":0,"k":0},"nm":"Transform"}],"nm":"Group 1","bm":0,"hd":false},{"ty":"tm","s":{"a":1,"k":[{"i":{"x":[0.833],"y":[0.833]},"o":{"x":[0.333],"y":[0]},"t":6,"s":[0]},{"t":16,"s":[100]}]},"e":{"a":0,"k":100},"o":{"a":0,"k":0},"m":1,"nm":"Trim Paths 1","hd":false}],"ip":0,"op":47,"st":0,"bm":0},{"ddd":0,"ind":6,"ty":4,"nm":"Layer 7","parent":10,"sr":1,"ks":{"o":{"a":0,"k":100},"r":{"a":0,"k":0},"p":{"a":0,"k":[-60.413,91.251,0]},"a":{"a":0,"k":[0,0,0]},"s":{"a":0,"k":[100,100,100]}},"ao":0,"shapes":[{"ty":"gr","it":[{"ind":0,"ty":"sh","ks":{"a":0,"k":{"i":[[8.112,6.3],[0,0],[-6.3,8.112],[0,0],[-8.112,-6.3],[0,0],[6.3,-8.112],[0,0]],"o":[[0,0],[-8.112,-6.3],[0,0],[6.3,-8.112],[0,0],[8.112,6.3],[0,0],[-6.3,8.112]],"v":[[-26.456,35.862],[-28.196,34.51],[-31.477,8.414],[0.36,-32.581],[26.456,-35.862],[28.196,-34.51],[31.477,-8.414],[-0.36,32.581]],"c":true}},"nm":"Path 1","hd":false},{"ty":"st","c":{"a":0,"k":[0,0,0]},"o":{"a":0,"k":100},"w":{"a":0,"k":15},"lc":2,"lj":1,"ml":10,"bm":0,"nm":"Stroke 1","hd":false},{"ty":"tr","p":{"a":0,"k":[0,0]},"a":{"a":0,"k":[0,0]},"s":{"a":0,"k":[100,100]},"r":{"a":0,"k":0},"o":{"a":0,"k":100},"sk":{"a":0,"k":0},"sa":{"a":0,"k":0},"nm":"Transform"}],"nm":"Group 1","bm":0,"hd":false},{"ty":"tm","s":{"a":1,"k":[{"i":{"x":[0.833],"y":[0.833]},"o":{"x":[0.333],"y":[0]},"t":4,"s":[0]},{"t":14,"s":[100]}]},"e":{"a":0,"k":100},"o":{"a":0,"k":0},"m":1,"nm":"Trim Paths 1","hd":false}],"ip":0,"op":47,"st":0,"bm":0},{"ddd":0,"ind":7,"ty":4,"nm":"Layer 6","parent":10,"sr":1,"ks":{"o":{"a":0,"k":100},"r":{"a":0,"k":0},"p":{"a":0,"k":[-88.019,61.944,0]},"a":{"a":0,"k":[0,0,0]},"s":{"a":0,"k":[100,100,100]}},"ao":0,"shapes":[{"ty":"gr","it":[{"ind":0,"ty":"sh","ks":{"a":0,"k":{"i":[[8.593,6.673],[0,0],[-6.673,8.593],[0,0],[-8.593,-6.673],[0,0],[6.673,-8.593],[0,0]],"o":[[0,0],[-8.593,-6.673],[0,0],[6.673,-8.593],[0,0],[8.593,6.673],[0,0],[-6.673,8.593]],"v":[[-30.874,39.754],[-30.874,39.754],[-34.349,12.112],[3.232,-36.279],[30.874,-39.754],[30.874,-39.754],[34.349,-12.112],[-3.232,36.279]],"c":true}},"nm":"Path 1","hd":false},{"ty":"st","c":{"a":0,"k":[0,0,0]},"o":{"a":0,"k":100},"w":{"a":0,"k":15},"lc":2,"lj":1,"ml":10,"bm":0,"nm":"Stroke 1","hd":false},{"ty":"tr","p":{"a":0,"k":[0,0]},"a":{"a":0,"k":[0,0]},"s":{"a":0,"k":[100,100]},"r":{"a":0,"k":0},"o":{"a":0,"k":100},"sk":{"a":0,"k":0},"sa":{"a":0,"k":0},"nm":"Transform"}],"nm":"Group 1","bm":0,"hd":false},{"ty":"tm","s":{"a":1,"k":[{"i":{"x":[0.833],"y":[0.833]},"o":{"x":[0.333],"y":[0]},"t":2,"s":[0]},{"t":12,"s":[100]}]},"e":{"a":0,"k":100},"o":{"a":0,"k":0},"m":1,"nm":"Trim Paths 1","hd":false}],"ip":0,"op":47,"st":0,"bm":0},{"ddd":0,"ind":8,"ty":4,"nm":"Layer 5","parent":10,"sr":1,"ks":{"o":{"a":0,"k":100},"r":{"a":0,"k":0},"p":{"a":0,"k":[-126.185,46.241,0]},"a":{"a":0,"k":[0,0,0]},"s":{"a":0,"k":[100,100,100]}},"ao":0,"shapes":[{"ty":"gr","it":[{"ind":0,"ty":"sh","ks":{"a":0,"k":{"i":[[8.593,6.673],[0,0],[-6.673,8.593],[0,0],[-8.593,-6.673],[0,0],[6.673,-8.593],[0,0]],"o":[[0,0],[-8.593,-6.673],[0,0],[6.673,-8.593],[0,0],[8.593,6.673],[0,0],[-6.673,8.593]],"v":[[-20.654,26.594],[-20.654,26.594],[-24.129,-1.047],[-6.988,-23.119],[20.654,-26.594],[20.654,-26.594],[24.129,1.047],[6.988,23.119]],"c":true}},"nm":"Path 1","hd":false},{"ty":"st","c":{"a":0,"k":[0,0,0]},"o":{"a":0,"k":100},"w":{"a":0,"k":15},"lc":2,"lj":1,"ml":10,"bm":0,"nm":"Stroke 1","hd":false},{"ty":"tr","p":{"a":0,"k":[0,0]},"a":{"a":0,"k":[0,0]},"s":{"a":0,"k":[100,100]},"r":{"a":0,"k":0},"o":{"a":0,"k":100},"sk":{"a":0,"k":0},"sa":{"a":0,"k":0},"nm":"Transform"}],"nm":"Group 1","bm":0,"hd":false},{"ty":"tm","s":{"a":1,"k":[{"i":{"x":[0.833],"y":[0.833]},"o":{"x":[0.333],"y":[0]},"t":0,"s":[0]},{"t":10,"s":[100]}]},"e":{"a":0,"k":100},"o":{"a":0,"k":0},"m":1,"nm":"Trim Paths 1","hd":false}],"ip":0,"op":47,"st":0,"bm":0},{"ddd":0,"ind":9,"ty":4,"nm":"Layer 4","parent":10,"sr":1,"ks":{"o":{"a":0,"k":100},"r":{"a":0,"k":0},"p":{"a":0,"k":[-20.17,-56.031,0]},"a":{"a":0,"k":[-20.17,-56.031,0]},"s":{"a":0,"k":[100,100,100]}},"ao":0,"shapes":[{"ty":"gr","it":[{"ind":0,"ty":"sh","ks":{"a":0,"k":{"i":[[0,0],[17.666,-2.689],[12.723,-16.262],[0,0],[-8.593,-6.673],[0,0],[-6.673,8.593],[0,0]],"o":[[-15.676,-1.544],[-20.413,3.108],[0,0],[-6.673,8.593],[0,0],[8.593,6.673],[0,0],[0,0]],"v":[[46.11,-102.621],[-7.824,-100.177],[-59.362,-69.89],[-82.307,-40.563],[-78.832,-12.921],[-78.832,-12.921],[-51.19,-16.397],[-13.609,-64.788]],"c":false}},"nm":"Path 1","hd":false},{"ty":"st","c":{"a":0,"k":[0,0,0]},"o":{"a":0,"k":100},"w":{"a":0,"k":15},"lc":2,"lj":1,"ml":10,"bm":0,"nm":"Stroke 1","hd":false},{"ty":"tr","p":{"a":0,"k":[0,0]},"a":{"a":0,"k":[0,0]},"s":{"a":0,"k":[100,100]},"r":{"a":0,"k":0},"o":{"a":0,"k":100},"sk":{"a":0,"k":0},"sa":{"a":0,"k":0},"nm":"Transform"}],"nm":"Group 1","bm":0,"hd":false},{"ty":"tm","s":{"a":0,"k":0},"e":{"a":1,"k":[{"i":{"x":[0.25],"y":[1]},"o":{"x":[0.333],"y":[0]},"t":2,"s":[100]},{"i":{"x":[0.667],"y":[1]},"o":{"x":[0.664],"y":[0]},"t":15,"s":[33]},{"t":36,"s":[100]}]},"o":{"a":0,"k":0},"m":1,"nm":"Trim Paths 1","hd":false}],"ip":0,"op":47,"st":0,"bm":0},{"ddd":0,"ind":10,"ty":4,"nm":"Layer 3","sr":1,"ks":{"o":{"a":0,"k":100},"r":{"a":1,"k":[{"i":{"x":[0.313],"y":[1]},"o":{"x":[0.333],"y":[0]},"t":2,"s":[0]},{"i":{"x":[0.667],"y":[1]},"o":{"x":[0.641],"y":[0]},"t":14,"s":[6]},{"i":{"x":[0.667],"y":[1]},"o":{"x":[0.333],"y":[0]},"t":26,"s":[-4]},{"i":{"x":[0.667],"y":[1]},"o":{"x":[0.333],"y":[0]},"t":32,"s":[2]},{"t":38,"s":[0]}]},"p":{"a":0,"k":[460.647,220.724,0]},"a":{"a":0,"k":[172.647,-67.276,0]},"s":{"a":0,"k":[100,100,100]}},"ao":0,"shapes":[{"ty":"gr","it":[{"ind":0,"ty":"sh","ks":{"a":0,"k":{"i":[[-3.916,3.214],[0,0],[2.991,3.851],[0,0],[3.916,-3.214],[0,0],[-2.991,-3.851],[0,0]],"o":[[0,0],[3.769,-3.094],[0,0],[-3.107,-4.001],[0,0],[-3.769,3.094],[0,0],[3.107,4.001]],"v":[[203.926,16.143],[245.228,-17.754],[246.626,-30.231],[154.186,-149.259],[141.368,-150.696],[100.067,-116.798],[98.668,-104.321],[191.108,14.707]],"c":true}},"nm":"Path 1","hd":false},{"ty":"st","c":{"a":0,"k":[0.184,0.482,0.463]},"o":{"a":0,"k":100},"w":{"a":0,"k":15},"lc":2,"lj":2,"bm":0,"nm":"Stroke 1","hd":false},{"ty":"tr","p":{"a":0,"k":[0,0]},"a":{"a":0,"k":[0,0]},"s":{"a":0,"k":[100,100]},"r":{"a":0,"k":0},"o":{"a":0,"k":100},"sk":{"a":0,"k":0},"sa":{"a":0,"k":0},"nm":"Transform"}],"nm":"Group 1","bm":0,"hd":false}],"ip":0,"op":47,"st":0,"bm":0},{"ddd":0,"ind":11,"ty":4,"nm":"Layer 2","parent":12,"sr":1,"ks":{"o":{"a":0,"k":100},"r":{"a":0,"k":0},"p":{"a":0,"k":[239.879,110.129,0]},"a":{"a":0,"k":[67.231,42.853,0]},"s":{"a":0,"k":[100,100,100]}},"ao":0,"shapes":[{"ty":"gr","it":[{"ind":0,"ty":"sh","ks":{"a":0,"k":{"i":[[0,0],[4.632,-8.023],[0,0],[8.023,4.632],[0,0]],"o":[[8.023,4.632],[0,0],[-4.632,8.023],[0,0],[0,0]],"v":[[42.02,114.122],[48.16,137.036],[45.234,142.103],[22.32,148.243],[-9.85,129.669]],"c":false}},"nm":"Path 1","hd":false},{"ty":"st","c":{"a":0,"k":[0,0,0]},"o":{"a":0,"k":100},"w":{"a":0,"k":15},"lc":2,"lj":1,"ml":10,"bm":0,"nm":"Stroke 1","hd":false},{"ty":"tr","p":{"a":0,"k":[0,0]},"a":{"a":0,"k":[0,0]},"s":{"a":0,"k":[100,100]},"r":{"a":0,"k":0},"o":{"a":0,"k":100},"sk":{"a":0,"k":0},"sa":{"a":0,"k":0},"nm":"Transform"}],"nm":"Group 1","bm":0,"hd":false},{"ty":"gr","it":[{"ind":0,"ty":"sh","ks":{"a":0,"k":{"i":[[0,0],[5.136,-8.895],[0,0],[8.895,5.136],[0,0]],"o":[[8.895,5.136],[0,0],[-5.136,8.895],[0,0],[0,0]],"v":[[77.98,89.215],[84.787,114.62],[83.686,116.528],[58.28,123.335],[33.155,108.829]],"c":false}},"nm":"Path 1","hd":false},{"ty":"st","c":{"a":0,"k":[0,0,0]},"o":{"a":0,"k":100},"w":{"a":0,"k":15},"lc":2,"lj":1,"ml":10,"bm":0,"nm":"Stroke 1","hd":false},{"ty":"tr","p":{"a":0,"k":[0,0]},"a":{"a":0,"k":[0,0]},"s":{"a":0,"k":[100,100]},"r":{"a":0,"k":0},"o":{"a":0,"k":100},"sk":{"a":0,"k":0},"sa":{"a":0,"k":0},"nm":"Transform"}],"nm":"Group 2","bm":0,"hd":false},{"ty":"gr","it":[{"ind":0,"ty":"sh","ks":{"a":0,"k":{"i":[[0,0],[0,0],[0,0],[0,0],[5.46,-9.42],[6.81,0],[3.09,1.77],[0,0]],"o":[[0,0],[0,0],[0,0],[9.42,5.43],[-3.66,6.33],[-3.33,0],[0,0],[0,0]],"v":[[84.21,46.887],[108,60.627],[108.42,60.867],[110.37,61.977],[117.57,88.887],[100.47,98.757],[90.66,96.117],[57.87,77.157]],"c":false}},"nm":"Path 1","hd":false},{"ty":"st","c":{"a":0,"k":[0,0,0]},"o":{"a":0,"k":100},"w":{"a":0,"k":15},"lc":2,"lj":1,"ml":10,"bm":0,"nm":"Stroke 1","hd":false},{"ty":"tr","p":{"a":0,"k":[0,0]},"a":{"a":0,"k":[0,0]},"s":{"a":0,"k":[100,100]},"r":{"a":0,"k":0},"o":{"a":0,"k":100},"sk":{"a":0,"k":0},"sa":{"a":0,"k":0},"nm":"Transform"}],"nm":"Group 3","bm":0,"hd":false},{"ty":"gr","it":[{"ind":0,"ty":"sh","ks":{"a":0,"k":{"i":[[0,0],[5.44,-9.422],[0,0],[9.422,5.44],[0,0]],"o":[[9.422,5.44],[0,0],[-5.44,9.422],[0,0],[0,0]],"v":[[138.219,32.134],[145.429,59.044],[145.429,59.044],[118.519,66.254],[108,60.615]],"c":false}},"nm":"Path 1","hd":false},{"ty":"st","c":{"a":0,"k":[0,0,0]},"o":{"a":0,"k":100},"w":{"a":0,"k":15},"lc":2,"lj":1,"ml":10,"bm":0,"nm":"Stroke 1","hd":false},{"ty":"tr","p":{"a":0,"k":[0,0]},"a":{"a":0,"k":[0,0]},"s":{"a":0,"k":[100,100]},"r":{"a":0,"k":0},"o":{"a":0,"k":100},"sk":{"a":0,"k":0},"sa":{"a":0,"k":0},"nm":"Transform"}],"nm":"Group 4","bm":0,"hd":false},{"ty":"gr","it":[{"ind":0,"ty":"sh","ks":{"a":0,"k":{"i":[[0,0],[25.82,14.707]],"o":[[-31.698,-20.658],[0,0]],"v":[[138.219,32.134],[-13.609,-64.788]],"c":false}},"nm":"Path 1","hd":false},{"ty":"st","c":{"a":0,"k":[0,0,0]},"o":{"a":0,"k":100},"w":{"a":0,"k":15},"lc":2,"lj":1,"ml":10,"bm":0,"nm":"Stroke 1","hd":false},{"ty":"tr","p":{"a":0,"k":[0,0]},"a":{"a":0,"k":[0,0]},"s":{"a":0,"k":[100,100]},"r":{"a":0,"k":0},"o":{"a":0,"k":100},"sk":{"a":0,"k":0},"sa":{"a":0,"k":0},"nm":"Transform"}],"nm":"Group 5","bm":0,"hd":false},{"ty":"tm","s":{"a":0,"k":12},"e":{"a":1,"k":[{"i":{"x":[0.223],"y":[1]},"o":{"x":[0.333],"y":[0]},"t":2,"s":[100]},{"i":{"x":[0.667],"y":[1]},"o":{"x":[0.719],"y":[0]},"t":14,"s":[72]},{"t":36,"s":[100]}]},"o":{"a":0,"k":0},"m":1,"nm":"Trim Paths 1","hd":false}],"ip":0,"op":47,"st":0,"bm":0},{"ddd":0,"ind":12,"ty":4,"nm":"Layer 1","sr":1,"ks":{"o":{"a":0,"k":100},"r":{"a":1,"k":[{"i":{"x":[0.313],"y":[1]},"o":{"x":[0.333],"y":[0]},"t":0,"s":[0]},{"i":{"x":[0.667],"y":[1]},"o":{"x":[0.641],"y":[0]},"t":12,"s":[6]},{"i":{"x":[0.667],"y":[1]},"o":{"x":[0.333],"y":[0]},"t":24,"s":[-4]},{"i":{"x":[0.667],"y":[1]},"o":{"x":[0.333],"y":[0]},"t":30,"s":[2]},{"t":36,"s":[0]}]},"p":{"a":0,"k":[115.353,220.724,0]},"a":{"a":0,"k":[0,0,0]},"s":{"a":0,"k":[100,100,100]}},"ao":0,"shapes":[{"ty":"gr","it":[{"ind":0,"ty":"sh","ks":{"a":0,"k":{"i":[[3.916,3.214],[0,0],[-2.991,3.851],[0,0],[-3.916,-3.214],[0,0],[2.991,-3.851],[0,0]],"o":[[0,0],[-3.769,-3.094],[0,0],[3.107,-4.001],[0,0],[3.769,3.094],[0,0],[-3.107,4.001]],"v":[[-31.279,83.419],[-72.58,49.522],[-73.979,37.045],[18.461,-81.983],[31.279,-83.419],[72.58,-49.522],[73.979,-37.045],[-18.461,81.983]],"c":true}},"nm":"Path 1","hd":false},{"ty":"st","c":{"a":0,"k":[0.184,0.482,0.463]},"o":{"a":0,"k":100},"w":{"a":0,"k":15},"lc":2,"lj":2,"bm":0,"nm":"Stroke 1","hd":false},{"ty":"tr","p":{"a":0,"k":[0,0]},"a":{"a":0,"k":[0,0]},"s":{"a":0,"k":[100,100]},"r":{"a":0,"k":0},"o":{"a":0,"k":100},"sk":{"a":0,"k":0},"sa":{"a":0,"k":0},"nm":"Transform"}],"nm":"Group 1","bm":0,"hd":false}],"ip":0,"op":47,"st":0,"bm":0}],"markers":[]}