{"v":"5.7.14","fr":30,"ip":0,"op":46,"w":576,"h":576,"nm":"Goal","ddd":0,"assets":[],"layers":[{"ddd":0,"ind":1,"ty":4,"nm":"Layer 5","parent":2,"sr":1,"ks":{"o":{"a":0,"k":100},"r":{"a":0,"k":0},"p":{"a":0,"k":[129.778,-132.444,0]},"a":{"a":0,"k":[0,0,0]},"s":{"a":0,"k":[100,100,100]}},"ao":0,"shapes":[{"ty":"gr","it":[{"ind":0,"ty":"sh","ks":{"a":0,"k":{"i":[[0,0],[0,0],[0,0],[0,0],[0,0],[0,0]],"o":[[0,0],[0,0],[0,0],[0,0],[0,0],[0,0]],"v":[[8,-8.003],[8,-48.669],[-48.667,7.998],[-44.001,43.998],[-8,48.669],[48.667,-7.998]],"c":true}},"nm":"Path 1","hd":false},{"ty":"st","c":{"a":0,"k":[0.0941176489,0.074509806931,0.192156866193,1]},"o":{"a":0,"k":100},"w":{"a":0,"k":15},"lc":2,"lj":2,"bm":0,"nm":"Stroke 1","hd":false},{"ty":"tr","p":{"a":0,"k":[0,0]},"a":{"a":0,"k":[0,0]},"s":{"a":0,"k":[100,100]},"r":{"a":0,"k":0},"o":{"a":0,"k":100},"sk":{"a":0,"k":0},"sa":{"a":0,"k":0},"nm":"Transform"}],"nm":"Group 1","bm":0,"hd":false}],"ip":0,"op":46,"st":0,"bm":0},{"ddd":0,"ind":2,"ty":4,"nm":"Layer 4","sr":1,"ks":{"o":{"a":0,"k":100},"r":{"a":1,"k":[{"i":{"x":[0.313],"y":[1]},"o":{"x":[0.333],"y":[0]},"t":10,"s":[0]},{"i":{"x":[0.667],"y":[1]},"o":{"x":[0.641],"y":[0]},"t":18,"s":[6]},{"i":{"x":[0.667],"y":[1]},"o":{"x":[0.333],"y":[0]},"t":26,"s":[-4]},{"i":{"x":[0.667],"y":[1]},"o":{"x":[0.333],"y":[0]},"t":30,"s":[2]},{"t":34,"s":[0]}]},"p":{"a":1,"k":[{"i":{"x":0.16,"y":1},"o":{"x":0.333,"y":0},"t":0,"s":[257.054,320.279,0],"to":[5.333,-5.333,0],"ti":[0,0,0]},{"i":{"x":1,"y":1},"o":{"x":0.991,"y":0},"t":5,"s":[289.054,288.279,0],"to":[0,0,0],"ti":[5.333,-5.333,0]},{"t":10,"s":[257.054,320.279,0]}]},"a":{"a":0,"k":[-87.444,87.444,0]},"s":{"a":0,"k":[100,100,100]}},"ao":0,"shapes":[{"ty":"gr","it":[{"ind":0,"ty":"sh","ks":{"a":0,"k":{"i":[[0,0],[0,0]],"o":[[0,0],[0,0]],"v":[[-87.444,87.444],[87.444,-87.444]],"c":false}},"nm":"Path 1","hd":false},{"ty":"st","c":{"a":0,"k":[0.0941176489,0.074509806931,0.192156866193,1]},"o":{"a":0,"k":100},"w":{"a":0,"k":15},"lc":2,"lj":2,"bm":0,"nm":"Stroke 1","hd":false},{"ty":"tr","p":{"a":0,"k":[0,0]},"a":{"a":0,"k":[0,0]},"s":{"a":0,"k":[100,100]},"r":{"a":0,"k":0},"o":{"a":0,"k":100},"sk":{"a":0,"k":0},"sa":{"a":0,"k":0},"nm":"Transform"}],"nm":"Group 1","bm":0,"hd":false}],"ip":0,"op":46,"st":0,"bm":0},{"ddd":0,"ind":3,"ty":4,"nm":"Layer 1","sr":1,"ks":{"o":{"a":0,"k":100},"r":{"a":0,"k":0},"p":{"a":0,"k":[257.054,320.279,0]},"a":{"a":0,"k":[0,0,0]},"s":{"a":1,"k":[{"i":{"x":[0.335,0.335,0.667],"y":[1,1,1]},"o":{"x":[0.333,0.333,0.333],"y":[0,0,0]},"t":10,"s":[100,100,100]},{"i":{"x":[0.667,0.667,0.667],"y":[1,1,1]},"o":{"x":[0.596,0.596,0.333],"y":[0,0,0]},"t":16,"s":[112,112,100]},{"t":27,"s":[100,100,100]}]}},"ao":0,"shapes":[{"ty":"gr","it":[{"ind":0,"ty":"sh","ks":{"a":0,"k":{"i":[[0,-29.102],[29.102,0],[0,29.102],[-29.102,0]],"o":[[0,29.102],[-29.102,0],[0,-29.102],[29.102,0]],"v":[[52.694,0],[0,52.694],[-52.694,0],[0,-52.694]],"c":true}},"nm":"Path 1","hd":false},{"ty":"fl","c":{"a":0,"k":[0.470588237047,0.333333343267,0.952941179276,1]},"o":{"a":0,"k":100},"r":1,"bm":0,"nm":"Fill 1","hd":false},{"ty":"tr","p":{"a":0,"k":[0,0]},"a":{"a":0,"k":[0,0]},"s":{"a":0,"k":[100,100]},"r":{"a":0,"k":0},"o":{"a":0,"k":100},"sk":{"a":0,"k":0},"sa":{"a":0,"k":0},"nm":"Transform"}],"nm":"Group 1","bm":0,"hd":false}],"ip":0,"op":46,"st":0,"bm":0},{"ddd":0,"ind":4,"ty":4,"nm":"Layer 2","sr":1,"ks":{"o":{"a":0,"k":100},"r":{"a":1,"k":[{"i":{"x":[0],"y":[1]},"o":{"x":[0.333],"y":[0]},"t":10,"s":[0]},{"t":30,"s":[360]}]},"p":{"a":0,"k":[257.054,320.279,0]},"a":{"a":0,"k":[0,0,0]},"s":{"a":1,"k":[{"i":{"x":[0.335,0.335,0.667],"y":[1,1,1]},"o":{"x":[0.333,0.333,0.333],"y":[0,0,0]},"t":12,"s":[100,100,100]},{"i":{"x":[0.667,0.667,0.667],"y":[1,1,1]},"o":{"x":[0.596,0.596,0.333],"y":[0,0,0]},"t":18,"s":[112,112,100]},{"t":29,"s":[100,100,100]}]}},"ao":0,"shapes":[{"ty":"gr","it":[{"ind":0,"ty":"sh","ks":{"a":0,"k":{"i":[[0,0],[0,-36.218],[72.902,0],[0,72.902],[-72.902,0],[-18.312,-9.615]],"o":[[23.619,23.85],[0,72.902],[-72.902,0],[0,-72.902],[22.118,0],[0,0]],"v":[[93.795,-92.88],[132.001,0],[0,132.001],[-132.001,0],[0,-132.001],[61.278,-116.946]],"c":false}},"nm":"Path 1","hd":false},{"ty":"st","c":{"a":0,"k":[0.0941176489,0.074509806931,0.192156866193,1]},"o":{"a":0,"k":100},"w":{"a":0,"k":15},"lc":2,"lj":2,"bm":0,"nm":"Stroke 1","hd":false},{"ty":"tr","p":{"a":0,"k":[0,0]},"a":{"a":0,"k":[0,0]},"s":{"a":0,"k":[100,100]},"r":{"a":0,"k":0},"o":{"a":0,"k":100},"sk":{"a":0,"k":0},"sa":{"a":0,"k":0},"nm":"Transform"}],"nm":"Group 1","bm":0,"hd":false}],"ip":0,"op":46,"st":0,"bm":0},{"ddd":0,"ind":5,"ty":4,"nm":"Layer 3","sr":1,"ks":{"o":{"a":0,"k":100},"r":{"a":0,"k":0},"p":{"a":0,"k":[257.054,320.279,0]},"a":{"a":0,"k":[0,0,0]},"s":{"a":1,"k":[{"i":{"x":[0.335,0.335,0.667],"y":[1,1,1]},"o":{"x":[0.333,0.333,0.333],"y":[0,0,0]},"t":14,"s":[100,100,100]},{"i":{"x":[0.667,0.667,0.667],"y":[1,1,1]},"o":{"x":[0.596,0.596,0.333],"y":[0,0,0]},"t":20,"s":[112,112,100]},{"t":31,"s":[100,100,100]}]}},"ao":0,"shapes":[{"ty":"gr","it":[{"ind":0,"ty":"sh","ks":{"a":0,"k":{"i":[[0,-112.666],[112.666,0],[0,112.666],[-112.666,0]],"o":[[0,112.666],[-112.666,0],[0,-112.666],[112.666,0]],"v":[[204,0],[0,204],[-204,0],[0,-204]],"c":true}},"nm":"Path 1","hd":false},{"ty":"st","c":{"a":0,"k":[0.0941176489,0.074509806931,0.192156866193,1]},"o":{"a":0,"k":100},"w":{"a":0,"k":15},"lc":2,"lj":2,"bm":0,"nm":"Stroke 1","hd":false},{"ty":"tr","p":{"a":0,"k":[0,0]},"a":{"a":0,"k":[0,0]},"s":{"a":0,"k":[100,100]},"r":{"a":0,"k":0},"o":{"a":0,"k":100},"sk":{"a":0,"k":0},"sa":{"a":0,"k":0},"nm":"Transform"}],"nm":"Group 1","bm":0,"hd":false}],"ip":0,"op":46,"st":0,"bm":0}],"markers":[]}